
PROM0.bin:     file format binary


Disassembly of section .data:

00007000 <.data>:
    7000:	f880 	fb     0xb360
    7001:	b360 
    7002:	fc00 	ret    
    7003:	ccf3 	st     a,*ar5 || mpy    *ar5+0%,a
    7004:	ccee 	st     a,*ar4+0% || mpy    *ar4+0%,a
    7005:	cce9 	st     a,*ar3+ || mpy    *ar4+0%,a
    7006:	cce4 	st     a,*ar2- || mpy    *ar4+0%,a
    7007:	ccf3 	st     a,*ar5 || mpy    *ar5+0%,a
    7008:	ccee 	st     a,*ar4+0% || mpy    *ar4+0%,a
    7009:	cce9 	st     a,*ar3+ || mpy    *ar4+0%,a
    700a:	cce4 	st     a,*ar2- || mpy    *ar4+0%,a
    700b:	dd87 	st     a,*ar5- || masr   *ar2+,b
    700c:	dd82 	st     a,*ar4 || masr   *ar2+,b
    700d:	dd7d 	st     a,*ar3+0% || masr   *ar5-,b
    700e:	dd78 	st     a,*ar2+ || masr   *ar5-,b
    700f:	dd73 	st     a,*ar5 || masr   *ar5-,b
    7010:	dd6e 	st     a,*ar4+0% || masr   *ar4-,b
    7011:	dd69 	st     a,*ar3+ || masr   *ar4-,b
    7012:	dd64 	st     a,*ar2- || masr   *ar4-,b
    7013:	4a1d 	pshm   pmst
    7014:	4a07 	pshm   st1
    7015:	4a06 	pshm   st0
    7016:	4a11 	pshm   ar1
    7017:	4a16 	pshm   ar6
    7018:	4a17 	pshm   ar7
    7019:	7706 	stm    #0,st0
    701a:	0000 
    701b:	7707 	stm    #10496,st1
    701c:	2900 
    701d:	f4e3 	cala   a
    701e:	8a17 	popm   ar7
    701f:	8a16 	popm   ar6
    7020:	8a11 	popm   ar1
    7021:	8a06 	popm   st0
    7022:	8a07 	popm   st1
    7023:	8a1d 	popm   pmst
    7024:	fc00 	ret    
    7025:	f074 	call   0x13b
    7026:	013b 
    7027:	7707 	stm    #26880,st1
    7028:	6900 
    7029:	7706 	stm    #0,st0
    702a:	0000 
    702b:	68f8 	andm   #-4,*(0x1d)
    702c:	001d 
    702d:	fffc 
    702e:	10f8 	ld     *(0x3f65),a
    702f:	3f65 
    7030:	f4e3 	cala   a
    7031:	60f8 	cmpm   *(0x3f70),#2
    7032:	3f70 
    7033:	0002 
    7034:	f830 	bc     0x703b,tc
    7035:	703b 
    7036:	7318 	mvmd   sp,0x3f6e
    7037:	3f6e 
    7038:	70f8 	mvkd   0x3fcf,*(0x3f6f)
    7039:	3f6f 
    703a:	3fcf 
    703b:	f074 	call   0xc8e9
    703c:	c8e9 
    703d:	10f8 	ld     *(0x3f5f),a
    703e:	3f5f 
    703f:	f4e2 	bacc   a
    7040:	f074 	call   0x13b
    7041:	013b 
    7042:	7707 	stm    #26880,st1
    7043:	6900 
    7044:	7706 	stm    #0,st0
    7045:	0000 
    7046:	68f8 	andm   #-4,*(0x1d)
    7047:	001d 
    7048:	fffc 
    7049:	10f8 	ld     *(0x3f65),a
    704a:	3f65 
    704b:	f4e3 	cala   a
    704c:	60f8 	cmpm   *(0x3f70),#2
    704d:	3f70 
    704e:	0002 
    704f:	f830 	bc     0x7053,tc
    7050:	7053 
    7051:	7318 	mvmd   sp,0x3f6e
    7052:	3f6e 
    7053:	f074 	call   0xc93f
    7054:	c93f 
    7055:	10f8 	ld     *(0x3f5f),a
    7056:	3f5f 
    7057:	f4e2 	bacc   a
    7058:	f074 	call   0x13b
    7059:	013b 
    705a:	7707 	stm    #26880,st1
    705b:	6900 
    705c:	7706 	stm    #0,st0
    705d:	0000 
    705e:	68f8 	andm   #-4,*(0x1d)
    705f:	001d 
    7060:	fffc 
    7061:	10f8 	ld     *(0x3f65),a
    7062:	3f65 
    7063:	f4e3 	cala   a
    7064:	60f8 	cmpm   *(0x3f70),#2
    7065:	3f70 
    7066:	0002 
    7067:	f830 	bc     0x706b,tc
    7068:	706b 
    7069:	7318 	mvmd   sp,0x3f6e
    706a:	3f6e 
    706b:	f074 	call   0xc98d
    706c:	c98d 
    706d:	10f8 	ld     *(0x3f5f),a
    706e:	3f5f 
    706f:	f4e2 	bacc   a
    7070:	f074 	call   0x13b
    7071:	013b 
    7072:	7707 	stm    #26880,st1
    7073:	6900 
    7074:	7706 	stm    #0,st0
    7075:	0000 
    7076:	68f8 	andm   #-4,*(0x1d)
    7077:	001d 
    7078:	fffc 
    7079:	10f8 	ld     *(0x3f65),a
    707a:	3f65 
    707b:	f4e3 	cala   a
    707c:	f074 	call   0xc9f7
    707d:	c9f7 
    707e:	10f8 	ld     *(0x3f5f),a
    707f:	3f5f 
    7080:	f4e2 	bacc   a
    7081:	f074 	call   0x13b
    7082:	013b 
    7083:	7707 	stm    #26880,st1
    7084:	6900 
    7085:	7706 	stm    #0,st0
    7086:	0000 
    7087:	68f8 	andm   #-4,*(0x1d)
    7088:	001d 
    7089:	fffc 
    708a:	10f8 	ld     *(0x3f65),a
    708b:	3f65 
    708c:	f4e3 	cala   a
    708d:	f074 	call   0xca1f
    708e:	ca1f 
    708f:	10f8 	ld     *(0x3f5f),a
    7090:	3f5f 
    7091:	f4e2 	bacc   a
    7092:	f074 	call   0x13b
    7093:	013b 
    7094:	7707 	stm    #26880,st1
    7095:	6900 
    7096:	7706 	stm    #0,st0
    7097:	0000 
    7098:	68f8 	andm   #-4,*(0x1d)
    7099:	001d 
    709a:	fffc 
    709b:	f074 	call   0xcab5
    709c:	cab5 
    709d:	10f8 	ld     *(0x3f5f),a
    709e:	3f5f 
    709f:	f4e2 	bacc   a
    70a0:	f074 	call   0x13b
    70a1:	013b 
    70a2:	7707 	stm    #26880,st1
    70a3:	6900 
    70a4:	7706 	stm    #0,st0
    70a5:	0000 
    70a6:	68f8 	andm   #-4,*(0x1d)
    70a7:	001d 
    70a8:	fffc 
    70a9:	10f8 	ld     *(0x3f6c),a
    70aa:	3f6c 
    70ab:	f4e3 	cala   a
    70ac:	60f8 	cmpm   *(0x3f70),#2
    70ad:	3f70 
    70ae:	0002 
    70af:	f830 	bc     0x70b3,tc
    70b0:	70b3 
    70b1:	7318 	mvmd   sp,0x3f6e
    70b2:	3f6e 
    70b3:	f074 	call   0xbb40
    70b4:	bb40 
    70b5:	10f8 	ld     *(0x3f5f),a
    70b6:	3f5f 
    70b7:	f4e2 	bacc   a
    70b8:	f074 	call   0x13b
    70b9:	013b 
    70ba:	7707 	stm    #26880,st1
    70bb:	6900 
    70bc:	7706 	stm    #0,st0
    70bd:	0000 
    70be:	68f8 	andm   #-4,*(0x1d)
    70bf:	001d 
    70c0:	fffc 
    70c1:	10f8 	ld     *(0x3f6c),a
    70c2:	3f6c 
    70c3:	f4e3 	cala   a
    70c4:	e80e 	ld     #14,a
    70c5:	11f8 	ld     *(0x3f63),b
    70c6:	3f63 
    70c7:	f5e3 	cala   b
    70c8:	71f8 	mvdk   *(0x98a),0x98c
    70c9:	098a 
    70ca:	098c 
    70cb:	10f8 	ld     *(0x3f5f),a
    70cc:	3f5f 
    70cd:	f4e2 	bacc   a
    70ce:	f7bb 	ssbx   st1,intm
    70cf:	f062 	ld     #0,16,a
    70d0:	0000 
    70d1:	82f8 	sth    a,*(0x4bcf)
    70d2:	4bcf 
    70d3:	f981 	fcall  0x1b102
    70d4:	b102 
    70d5:	f074 	call   0x7132
    70d6:	7132 
    70d7:	68f8 	andm   #-16048,*(0x0)
    70d8:	0000 
    70d9:	c150 
    70da:	7701 	stm    #16047,ifr
    70db:	3eaf 
    70dc:	7707 	stm    #26880,st1
    70dd:	6900 
    70de:	7706 	stm    #0,st0
    70df:	0000 
    70e0:	7211 	mvdm   0x3fc1,ar1
    70e1:	3fc1 
    70e2:	7212 	mvdm   0x3fc2,ar2
    70e3:	3fc2 
    70e4:	10e1 	ld     *ar1(0x0),a
    70e5:	0000 
    70e6:	80e2 	stl    a,*ar2(0x0)
    70e7:	0000 
    70e8:	10e1 	ld     *ar1(0x1),a
    70e9:	0001 
    70ea:	80e2 	stl    a,*ar2(0x1)
    70eb:	0001 
    70ec:	10e1 	ld     *ar1(0x2),a
    70ed:	0002 
    70ee:	80e2 	stl    a,*ar2(0x2)
    70ef:	0002 
    70f0:	10e1 	ld     *ar1(0x3),a
    70f1:	0003 
    70f2:	80e2 	stl    a,*ar2(0x3)
    70f3:	0003 
    70f4:	10e1 	ld     *ar1(0x4),a
    70f5:	0004 
    70f6:	80e2 	stl    a,*ar2(0x4)
    70f7:	0004 
    70f8:	10e1 	ld     *ar1(0x6),a
    70f9:	0006 
    70fa:	80e2 	stl    a,*ar2(0x6)
    70fb:	0006 
    70fc:	68f8 	andm   #-2,*(0x9bc)
    70fd:	09bc 
    70fe:	fffe 
    70ff:	76f8 	st     #28956,*(0x3f6d)
    7100:	3f6d 
    7101:	711c 
    7102:	f074 	call   0xd247
    7103:	d247 
    7104:	60f8 	cmpm   *(0x3f70),#0
    7105:	3f70 
    7106:	0000 
    7107:	f830 	bc     0x711c,tc
    7108:	711c 
    7109:	f7bb 	ssbx   st1,intm
    710a:	7218 	mvdm   0x3f6e,sp
    710b:	3f6e 
    710c:	76f8 	st     #2,*(0x3f70)
    710d:	3f70 
    710e:	0002 
    710f:	10f8 	ld     *(0x4c5c),a
    7110:	4c5c 
    7111:	f4e3 	cala   a
    7112:	f7bb 	ssbx   st1,intm
    7113:	76f8 	st     #1,*(0x3f70)
    7114:	3f70 
    7115:	0001 
    7116:	70f8 	mvkd   0x3f6f,*(0x3fcf)
    7117:	3fcf 
    7118:	3f6f 
    7119:	10f8 	ld     *(0x3fe1),a
    711a:	3fe1 
    711b:	f4e2 	bacc   a
    711c:	7707 	stm    #26880,st1
    711d:	6900 
    711e:	7706 	stm    #0,st0
    711f:	0000 
    7120:	7718 	stm    #23240,sp
    7121:	5ac8 
    7122:	76f8 	st     #29175,*(0x3f6d)
    7123:	3f6d 
    7124:	71f7 
    7125:	10f8 	ld     *(0x4c5b),a
    7126:	4c5b 
    7127:	f4e2 	bacc   a
    7128:	f7bb 	ssbx   st1,intm
    7129:	7707 	stm    #10496,st1
    712a:	2900 
    712b:	7706 	stm    #0,st0
    712c:	0000 
    712d:	68f8 	andm   #-3,*(0x9bc)
    712e:	09bc 
    712f:	fffd 
    7130:	f073 	b      0xb3a6
    7131:	b3a6 
    7132:	f0c0 	xor    a
    7133:	771a 	stm    #15,brc
    7134:	000f 
    7135:	69f8 	orm    #-28672,*(0x3f92)
    7136:	3f92 
    7137:	9000 
    7138:	f272 	rptbd  0x713c
    7139:	713c 
    713a:	7715 	stm    #16275,ar5
    713b:	3f93 
    713c:	8095 	stl    a,*ar5+
    713d:	fc00 	ret    
    713e:	4a11 	pshm   ar1
    713f:	8812 	stlm   a,ar2
    7140:	f495 	nop    
    7141:	7103 	mvdk   DP+0x03,0x11
    7142:	0011 
    7143:	7102 	mvdk   DP+0x02,0x13
    7144:	0013 
    7145:	e720 	mvmm   ar2,ar0
    7146:	f4ab 	cmpr   eq,ar3
    7147:	f830 	bc     0x7154,tc
    7148:	7154 
    7149:	6c81 	banz   0x714d,*ar1
    714a:	714d 
    714b:	f073 	b      0x7154
    714c:	7154 
    714d:	6d89 	mar    *ar1-
    714e:	71f8 	mvdk   *(0x11),0x1a
    714f:	0011 
    7150:	001a 
    7151:	f072 	rptb   0x7153
    7152:	7153 
    7153:	e589 	mvdd   *ar2+,*ar3+
    7154:	8a11 	popm   ar1
    7155:	fc00 	ret    
    7156:	4a11 	pshm   ar1
    7157:	f495 	nop    
    7158:	7103 	mvdk   DP+0x03,0x11
    7159:	0011 
    715a:	7102 	mvdk   DP+0x02,0x14
    715b:	0014 
    715c:	8812 	stlm   a,ar2
    715d:	4911 	ldm    ar1,b
    715e:	f84d 	bc     0x716f,beq
    715f:	716f 
    7160:	6d89 	mar    *ar1-
    7161:	71f8 	mvdk   *(0x11),0x1a
    7162:	0011 
    7163:	001a 
    7164:	f6b8 	rsbx   st1,sxm
    7165:	f272 	rptbd  0x716e
    7166:	716e 
    7167:	7710 	stm    #255,ar0
    7168:	00ff 
    7169:	4810 	ldm    ar0,a
    716a:	1192 	ld     *ar2+,b
    716b:	f298 	and    b,-8,a
    716c:	9508 	ld     *ar2,8,b
    716d:	f2a0 	or     b,a
    716e:	8094 	stl    a,*ar4+
    716f:	8a11 	popm   ar1
    7170:	fc00 	ret    
    7171:	4a11 	pshm   ar1
    7172:	eeff 	frame  -1
    7173:	8812 	stlm   a,ar2
    7174:	f495 	nop    
    7175:	7104 	mvdk   DP+0x04,0x11
    7176:	0011 
    7177:	7103 	mvdk   DP+0x03,0x13
    7178:	0013 
    7179:	4811 	ldm    ar1,a
    717a:	f845 	bc     0x7186,aeq
    717b:	7186 
    717c:	e784 	mvmm   sp,ar4
    717d:	6d89 	mar    *ar1-
    717e:	71f8 	mvdk   *(0x11),0x1a
    717f:	0011 
    7180:	001a 
    7181:	f072 	rptb   0x7185
    7182:	7185 
    7183:	e582 	mvdd   *ar2+,*ar4
    7184:	e589 	mvdd   *ar2+,*ar3+
    7185:	e529 	mvdd   *ar4,*ar3+
    7186:	ee01 	frame  1
    7187:	8a11 	popm   ar1
    7188:	fc00 	ret    
    7189:	f980 	fcall  0x770a
    718a:	770a 
    718b:	fc00 	ret    
    718c:	f980 	fcall  0x7a16
    718d:	7a16 
    718e:	fc00 	ret    
    718f:	f980 	fcall  0x7a19
    7190:	7a19 
    7191:	fc00 	ret    
    7192:	f981 	fcall  0x1b0fc
    7193:	b0fc 
    7194:	fc00 	ret    
    7195:	f981 	fcall  0x1b0ff
    7196:	b0ff 
    7197:	fc00 	ret    
    7198:	f980 	fcall  0xf44a
    7199:	f44a 
    719a:	fc00 	ret    
    719b:	f980 	fcall  0xf44d
    719c:	f44d 
    719d:	fc00 	ret    
    719e:	f981 	fcall  0x1a58d
    719f:	a58d 
    71a0:	fc00 	ret    
    71a1:	f981 	fcall  0x1a305
    71a2:	a305 
    71a3:	fc00 	ret    
    71a4:	f981 	fcall  0x1a308
    71a5:	a308 
    71a6:	fc00 	ret    
    71a7:	f981 	fcall  0x1a30b
    71a8:	a30b 
    71a9:	fc00 	ret    
    71aa:	f981 	fcall  0x1a30e
    71ab:	a30e 
    71ac:	fc00 	ret    
    71ad:	f981 	fcall  0x1a311
    71ae:	a311 
    71af:	fc00 	ret    
    71b0:	f980 	fcall  0xdf57
    71b1:	df57 
    71b2:	fc00 	ret    
    71b3:	f980 	fcall  0x76ac
    71b4:	76ac 
    71b5:	fc00 	ret    
    71b6:	f981 	fcall  0x18000
    71b7:	8000 
    71b8:	fc00 	ret    
    71b9:	f981 	fcall  0x18004
    71ba:	8004 
    71bb:	fc00 	ret    
    71bc:	4a06 	pshm   st0
    71bd:	4a1c 	pshm   rea
    71be:	4a1b 	pshm   rsa
    71bf:	4a19 	pshm   bk
    71c0:	4a17 	pshm   ar7
    71c1:	4a16 	pshm   ar6
    71c2:	4a15 	pshm   ar5
    71c3:	4a14 	pshm   ar4
    71c4:	4a13 	pshm   ar3
    71c5:	4a12 	pshm   ar2
    71c6:	4a11 	pshm   ar1
    71c7:	4a10 	pshm   ar0
    71c8:	4a0f 	pshm   trn
    71c9:	4a0e 	pshm   t
    71ca:	4a0d 	pshm   bg
    71cb:	4a0c 	pshm   bh
    71cc:	4a0b 	pshm   bl
    71cd:	4a07 	pshm   st1
    71ce:	4a0a 	pshm   ag
    71cf:	4a09 	pshm   ah
    71d0:	4a08 	pshm   al
    71d1:	4a1a 	pshm   brc
    71d2:	4a1d 	pshm   pmst
    71d3:	7706 	stm    #0,st0
    71d4:	0000 
    71d5:	7707 	stm    #26880,st1
    71d6:	6900 
    71d7:	68f8 	andm   #-4,*(0x1d)
    71d8:	001d 
    71d9:	fffc 
    71da:	f4e3 	cala   a
    71db:	8a1d 	popm   pmst
    71dc:	8a1a 	popm   brc
    71dd:	8a08 	popm   al
    71de:	8a09 	popm   ah
    71df:	8a0a 	popm   ag
    71e0:	8a07 	popm   st1
    71e1:	8a0b 	popm   bl
    71e2:	8a0c 	popm   bh
    71e3:	8a0d 	popm   bg
    71e4:	8a0e 	popm   t
    71e5:	8a0f 	popm   trn
    71e6:	8a10 	popm   ar0
    71e7:	8a11 	popm   ar1
    71e8:	8a12 	popm   ar2
    71e9:	8a13 	popm   ar3
    71ea:	8a14 	popm   ar4
    71eb:	8a15 	popm   ar5
    71ec:	8a16 	popm   ar6
    71ed:	8a17 	popm   ar7
    71ee:	8a19 	popm   bk
    71ef:	8a1b 	popm   rsa
    71f0:	8a1c 	popm   rea
    71f1:	8a06 	popm   st0
    71f2:	fc00 	ret    
    71f3:	ee01 	frame  1
    71f4:	10f8 	ld     *(0x3f6d),a
    71f5:	3f6d 
    71f6:	f4e2 	bacc   a
    71f7:	eeff 	frame  -1
    71f8:	fc00 	ret    
    71f9:	fc00 	ret    
    71fa:	76f8 	st     #28878,*(0x3fe0)
    71fb:	3fe0 
    71fc:	70ce 
    71fd:	76f8 	st     #-11628,*(0x3fdf)
    71fe:	3fdf 
    71ff:	d294 
    7200:	76f8 	st     #-23155,*(0x3fe1)
    7201:	3fe1 
    7202:	a58d 
    7203:	76f8 	st     #28733,*(0x3fe2)
    7204:	3fe2 
    7205:	703d 
    7206:	f020 	ld     #-7176,a
    7207:	e3f8 
    7208:	f010 	sub    #-7241,a
    7209:	e3b7 
    720a:	881a 	stlm   a,brc
    720b:	f020 	ld     #-7241,a
    720c:	e3b7 
    720d:	7712 	stm    #278,ar2
    720e:	0116 
    720f:	f072 	rptb   0x7215
    7210:	7215 
    7211:	f030 	and    #-1,a
    7212:	ffff 
    7213:	7e92 	reada  *ar2+
    7214:	f000 	add    #1,a
    7215:	0001 
    7216:	fc00 	ret    
    7217:	fc00 	ret    
    7218:	f074 	call   0x13b
    7219:	013b 
    721a:	7707 	stm    #10496,st1
    721b:	2900 
    721c:	7706 	stm    #0,st0
    721d:	0000 
    721e:	68f8 	andm   #-4,*(0x1d)
    721f:	001d 
    7220:	fffc 
    7221:	10f8 	ld     *(0x5806),a
    7222:	5806 
    7223:	f4e3 	cala   a
    7224:	f073 	b      0x108
    7225:	0108 
    7226:	f074 	call   0x13b
    7227:	013b 
    7228:	7707 	stm    #10496,st1
    7229:	2900 
    722a:	7706 	stm    #0,st0
    722b:	0000 
    722c:	68f8 	andm   #-4,*(0x1d)
    722d:	001d 
    722e:	fffc 
    722f:	10f8 	ld     *(0x5807),a
    7230:	5807 
    7231:	f4e3 	cala   a
    7232:	f073 	b      0x108
    7233:	0108 
    7234:	f074 	call   0x13b
    7235:	013b 
    7236:	7707 	stm    #10496,st1
    7237:	2900 
    7238:	7706 	stm    #6144,st0
    7239:	1800 
    723a:	68f8 	andm   #-4,*(0x1d)
    723b:	001d 
    723c:	fffc 
    723d:	f074 	call   0xa4e4
    723e:	a4e4 
    723f:	f7bb 	ssbx   st1,intm
    7240:	f073 	b      0x100
    7241:	0100 
    7242:	4a06 	pshm   st0
    7243:	4a11 	pshm   ar1
    7244:	68f8 	andm   #-3,*(0x3fdc)
    7245:	3fdc 
    7246:	fffd 
    7247:	75f8 	portw  *(0x3fdc),pa63744
    7248:	3fdc 
    7249:	f900 
    724a:	47f8 	rpt    *(0x3fd8)
    724b:	3fd8 
    724c:	f495 	nop    
    724d:	68f8 	andm   #-5,*(0x29)
    724e:	0029 
    724f:	fffb 
    7250:	47f8 	rpt    *(0x3fda)
    7251:	3fda 
    7252:	f495 	nop    
    7253:	8a11 	popm   ar1
    7254:	8a06 	popm   st0
    7255:	fc00 	ret    
    7256:	f074 	call   0x13b
    7257:	013b 
    7258:	7707 	stm    #10496,st1
    7259:	2900 
    725a:	7706 	stm    #6144,st0
    725b:	1800 
    725c:	68f8 	andm   #-4,*(0x1d)
    725d:	001d 
    725e:	fffc 
    725f:	f074 	call   0xa58e
    7260:	a58e 
    7261:	f073 	b      0x100
    7262:	0100 
    7263:	f074 	call   0x13b
    7264:	013b 
    7265:	7707 	stm    #10496,st1
    7266:	2900 
    7267:	7706 	stm    #6144,st0
    7268:	1800 
    7269:	68f8 	andm   #-4,*(0x1d)
    726a:	001d 
    726b:	fffc 
    726c:	f074 	call   0xb19d
    726d:	b19d 
    726e:	f073 	b      0x100
    726f:	0100 
    7270:	f074 	call   0x13b
    7271:	013b 
    7272:	7707 	stm    #10496,st1
    7273:	2900 
    7274:	7706 	stm    #6144,st0
    7275:	1800 
    7276:	68f8 	andm   #-4,*(0x1d)
    7277:	001d 
    7278:	fffc 
    7279:	f074 	call   0xb2c1
    727a:	b2c1 
    727b:	f073 	b      0x100
    727c:	0100 
    727d:	f074 	call   0x13b
    727e:	013b 
    727f:	7707 	stm    #10496,st1
    7280:	2900 
    7281:	7706 	stm    #6144,st0
    7282:	1800 
    7283:	68f8 	andm   #-4,*(0x1d)
    7284:	001d 
    7285:	fffc 
    7286:	f074 	call   0xb33d
    7287:	b33d 
    7288:	f073 	b      0x100
    7289:	0100 
    728a:	4a06 	pshm   st0
    728b:	4a11 	pshm   ar1
    728c:	4a07 	pshm   st1
    728d:	4a1c 	pshm   rea
    728e:	4a1b 	pshm   rsa
    728f:	4a0a 	pshm   ag
    7290:	4a09 	pshm   ah
    7291:	4a08 	pshm   al
    7292:	4a1a 	pshm   brc
    7293:	f074 	call   0x7242
    7294:	7242 
    7295:	771a 	stm    #47,brc
    7296:	002f 
    7297:	61f8 	bitf   *(0x3fb4),#1
    7298:	3fb4 
    7299:	0001 
    729a:	7711 	stm    #3278,ar1
    729b:	0cce 
    729c:	f820 	bc     0x72a0,ntc
    729d:	72a0 
    729e:	7711 	stm    #3374,ar1
    729f:	0d2e 
    72a0:	f073 	b      0x72c4
    72a1:	72c4 
    72a2:	4a06 	pshm   st0
    72a3:	4a11 	pshm   ar1
    72a4:	4a07 	pshm   st1
    72a5:	4a1c 	pshm   rea
    72a6:	4a1b 	pshm   rsa
    72a7:	4a0a 	pshm   ag
    72a8:	4a09 	pshm   ah
    72a9:	4a08 	pshm   al
    72aa:	4a1a 	pshm   brc
    72ab:	f074 	call   0x7242
    72ac:	7242 
    72ad:	771a 	stm    #190,brc
    72ae:	00be 
    72af:	7711 	stm    #3278,ar1
    72b0:	0cce 
    72b1:	f073 	b      0x72c4
    72b2:	72c4 
    72b3:	4a06 	pshm   st0
    72b4:	4a11 	pshm   ar1
    72b5:	4a07 	pshm   st1
    72b6:	4a1c 	pshm   rea
    72b7:	4a1b 	pshm   rsa
    72b8:	4a0a 	pshm   ag
    72b9:	4a09 	pshm   ah
    72ba:	4a08 	pshm   al
    72bb:	4a1a 	pshm   brc
    72bc:	f074 	call   0x7242
    72bd:	7242 
    72be:	771a 	stm    #150,brc
    72bf:	0096 
    72c0:	7711 	stm    #3278,ar1
    72c1:	0cce 
    72c2:	f073 	b      0x72c4
    72c3:	72c4 
    72c4:	f072 	rptb   0x72c8
    72c5:	72c8 
    72c6:	5681 	dld    *ar1,a
    72c7:	8091 	stl    a,*ar1+
    72c8:	8291 	sth    a,*ar1+
    72c9:	8a1a 	popm   brc
    72ca:	8a08 	popm   al
    72cb:	8a09 	popm   ah
    72cc:	8a0a 	popm   ag
    72cd:	8a1b 	popm   rsa
    72ce:	8a1c 	popm   rea
    72cf:	8a07 	popm   st1
    72d0:	8a11 	popm   ar1
    72d1:	8a06 	popm   st0
    72d2:	fc00 	ret    
    72d3:	f074 	call   0x13b
    72d4:	013b 
    72d5:	7707 	stm    #10496,st1
    72d6:	2900 
    72d7:	7706 	stm    #6144,st0
    72d8:	1800 
    72d9:	68f8 	andm   #-4,*(0x1d)
    72da:	001d 
    72db:	fffc 
    72dc:	f074 	call   0xc14a
    72dd:	c14a 
    72de:	f073 	b      0x108
    72df:	0108 
    72e0:	f074 	call   0x13b
    72e1:	013b 
    72e2:	7707 	stm    #10496,st1
    72e3:	2900 
    72e4:	7706 	stm    #6144,st0
    72e5:	1800 
    72e6:	68f8 	andm   #-4,*(0x1d)
    72e7:	001d 
    72e8:	fffc 
    72e9:	f074 	call   0xc19d
    72ea:	c19d 
    72eb:	f073 	b      0x108
    72ec:	0108 
    72ed:	f074 	call   0x13b
    72ee:	013b 
    72ef:	7707 	stm    #10496,st1
    72f0:	2900 
    72f1:	7706 	stm    #6144,st0
    72f2:	1800 
    72f3:	68f8 	andm   #-4,*(0x1d)
    72f4:	001d 
    72f5:	fffc 
    72f6:	f074 	call   0xc1c2
    72f7:	c1c2 
    72f8:	f073 	b      0x108
    72f9:	0108 
    72fa:	f074 	call   0x13b
    72fb:	013b 
    72fc:	7707 	stm    #10496,st1
    72fd:	2900 
    72fe:	7706 	stm    #6144,st0
    72ff:	1800 
    7300:	68f8 	andm   #-4,*(0x1d)
    7301:	001d 
    7302:	fffc 
    7303:	f074 	call   0xc1e6
    7304:	c1e6 
    7305:	f073 	b      0x108
    7306:	0108 
    7307:	f074 	call   0x13b
    7308:	013b 
    7309:	7707 	stm    #10496,st1
    730a:	2900 
    730b:	7706 	stm    #6144,st0
    730c:	1800 
    730d:	68f8 	andm   #-4,*(0x1d)
    730e:	001d 
    730f:	fffc 
    7310:	f074 	call   0xc2c2
    7311:	c2c2 
    7312:	f073 	b      0x108
    7313:	0108 
    7314:	f074 	call   0x13b
    7315:	013b 
    7316:	7707 	stm    #10496,st1
    7317:	2900 
    7318:	7706 	stm    #6144,st0
    7319:	1800 
    731a:	68f8 	andm   #-4,*(0x1d)
    731b:	001d 
    731c:	fffc 
    731d:	f074 	call   0xc2c9
    731e:	c2c9 
    731f:	f073 	b      0x108
    7320:	0108 
    7321:	f074 	call   0x13b
    7322:	013b 
    7323:	7707 	stm    #10496,st1
    7324:	2900 
    7325:	7706 	stm    #6144,st0
    7326:	1800 
    7327:	68f8 	andm   #-4,*(0x1d)
    7328:	001d 
    7329:	fffc 
    732a:	f074 	call   0xc2d2
    732b:	c2d2 
    732c:	f073 	b      0x108
    732d:	0108 
    732e:	f074 	call   0x13b
    732f:	013b 
    7330:	7707 	stm    #10496,st1
    7331:	2900 
    7332:	7706 	stm    #6144,st0
    7333:	1800 
    7334:	68f8 	andm   #-4,*(0x1d)
    7335:	001d 
    7336:	fffc 
    7337:	f074 	call   0xc2db
    7338:	c2db 
    7339:	f073 	b      0x108
    733a:	0108 
    733b:	f074 	call   0x13b
    733c:	013b 
    733d:	7707 	stm    #10496,st1
    733e:	2900 
    733f:	7706 	stm    #6144,st0
    7340:	1800 
    7341:	68f8 	andm   #-4,*(0x1d)
    7342:	001d 
    7343:	fffc 
    7344:	f074 	call   0xc2f2
    7345:	c2f2 
    7346:	f073 	b      0x108
    7347:	0108 
    7348:	f074 	call   0x13b
    7349:	013b 
    734a:	7707 	stm    #10496,st1
    734b:	2900 
    734c:	7706 	stm    #6144,st0
    734d:	1800 
    734e:	68f8 	andm   #-4,*(0x1d)
    734f:	001d 
    7350:	fffc 
    7351:	f074 	call   0xc308
    7352:	c308 
    7353:	f073 	b      0x108
    7354:	0108 
    7355:	61f8 	bitf   *(0x8d7),#16384
    7356:	08d7 
    7357:	4000 
    7358:	f820 	bc     0x7361,ntc
    7359:	7361 
    735a:	e800 	ld     #0,a
    735b:	7210 	mvdm   0x3fbe,ar0
    735c:	3fbe 
    735d:	7719 	stm    #350,bk
    735e:	015e 
    735f:	ec9f 	rpt    #159
    7360:	80d0 	stl    a,*ar0+%
    7361:	f020 	ld     #17408,a
    7362:	4400 
    7363:	f074 	call   0xb522
    7364:	b522 
    7365:	61f8 	bitf   *(0x909),#4
    7366:	0909 
    7367:	0004 
    7368:	f820 	bc     0x7382,ntc
    7369:	7382 
    736a:	7719 	stm    #350,bk
    736b:	015e 
    736c:	771a 	stm    #159,brc
    736d:	009f 
    736e:	7710 	stm    #10240,ar0
    736f:	2800 
    7370:	7211 	mvdm   0x3fbe,ar1
    7371:	3fbe 
    7372:	f6b6 	rsbx   st1,frct
    7373:	f7b8 	ssbx   st1,sxm
    7374:	f7b9 	ssbx   st1,ovm
    7375:	30f8 	ld     *(0x91a),t
    7376:	091a 
    7377:	f072 	rptb   0x737d
    7378:	737d 
    7379:	6f80 	ld     *ar0,8,a
    737a:	0c48 
    737b:	28d1 	mac    *ar1+%,a
    737c:	f468 	sfta   a,8
    737d:	8290 	sth    a,*ar0+
    737e:	f020 	ld     #17425,a
    737f:	4411 
    7380:	f074 	call   0xb522
    7381:	b522 
    7382:	61f8 	bitf   *(0x908),#64
    7383:	0908 
    7384:	0040 
    7385:	f820 	bc     0x73a4,ntc
    7386:	73a4 
    7387:	7212 	mvdm   0x3fc1,ar2
    7388:	3fc1 
    7389:	f495 	nop    
    738a:	10e2 	ld     *ar2(0x9),a
    738b:	0009 
    738c:	f0e0 	sftl   a,0
    738d:	f030 	and    #15,a
    738e:	000f 
    738f:	f010 	sub    #1,a
    7390:	0001 
    7391:	f845 	bc     0x73e0,aeq
    7392:	73e0 
    7393:	f7b8 	ssbx   st1,sxm
    7394:	f7b9 	ssbx   st1,ovm
    7395:	7719 	stm    #350,bk
    7396:	015e 
    7397:	771a 	stm    #159,brc
    7398:	009f 
    7399:	7710 	stm    #10400,ar0
    739a:	28a0 
    739b:	7211 	mvdm   0x3fbe,ar1
    739c:	3fbe 
    739d:	f072 	rptb   0x73a1
    739e:	73a1 
    739f:	4490 	ld     *ar0+,16,a
    73a0:	3c81 	add    *ar1,16,a
    73a1:	82d1 	sth    a,*ar1+%
    73a2:	f073 	b      0x73b2
    73a3:	73b2 
    73a4:	61f8 	bitf   *(0x909),#1
    73a5:	0909 
    73a6:	0001 
    73a7:	e82c 	ld     #44,a
    73a8:	f930 	cc     0xa9ea,tc
    73a9:	a9ea 
    73aa:	61f8 	bitf   *(0x3fbf),#4096
    73ab:	3fbf 
    73ac:	1000 
    73ad:	f830 	bc     0x73b2,tc
    73ae:	73b2 
    73af:	68f8 	andm   #-2,*(0x909)
    73b0:	0909 
    73b1:	fffe 
    73b2:	61f8 	bitf   *(0x909),#2
    73b3:	0909 
    73b4:	0002 
    73b5:	f820 	bc     0x73b9,ntc
    73b6:	73b9 
    73b7:	f980 	fcall  0xf44d
    73b8:	f44d 
    73b9:	61f8 	bitf   *(0x3fbf),#16384
    73ba:	3fbf 
    73bb:	4000 
    73bc:	f830 	bc     0x73c1,tc
    73bd:	73c1 
    73be:	68f8 	andm   #-3,*(0x909)
    73bf:	0909 
    73c0:	fffd 
    73c1:	f7b8 	ssbx   st1,sxm
    73c2:	f7b9 	ssbx   st1,ovm
    73c3:	61f8 	bitf   *(0x909),#8
    73c4:	0909 
    73c5:	0008 
    73c6:	f820 	bc     0x73d5,ntc
    73c7:	73d5 
    73c8:	7719 	stm    #350,bk
    73c9:	015e 
    73ca:	771a 	stm    #159,brc
    73cb:	009f 
    73cc:	7710 	stm    #10240,ar0
    73cd:	2800 
    73ce:	7211 	mvdm   0x3fbe,ar1
    73cf:	3fbe 
    73d0:	f072 	rptb   0x73d4
    73d1:	73d4 
    73d2:	4490 	ld     *ar0+,16,a
    73d3:	3c81 	add    *ar1,16,a
    73d4:	82d1 	sth    a,*ar1+%
    73d5:	10f8 	ld     *(0x909),a
    73d6:	0909 
    73d7:	f844 	bc     0x73df,aneq
    73d8:	73df 
    73d9:	10f8 	ld     *(0x4361),a
    73da:	4361 
    73db:	f845 	bc     0x73df,aeq
    73dc:	73df 
    73dd:	f074 	call   0xc41d
    73de:	c41d 
    73df:	fc00 	ret    
    73e0:	4bf8 	pshd   *(0x3fbe)
    73e1:	3fbe 
    73e2:	76f8 	st     #10400,*(0x3fbe)
    73e3:	3fbe 
    73e4:	28a0 
    73e5:	7710 	stm    #10400,ar0
    73e6:	28a0 
    73e7:	e800 	ld     #0,a
    73e8:	ec9f 	rpt    #159
    73e9:	8090 	stl    a,*ar0+
    73ea:	10f8 	ld     *(0x909),a
    73eb:	0909 
    73ec:	f845 	bc     0x73fc,aeq
    73ed:	73fc 
    73ee:	61f8 	bitf   *(0x909),#1
    73ef:	0909 
    73f0:	0001 
    73f1:	e82c 	ld     #44,a
    73f2:	f930 	cc     0xa9ea,tc
    73f3:	a9ea 
    73f4:	61f8 	bitf   *(0x3fbf),#4096
    73f5:	3fbf 
    73f6:	1000 
    73f7:	f830 	bc     0x73fc,tc
    73f8:	73fc 
    73f9:	68f8 	andm   #-2,*(0x909)
    73fa:	0909 
    73fb:	fffe 
    73fc:	8bf8 	popd   *(0x3fbe)
    73fd:	3fbe 
    73fe:	f073 	b      0x7393
    73ff:	7393 
    7400:	61f8 	bitf   *(0x8d7),#-32768
    7401:	08d7 
    7402:	8000 
    7403:	f820 	bc     0x740c,ntc
    7404:	740c 
    7405:	e800 	ld     #0,a
    7406:	7210 	mvdm   0x3fbd,ar0
    7407:	3fbd 
    7408:	7719 	stm    #350,bk
    7409:	015e 
    740a:	ec9f 	rpt    #159
    740b:	80d0 	stl    a,*ar0+%
    740c:	f7b8 	ssbx   st1,sxm
    740d:	f7b9 	ssbx   st1,ovm
    740e:	f020 	ld     #13056,a
    740f:	3300 
    7410:	f074 	call   0xb522
    7411:	b522 
    7412:	61f8 	bitf   *(0x909),#4
    7413:	0909 
    7414:	0004 
    7415:	f820 	bc     0x742f,ntc
    7416:	742f 
    7417:	7719 	stm    #350,bk
    7418:	015e 
    7419:	771a 	stm    #159,brc
    741a:	009f 
    741b:	7710 	stm    #10240,ar0
    741c:	2800 
    741d:	7211 	mvdm   0x3fbd,ar1
    741e:	3fbd 
    741f:	f6b6 	rsbx   st1,frct
    7420:	f7b8 	ssbx   st1,sxm
    7421:	f7b9 	ssbx   st1,ovm
    7422:	30f8 	ld     *(0x91b),t
    7423:	091b 
    7424:	f072 	rptb   0x742a
    7425:	742a 
    7426:	6f80 	ld     *ar0,8,a
    7427:	0c48 
    7428:	28d1 	mac    *ar1+%,a
    7429:	f468 	sfta   a,8
    742a:	8290 	sth    a,*ar0+
    742b:	f020 	ld     #13073,a
    742c:	3311 
    742d:	f074 	call   0xb522
    742e:	b522 
    742f:	61f8 	bitf   *(0x909),#8
    7430:	0909 
    7431:	0008 
    7432:	f820 	bc     0x7445,ntc
    7433:	7445 
    7434:	7719 	stm    #350,bk
    7435:	015e 
    7436:	771a 	stm    #159,brc
    7437:	009f 
    7438:	7711 	stm    #10240,ar1
    7439:	2800 
    743a:	7210 	mvdm   0x3fbd,ar0
    743b:	3fbd 
    743c:	f072 	rptb   0x7440
    743d:	7440 
    743e:	4491 	ld     *ar1+,16,a
    743f:	3c80 	add    *ar0,16,a
    7440:	82d0 	sth    a,*ar0+%
    7441:	f020 	ld     #13090,a
    7442:	3322 
    7443:	f074 	call   0xb522
    7444:	b522 
    7445:	61f8 	bitf   *(0x908),#64
    7446:	0908 
    7447:	0040 
    7448:	f820 	bc     0x7469,ntc
    7449:	7469 
    744a:	7212 	mvdm   0x3fc1,ar2
    744b:	3fc1 
    744c:	f495 	nop    
    744d:	10e2 	ld     *ar2(0x9),a
    744e:	0009 
    744f:	f0e0 	sftl   a,0
    7450:	f030 	and    #15,a
    7451:	000f 
    7452:	f110 	sub    #1,a,b
    7453:	0001 
    7454:	f84c 	bc     0x746a,bneq
    7455:	746a 
    7456:	f495 	nop    
    7457:	f495 	nop    
    7458:	f495 	nop    
    7459:	f495 	nop    
    745a:	f7b8 	ssbx   st1,sxm
    745b:	f7b9 	ssbx   st1,ovm
    745c:	7719 	stm    #350,bk
    745d:	015e 
    745e:	771a 	stm    #159,brc
    745f:	009f 
    7460:	7710 	stm    #10400,ar0
    7461:	28a0 
    7462:	7211 	mvdm   0x3fbd,ar1
    7463:	3fbd 
    7464:	f072 	rptb   0x7468
    7465:	7468 
    7466:	4490 	ld     *ar0+,16,a
    7467:	3c81 	add    *ar1,16,a
    7468:	82d1 	sth    a,*ar1+%
    7469:	fc00 	ret    
    746a:	f020 	ld     #13124,a
    746b:	3344 
    746c:	f074 	call   0xb522
    746d:	b522 
    746e:	4bf8 	pshd   *(0x3fbe)
    746f:	3fbe 
    7470:	76f8 	st     #10400,*(0x3fbe)
    7471:	3fbe 
    7472:	28a0 
    7473:	7710 	stm    #10400,ar0
    7474:	28a0 
    7475:	e800 	ld     #0,a
    7476:	ec9f 	rpt    #159
    7477:	8090 	stl    a,*ar0+
    7478:	61f8 	bitf   *(0x909),#1
    7479:	0909 
    747a:	0001 
    747b:	f820 	bc     0x7488,ntc
    747c:	7488 
    747d:	e82c 	ld     #44,a
    747e:	f074 	call   0xa9ea
    747f:	a9ea 
    7480:	61f8 	bitf   *(0x3fbf),#4096
    7481:	3fbf 
    7482:	1000 
    7483:	f830 	bc     0x7488,tc
    7484:	7488 
    7485:	68f8 	andm   #-2,*(0x909)
    7486:	0909 
    7487:	fffe 
    7488:	8bf8 	popd   *(0x3fbe)
    7489:	3fbe 
    748a:	f073 	b      0x745a
    748b:	745a 
    748c:	f020 	ld     #8704,a
    748d:	2200 
    748e:	f074 	call   0xb522
    748f:	b522 
    7490:	f074 	call   0x74e9
    7491:	74e9 
    7492:	f020 	ld     #8721,a
    7493:	2211 
    7494:	f074 	call   0xb522
    7495:	b522 
    7496:	6184 	bitf   *ar4,#1024
    7497:	0400 
    7498:	f830 	bc     0x749d,tc
    7499:	749d 
    749a:	69f8 	orm    #128,*(0x3f92)
    749b:	3f92 
    749c:	0080 
    749d:	7707 	stm    #8512,st1
    749e:	2140 
    749f:	f980 	fcall  0xe3f9
    74a0:	e3f9 
    74a1:	f020 	ld     #8738,a
    74a2:	2222 
    74a3:	f074 	call   0xb522
    74a4:	b522 
    74a5:	f074 	call   0x7556
    74a6:	7556 
    74a7:	7212 	mvdm   0x3fc1,ar2
    74a8:	3fc1 
    74a9:	f495 	nop    
    74aa:	61e2 	bitf   *ar2(0x9),#-32768
    74ab:	0009 
    74ac:	8000 
    74ad:	7714 	stm    #2414,ar4
    74ae:	096e 
    74af:	f820 	bc     0x74b3,ntc
    74b0:	74b3 
    74b1:	7714 	stm    #2596,ar4
    74b2:	0a24 
    74b3:	6884 	andm   #-1025,*ar4
    74b4:	fbff 
    74b5:	f020 	ld     #8755,a
    74b6:	2233 
    74b7:	f074 	call   0xb522
    74b8:	b522 
    74b9:	fc00 	ret    
    74ba:	f020 	ld     #4352,a
    74bb:	1100 
    74bc:	f074 	call   0xb522
    74bd:	b522 
    74be:	f074 	call   0x74e9
    74bf:	74e9 
    74c0:	7707 	stm    #8512,st1
    74c1:	2140 
    74c2:	f980 	fcall  0xe3fc
    74c3:	e3fc 
    74c4:	f074 	call   0x7556
    74c5:	7556 
    74c6:	7710 	stm    #10240,ar0
    74c7:	2800 
    74c8:	e800 	ld     #0,a
    74c9:	ec9f 	rpt    #159
    74ca:	8090 	stl    a,*ar0+
    74cb:	fc00 	ret    
    74cc:	e844 	ld     #68,a
    74cd:	f074 	call   0xa9ea
    74ce:	a9ea 
    74cf:	fc00 	ret    
    74d0:	f495 	nop    
    74d1:	f495 	nop    
    74d2:	f495 	nop    
    74d3:	f495 	nop    
    74d4:	f495 	nop    
    74d5:	f495 	nop    
    74d6:	f495 	nop    
    74d7:	f495 	nop    
    74d8:	f495 	nop    
    74d9:	f495 	nop    
    74da:	f495 	nop    
    74db:	f495 	nop    
    74dc:	7213 	mvdm   0x3fbd,ar3
    74dd:	3fbd 
    74de:	7719 	stm    #350,bk
    74df:	015e 
    74e0:	7715 	stm    #10240,ar5
    74e1:	2800 
    74e2:	7710 	stm    #1,ar0
    74e3:	0001 
    74e4:	ec9f 	rpt    #159
    74e5:	e5db 	mvdd   *ar3+0%,*ar5+
    74e6:	f074 	call   0x74ba
    74e7:	74ba 
    74e8:	fc00 	ret    
    74e9:	f020 	ld     #18970,a
    74ea:	4a1a 
    74eb:	f010 	sub    #18433,a
    74ec:	4801 
    74ed:	881a 	stlm   a,brc
    74ee:	7713 	stm    #18432,ar3
    74ef:	4800 
    74f0:	7712 	stm    #17894,ar2
    74f1:	45e6 
    74f2:	f072 	rptb   0x74f7
    74f3:	74f7 
    74f4:	1083 	ld     *ar3,a
    74f5:	1182 	ld     *ar2,b
    74f6:	8092 	stl    a,*ar2+
    74f7:	8193 	stl    b,*ar3+
    74f8:	7212 	mvdm   0x3fc1,ar2
    74f9:	3fc1 
    74fa:	71f8 	mvdk   *(0x3fbf),0x2940
    74fb:	3fbf 
    74fc:	2940 
    74fd:	71f8 	mvdk   *(0x3fbe),0x2942
    74fe:	3fbe 
    74ff:	2942 
    7500:	71f8 	mvdk   *(0x3fbd),0x2941
    7501:	3fbd 
    7502:	2941 
    7503:	76f8 	st     #0,*(0x3fbf)
    7504:	3fbf 
    7505:	0000 
    7506:	61e2 	bitf   *ar2(0x9),#-32768
    7507:	0009 
    7508:	8000 
    7509:	76f8 	st     #16,*(0x3fbf)
    750a:	3fbf 
    750b:	0010 
    750c:	7714 	stm    #2392,ar4
    750d:	0958 
    750e:	7715 	stm    #2414,ar5
    750f:	096e 
    7510:	f820 	bc     0x7519,ntc
    7511:	7519 
    7512:	68f8 	andm   #-17,*(0x3fbf)
    7513:	3fbf 
    7514:	ffef 
    7515:	7714 	stm    #2544,ar4
    7516:	09f0 
    7517:	7715 	stm    #2596,ar5
    7518:	0a24 
    7519:	76f8 	st     #10240,*(0x3fbe)
    751a:	3fbe 
    751b:	2800 
    751c:	76f8 	st     #10240,*(0x3fbd)
    751d:	3fbd 
    751e:	2800 
    751f:	61f8 	bitf   *(0x909),#8
    7520:	0909 
    7521:	0008 
    7522:	f820 	bc     0x7531,ntc
    7523:	7531 
    7524:	ec13 	rpt    #19
    7525:	e5ba 	mvdd   *ar5+,*ar4+
    7526:	6ded 	mar    *+ar5(0xffec)
    7527:	ffec 
    7528:	6dec 	mar    *+ar4(0xffec)
    7529:	ffec 
    752a:	6184 	bitf   *ar4,#2048
    752b:	0800 
    752c:	f820 	bc     0x7531,ntc
    752d:	7531 
    752e:	69f8 	orm    #512,*(0x3fbf)
    752f:	3fbf 
    7530:	0200 
    7531:	61f8 	bitf   *(0x8d7),#32
    7532:	08d7 
    7533:	0020 
    7534:	f820 	bc     0x753f,ntc
    7535:	753f 
    7536:	69f8 	orm    #4,*(0x3fbf)
    7537:	3fbf 
    7538:	0004 
    7539:	6184 	bitf   *ar4,#-32768
    753a:	8000 
    753b:	f830 	bc     0x753f,tc
    753c:	753f 
    753d:	6984 	orm    #4,*ar4
    753e:	0004 
    753f:	61f8 	bitf   *(0x3fd5),#32
    7540:	3fd5 
    7541:	0020 
    7542:	f820 	bc     0x754a,ntc
    7543:	754a 
    7544:	69f8 	orm    #32,*(0x3fbf)
    7545:	3fbf 
    7546:	0020 
    7547:	68f8 	andm   #-33,*(0x3fd5)
    7548:	3fd5 
    7549:	ffdf 
    754a:	61f8 	bitf   *(0x3fd5),#64
    754b:	3fd5 
    754c:	0040 
    754d:	f820 	bc     0x7555,ntc
    754e:	7555 
    754f:	69f8 	orm    #1,*(0x3fbf)
    7550:	3fbf 
    7551:	0001 
    7552:	68f8 	andm   #-65,*(0x3fd5)
    7553:	3fd5 
    7554:	ffbf 
    7555:	fc00 	ret    
    7556:	7212 	mvdm   0x3fc1,ar2
    7557:	3fc1 
    7558:	e900 	ld     #0,b
    7559:	61e2 	bitf   *ar2(0x9),#-32768
    755a:	0009 
    755b:	8000 
    755c:	7715 	stm    #2596,ar5
    755d:	0a24 
    755e:	f830 	bc     0x7562,tc
    755f:	7562 
    7560:	7715 	stm    #2414,ar5
    7561:	096e 
    7562:	61f8 	bitf   *(0x8d7),#32
    7563:	08d7 
    7564:	0020 
    7565:	6985 	orm    #-32768,*ar5
    7566:	8000 
    7567:	f820 	bc     0x759f,ntc
    7568:	759f 
    7569:	10f8 	ld     *(0x3fd5),a
    756a:	3fd5 
    756b:	f000 	add    #1,a
    756c:	0001 
    756d:	f030 	and    #15,a
    756e:	000f 
    756f:	f844 	bc     0x7575,aneq
    7570:	7575 
    7571:	6985 	orm    #2048,*ar5
    7572:	0800 
    7573:	f340 	or     #2048,b
    7574:	0800 
    7575:	68f8 	andm   #-16,*(0x3fd5)
    7576:	3fd5 
    7577:	fff0 
    7578:	1af8 	or     *(0x3fd5),a
    7579:	3fd5 
    757a:	80f8 	stl    a,*(0x3fd5)
    757b:	3fd5 
    757c:	1085 	ld     *ar5,a
    757d:	f030 	and    #16384,a
    757e:	4000 
    757f:	f493 	cmpl   a
    7580:	61f8 	bitf   *(0x3fd5),#512
    7581:	3fd5 
    7582:	0200 
    7583:	f820 	bc     0x7588,ntc
    7584:	7588 
    7585:	f030 	and    #16384,a
    7586:	4000 
    7587:	f1a0 	or     a,b
    7588:	1085 	ld     *ar5,a
    7589:	f030 	and    #16384,a
    758a:	4000 
    758b:	f1a0 	or     a,b
    758c:	10f8 	ld     *(0x3fbf),a
    758d:	3fbf 
    758e:	f030 	and    #8,a
    758f:	0008 
    7590:	f1a0 	or     a,b
    7591:	6185 	bitf   *ar5,#16384
    7592:	4000 
    7593:	69f8 	orm    #512,*(0x3fd5)
    7594:	3fd5 
    7595:	0200 
    7596:	f830 	bc     0x759b,tc
    7597:	759b 
    7598:	68f8 	andm   #-513,*(0x3fd5)
    7599:	3fd5 
    759a:	fdff 
    759b:	f84c 	bc     0x759f,bneq
    759c:	759f 
    759d:	6885 	andm   #32767,*ar5
    759e:	7fff 
    759f:	6985 	orm    #1024,*ar5
    75a0:	0400 
    75a1:	f020 	ld     #18970,a
    75a2:	4a1a 
    75a3:	f010 	sub    #18433,a
    75a4:	4801 
    75a5:	881a 	stlm   a,brc
    75a6:	7713 	stm    #18432,ar3
    75a7:	4800 
    75a8:	7712 	stm    #17894,ar2
    75a9:	45e6 
    75aa:	70f8 	mvkd   0x2940,*(0x3fbf)
    75ab:	3fbf 
    75ac:	2940 
    75ad:	70f8 	mvkd   0x2942,*(0x3fbe)
    75ae:	3fbe 
    75af:	2942 
    75b0:	70f8 	mvkd   0x2941,*(0x3fbd)
    75b1:	3fbd 
    75b2:	2941 
    75b3:	f072 	rptb   0x75b8
    75b4:	75b8 
    75b5:	1083 	ld     *ar3,a
    75b6:	1182 	ld     *ar2,b
    75b7:	8092 	stl    a,*ar2+
    75b8:	8193 	stl    b,*ar3+
    75b9:	fc00 	ret    
    75ba:	61f8 	bitf   *(0x908),#8192
    75bb:	0908 
    75bc:	2000 
    75bd:	f830 	bc     0x75c2,tc
    75be:	75c2 
    75bf:	f980 	fcall  0xf44a
    75c0:	f44a 
    75c1:	fc00 	ret    
    75c2:	f981 	fcall  0x1a58d
    75c3:	a58d 
    75c4:	fc00 	ret    
    75c5:	6f81 	sub    *ar1,a,b
    75c6:	0d20 
    75c7:	f84f 	bc     0x75e3,bleq
    75c8:	75e3 
    75c9:	f48e 	exp    a
    75ca:	8c82 	st     t,*ar2
    75cb:	f48f 	norm   a
    75cc:	1181 	ld     *ar1,b
    75cd:	f58e 	exp    b
    75ce:	f0ff 	sftl   a,-1
    75cf:	f78f 	norm   b
    75d0:	8381 	sth    b,*ar1
    75d1:	490e 	ldm    t,b
    75d2:	0982 	sub    *ar2,b
    75d3:	891a 	stlm   b,brc
    75d4:	e920 	ld     #32,b
    75d5:	09f8 	sub    *(0xe),b
    75d6:	000e 
    75d7:	f272 	rptbd  0x75db
    75d8:	75db 
    75d9:	890e 	stlm   b,t
    75da:	f784 	neg    b
    75db:	1e81 	subc   *ar1,a
    75dc:	f48f 	norm   a
    75dd:	890e 	stlm   b,t
    75de:	770a 	stm    #0,ag
    75df:	0000 
    75e0:	fe00 	retd   
    75e1:	f48f 	norm   a
    75e2:	f495 	nop    
    75e3:	fd4d 	xc     1,beq
    75e4:	e801 	ld     #1,a
    75e5:	fe00 	retd   
    75e6:	fd4b 	xc     1,blt
    75e7:	e800 	ld     #0,a
    75e8:	fe47 	rcd    aleq
    75e9:	f48e 	exp    a
    75ea:	e900 	ld     #0,b
    75eb:	f48f 	norm   a
    75ec:	f477 	sfta   a,-9
    75ed:	f00f 	add    #1,15,a
    75ee:	0001 
    75ef:	8282 	sth    a,*ar2
    75f0:	6182 	bitf   *ar2,#64
    75f1:	0040 
    75f2:	e81f 	ld     #31,a
    75f3:	1882 	and    *ar2,a
    75f4:	f000 	add    #30211,a
    75f5:	7603 
    75f6:	ff30 	xc     2,tc
    75f7:	f000 	add    #32,a
    75f8:	0020 
    75f9:	7e82 	reada  *ar2
    75fa:	e91e 	ld     #30,b
    75fb:	10f8 	ld     *(0xe),a
    75fc:	000e 
    75fd:	f520 	sub    a,b
    75fe:	f661 	sfta   b,1,a
    75ff:	f500 	add    a,b
    7600:	fe00 	retd   
    7601:	f766 	sfta   b,6
    7602:	0182 	add    *ar2,b
    7603:	0000 	add    DP+0x00,a
    7604:	0008 	add    DP+0x08,a
    7605:	0011 	add    DP+0x11,a
    7606:	0019 	add    DP+0x19,a
    7607:	0021 	add    DP+0x21,a
    7608:	0028 	add    DP+0x28,a
    7609:	0030 	add    DP+0x30,a
    760a:	0037 	add    DP+0x37,a
    760b:	003e 	add    DP+0x3e,a
    760c:	0045 	add    DP+0x45,a
    760d:	004b 	add    DP+0x4b,a
    760e:	0052 	add    DP+0x52,a
    760f:	0058 	add    DP+0x58,a
    7610:	005f 	add    DP+0x5f,a
    7611:	0065 	add    DP+0x65,a
    7612:	006b 	add    DP+0x6b,a
    7613:	0070 	add    DP+0x70,a
    7614:	0076 	add    DP+0x76,a
    7615:	007c 	add    DP+0x7c,a
    7616:	0081 	add    *ar1,a
    7617:	0087 	add    *ar7,a
    7618:	008c 	add    *ar4-,a
    7619:	0091 	add    *ar1+,a
    761a:	0096 	add    *ar6+,a
    761b:	009b 	add    *+ar3,a
    761c:	00a0 	add    *ar0-0B,a
    761d:	00a5 	add    *ar5-0B,a
    761e:	00a9 	add    *ar1-0,a
    761f:	00ae 	add    *ar6-0,a
    7620:	00b3 	add    *ar3+0,a
    7621:	00b7 	add    *ar7+0,a
    7622:	00bc 	add    *ar4+0B,a
    7623:	00c0 	add    *ar0-%,a
    7624:	f7b6 	ssbx   st1,frct
    7625:	f7b9 	ssbx   st1,ovm
    7626:	f020 	ld     #30363,a
    7627:	769b 
    7628:	ec0d 	rpt    #13
    7629:	7e94 	reada  *ar4+
    762a:	6dec 	mar    *+ar4(0xfff2)
    762b:	fff2 
    762c:	6283 	mpy    *ar3,#14070,a
    762d:	36f6 
    762e:	828b 	sth    a,*ar3-
    762f:	6283 	mpy    *ar3,#14070,a
    7630:	36f6 
    7631:	8293 	sth    a,*ar3+
    7632:	9610 	bit    *ar3,0
    7633:	448b 	ld     *ar3-,16,a
    7634:	4594 	ld     *ar4+,16,b
    7635:	ff30 	xc     2,tc
    7636:	f484 	neg    a
    7637:	f784 	neg    b
    7638:	8395 	sth    b,*ar5+
    7639:	4583 	ld     *ar3,16,b
    763a:	fd20 	xc     1,ntc
    763b:	f784 	neg    b
    763c:	8293 	sth    a,*ar3+
    763d:	8383 	sth    b,*ar3
    763e:	4583 	ld     *ar3,16,b
    763f:	771a 	stm    #12,brc
    7640:	000c 
    7641:	f272 	rptbd  0x7659
    7642:	7659 
    7643:	7685 	st     #0,*ar5
    7644:	0000 
    7645:	3285 	ld     *ar5,asm
    7646:	6b8d 	addm   #-1,*ar5-
    7647:	ffff 
    7648:	9650 	bit    *ar3-,0
    7649:	868a 	sth    a,asm,*ar2-
    764a:	cba8 	st     b,*ar2+ || ld     *ar4+,b
    764b:	4482 	ld     *ar2,16,a
    764c:	fd20 	xc     1,ntc
    764d:	f484 	neg    a
    764e:	828a 	sth    a,*ar2-
    764f:	4492 	ld     *ar2+,16,a
    7650:	ff30 	xc     2,tc
    7651:	f484 	neg    a
    7652:	f784 	neg    b
    7653:	3f85 	add    *ar5,16,b
    7654:	3c83 	add    *ar3,16,a
    7655:	8395 	sth    b,*ar5+
    7656:	8293 	sth    a,*ar3+
    7657:	4583 	ld     *ar3,16,b
    7658:	3f82 	add    *ar2,16,b
    7659:	8383 	sth    b,*ar3
    765a:	6d8d 	mar    *ar5-
    765b:	1085 	ld     *ar5,a
    765c:	fe00 	retd   
    765d:	f6b6 	rsbx   st1,frct
    765e:	f6b9 	rsbx   st1,ovm
    765f:	f7b6 	ssbx   st1,frct
    7660:	f7b9 	ssbx   st1,ovm
    7661:	6283 	mpy    *ar3,#14070,a
    7662:	36f6 
    7663:	828b 	sth    a,*ar3-
    7664:	6283 	mpy    *ar3,#14070,a
    7665:	36f6 
    7666:	770e 	stm    #0,t
    7667:	0000 
    7668:	8293 	sth    a,*ar3+
    7669:	3485 	bitt   *ar5
    766a:	458b 	ld     *ar3-,16,b
    766b:	4485 	ld     *ar5,16,a
    766c:	ff20 	xc     2,ntc
    766d:	f784 	neg    b
    766e:	4094 	sub    *ar4+,16,a
    766f:	ed00 	ld     #0,asm
    7670:	cb91 	st     b,*ar3 || ld     *ar3+,b
    7671:	ff30 	xc     2,tc
    7672:	f784 	neg    b
    7673:	3c94 	add    *ar4+,16,a
    7674:	8295 	sth    a,*ar5+
    7675:	838b 	sth    b,*ar3-
    7676:	4483 	ld     *ar3,16,a
    7677:	771a 	stm    #12,brc
    7678:	000c 
    7679:	f272 	rptbd  0x7691
    767a:	7691 
    767b:	7685 	st     #0,*ar5
    767c:	0000 
    767d:	3285 	ld     *ar5,asm
    767e:	6b8d 	addm   #-1,*ar5-
    767f:	ffff 
    7680:	3485 	bitt   *ar5
    7681:	868a 	sth    a,asm,*ar2-
    7682:	cba8 	st     b,*ar2+ || ld     *ar4+,b
    7683:	4482 	ld     *ar2,16,a
    7684:	fd30 	xc     1,tc
    7685:	f484 	neg    a
    7686:	828a 	sth    a,*ar2-
    7687:	4492 	ld     *ar2+,16,a
    7688:	ff20 	xc     2,ntc
    7689:	f484 	neg    a
    768a:	f784 	neg    b
    768b:	3f85 	add    *ar5,16,b
    768c:	3c83 	add    *ar3,16,a
    768d:	8395 	sth    b,*ar5+
    768e:	8293 	sth    a,*ar3+
    768f:	4583 	ld     *ar3,16,b
    7690:	3f82 	add    *ar2,16,b
    7691:	838b 	sth    b,*ar3-
    7692:	6283 	mpy    *ar3,#23170,a
    7693:	5a82 
    7694:	9a91 	sth    a,1,*ar3+
    7695:	6283 	mpy    *ar3,#23170,a
    7696:	5a82 
    7697:	9a11 	sth    a,1,*ar3
    7698:	fe00 	retd   
    7699:	f6b6 	rsbx   st1,frct
    769a:	f6b9 	rsbx   st1,ovm
    769b:	3244 	ld     DP+0x44,asm
    769c:	1922 	and    DP+0x22,b
    769d:	0ed6 	subb   *ar6+%,a
    769e:	07d7 	addc   *ar7+%,b
    769f:	03fb 	adds   *(0x1ff),b
    76a0:	01ff 
    76a1:	0100 	add    DP+0x00,b
    76a2:	0080 	add    *ar0,a
    76a3:	0040 	add    DP+0x40,a
    76a4:	0020 	add    DP+0x20,a
    76a5:	0010 	add    DP+0x10,a
    76a6:	0008 	add    DP+0x08,a
    76a7:	0004 	add    DP+0x04,a
    76a8:	0002 	add    DP+0x02,a
    76a9:	f074 	call   0x76b9
    76aa:	76b9 
    76ab:	f4e4 	fret   
    76ac:	f074 	call   0x76af
    76ad:	76af 
    76ae:	f4e4 	fret   
    76af:	4a07 	pshm   st1
    76b0:	f7b9 	ssbx   st1,ovm
    76b1:	f7b6 	ssbx   st1,frct
    76b2:	f7b8 	ssbx   st1,sxm
    76b3:	ed00 	ld     #0,asm
    76b4:	71f8 	mvdk   *(0x4bcc),0x14
    76b5:	4bcc 
    76b6:	0014 
    76b7:	f073 	b      0x76c0
    76b8:	76c0 
    76b9:	4a07 	pshm   st1
    76ba:	f7b9 	ssbx   st1,ovm
    76bb:	f7b6 	ssbx   st1,frct
    76bc:	f7b8 	ssbx   st1,sxm
    76bd:	ed00 	ld     #0,asm
    76be:	7714 	stm    #3662,ar4
    76bf:	0e4e 
    76c0:	70f8 	mvkd   0x14,*(0x12)
    76c1:	0012 
    76c2:	0014 
    76c3:	771a 	stm    #63,brc
    76c4:	003f 
    76c5:	f272 	rptbd  0x76ca
    76c6:	76ca 
    76c7:	e800 	ld     #0,a
    76c8:	e900 	ld     #0,b
    76c9:	0092 	add    *ar2+,a
    76ca:	0192 	add    *ar2+,b
    76cb:	f484 	neg    a
    76cc:	f46a 	sfta   a,10
    76cd:	4a0a 	pshm   ag
    76ce:	4a09 	pshm   ah
    76cf:	4a08 	pshm   al
    76d0:	f784 	neg    b
    76d1:	f76a 	sfta   b,10
    76d2:	7719 	stm    #0,bk
    76d3:	0000 
    76d4:	7710 	stm    #2,ar0
    76d5:	0002 
    76d6:	70f8 	mvkd   0x14,*(0x12)
    76d7:	0012 
    76d8:	0014 
    76d9:	70f8 	mvkd   0x14,*(0x13)
    76da:	0013 
    76db:	0014 
    76dc:	771a 	stm    #63,brc
    76dd:	003f 
    76de:	6deb 	mar    *+ar3(0x3)
    76df:	0003 
    76e0:	f272 	rptbd  0x76e4
    76e1:	76e4 
    76e2:	6d92 	mar    *ar2+
    76e3:	3e82 	add    *ar2,16,b,a
    76e4:	c0dc 	st     a,*ar2+0% || add    *ar3+0%,a
    76e5:	8a0b 	popm   bl
    76e6:	8a0c 	popm   bh
    76e7:	8a0d 	popm   bg
    76e8:	70f8 	mvkd   0x14,*(0x12)
    76e9:	0012 
    76ea:	0014 
    76eb:	70f8 	mvkd   0x14,*(0x13)
    76ec:	0013 
    76ed:	0014 
    76ee:	771a 	stm    #63,brc
    76ef:	003f 
    76f0:	3e82 	add    *ar2,16,b,a
    76f1:	f272 	rptbd  0x76f5
    76f2:	76f5 
    76f3:	6deb 	mar    *+ar3(0x2)
    76f4:	0002 
    76f5:	c0dc 	st     a,*ar2+0% || add    *ar3+0%,a
    76f6:	70f8 	mvkd   0x14,*(0x12)
    76f7:	0012 
    76f8:	0014 
    76f9:	771a 	stm    #63,brc
    76fa:	003f 
    76fb:	f272 	rptbd  0x7700
    76fc:	7700 
    76fd:	e800 	ld     #0,a
    76fe:	f6b9 	rsbx   st1,ovm
    76ff:	3892 	squra  *ar2+,a
    7700:	3892 	squra  *ar2+,a
    7701:	f7b9 	ssbx   st1,ovm
    7702:	f274 	calld  0x75e8
    7703:	75e8 
    7704:	f478 	sfta   a,-8
    7705:	f483 	sat    a
    7706:	8a07 	popm   st1
    7707:	fe00 	retd   
    7708:	81f8 	stl    b,*(0x3fb2)
    7709:	3fb2 
    770a:	f074 	call   0x770d
    770b:	770d 
    770c:	f4e4 	fret   
    770d:	4a06 	pshm   st0
    770e:	f6b6 	rsbx   st1,frct
    770f:	f6b9 	rsbx   st1,ovm
    7710:	f7b8 	ssbx   st1,sxm
    7711:	f6be 	rsbx   st1,cpl
    7712:	f6b7 	rsbx   st1,c16
    7713:	7212 	mvdm   0x3fb5,ar2
    7714:	3fb5 
    7715:	ed00 	ld     #0,asm
    7716:	ea83 	ld     #131,dp
    7717:	e725 	mvmm   ar2,ar5
    7718:	e721 	mvmm   ar2,ar1
    7719:	10f8 	ld     *(0x3fb4),a
    771a:	3fb4 
    771b:	807f 	stl    a,DP+0x7f
    771c:	f945 	cc     0x777a,aeq
    771d:	777a 
    771e:	f074 	call   0x7794
    771f:	7794 
    7720:	107e 	ld     DP+0x7e,a
    7721:	f010 	sub    #4,a
    7722:	0004 
    7723:	f844 	bc     0x7729,aneq
    7724:	7729 
    7725:	f074 	call   0x795f
    7726:	795f 
    7727:	8a06 	popm   st0
    7728:	fc00 	ret    
    7729:	10f8 	ld     *(0x3fb4),a
    772a:	3fb4 
    772b:	08f8 	sub    *(0x3fb3),a
    772c:	3fb3 
    772d:	f000 	add    #1,a
    772e:	0001 
    772f:	f844 	bc     0x7737,aneq
    7730:	7737 
    7731:	10f8 	ld     *(0x8f9),a
    7732:	08f9 
    7733:	f844 	bc     0x7739,aneq
    7734:	7739 
    7735:	f073 	b      0x7773
    7736:	7773 
    7737:	8a06 	popm   st0
    7738:	fc00 	ret    
    7739:	7711 	stm    #1,ar1
    773a:	0001 
    773b:	e752 	mvmm   ar5,ar2
    773c:	6dea 	mar    *+ar2(0x20)
    773d:	0020 
    773e:	5618 	dld    DP+0x18,a
    773f:	4e92 	dst    a,*ar2+
    7740:	10f8 	ld     *(0x3fb4),a
    7741:	3fb4 
    7742:	f000 	add    #1,a
    7743:	0001 
    7744:	80f8 	stl    a,*(0x3fb4)
    7745:	3fb4 
    7746:	f120 	ld     #-32768,b
    7747:	8000 
    7748:	5628 	dld    DP+0x28,a
    7749:	4e26 	dst    a,DP+0x26
    774a:	562a 	dld    DP+0x2a,a
    774b:	4e28 	dst    a,DP+0x28
    774c:	4f2a 	dst    b,DP+0x2a
    774d:	10f8 	ld     *(0x3dd0),a
    774e:	3dd0 
    774f:	80f8 	stl    a,*(0x3dcf)
    7750:	3dcf 
    7751:	10f8 	ld     *(0x3dd1),a
    7752:	3dd1 
    7753:	80f8 	stl    a,*(0x3dd0)
    7754:	3dd0 
    7755:	76f8 	st     #0,*(0x3dd1)
    7756:	3dd1 
    7757:	0000 
    7758:	e900 	ld     #0,b
    7759:	5620 	dld    DP+0x20,a
    775a:	4e22 	dst    a,DP+0x22
    775b:	561e 	dld    DP+0x1e,a
    775c:	4e20 	dst    a,DP+0x20
    775d:	4f1e 	dst    b,DP+0x1e
    775e:	561a 	dld    DP+0x1a,a
    775f:	4e1c 	dst    a,DP+0x1c
    7760:	5618 	dld    DP+0x18,a
    7761:	4e1a 	dst    a,DP+0x1a
    7762:	4f18 	dst    b,DP+0x18
    7763:	4a11 	pshm   ar1
    7764:	f074 	call   0x78e6
    7765:	78e6 
    7766:	8a11 	popm   ar1
    7767:	107e 	ld     DP+0x7e,a
    7768:	f010 	sub    #4,a
    7769:	0004 
    776a:	f845 	bc     0x776e,aeq
    776b:	776e 
    776c:	6c89 	banz   0x7740,*ar1-
    776d:	7740 
    776e:	e752 	mvmm   ar5,ar2
    776f:	6dea 	mar    *+ar2(0x20)
    7770:	0020 
    7771:	5692 	dld    *ar2+,a
    7772:	4e18 	dst    a,DP+0x18
    7773:	f074 	call   0x795f
    7774:	795f 
    7775:	107f 	ld     DP+0x7f,a
    7776:	80f8 	stl    a,*(0x3fb4)
    7777:	3fb4 
    7778:	8a06 	popm   st0
    7779:	fc00 	ret    
    777a:	76f8 	st     #0,*(0x3dcf)
    777b:	3dcf 
    777c:	0000 
    777d:	76f8 	st     #0,*(0x3dd0)
    777e:	3dd0 
    777f:	0000 
    7780:	76f8 	st     #0,*(0x3dd1)
    7781:	3dd1 
    7782:	0000 
    7783:	e900 	ld     #0,b
    7784:	4f24 	dst    b,DP+0x24
    7785:	f162 	ld     #-32768,16,b
    7786:	8000 
    7787:	4f26 	dst    b,DP+0x26
    7788:	4f28 	dst    b,DP+0x28
    7789:	4f2a 	dst    b,DP+0x2a
    778a:	68f8 	andm   #-2,*(0x8f8)
    778b:	08f8 
    778c:	fffe 
    778d:	7712 	stm    #16884,ar2
    778e:	41f4 
    778f:	ec09 	rpt    #9
    7790:	8192 	stl    b,*ar2+
    7791:	fe00 	retd   
    7792:	817e 	stl    b,DP+0x7e
    7793:	f495 	nop    
    7794:	107e 	ld     DP+0x7e,a
    7795:	f845 	bc     0x77a6,aeq
    7796:	77a6 
    7797:	f010 	sub    #1,a
    7798:	0001 
    7799:	f845 	bc     0x77aa,aeq
    779a:	77aa 
    779b:	f010 	sub    #1,a
    779c:	0001 
    779d:	f845 	bc     0x77b0,aeq
    779e:	77b0 
    779f:	f010 	sub    #1,a
    77a0:	0001 
    77a1:	f845 	bc     0x77b6,aeq
    77a2:	77b6 
    77a3:	f010 	sub    #1,a
    77a4:	0001 
    77a5:	fc45 	rc     aeq
    77a6:	f273 	bd     0x77be
    77a7:	77be 
    77a8:	767e 	st     #1,DP+0x7e
    77a9:	0001 
    77aa:	f074 	call   0x77be
    77ab:	77be 
    77ac:	f273 	bd     0x7887
    77ad:	7887 
    77ae:	767e 	st     #2,DP+0x7e
    77af:	0002 
    77b0:	f074 	call   0x77be
    77b1:	77be 
    77b2:	f273 	bd     0x7887
    77b3:	7887 
    77b4:	767e 	st     #3,DP+0x7e
    77b5:	0003 
    77b6:	f074 	call   0x77be
    77b7:	77be 
    77b8:	f074 	call   0x7887
    77b9:	7887 
    77ba:	f074 	call   0x78b2
    77bb:	78b2 
    77bc:	f073 	b      0x78e6
    77bd:	78e6 
    77be:	e752 	mvmm   ar5,ar2
    77bf:	7711 	stm    #15826,ar1
    77c0:	3dd2 
    77c1:	5600 	dld    DP+0x00,a
    77c2:	4e02 	dst    a,DP+0x02
    77c3:	e800 	ld     #0,a
    77c4:	771a 	stm    #95,brc
    77c5:	005f 
    77c6:	f072 	rptb   0x77c8
    77c7:	77c8 
    77c8:	3892 	squra  *ar2+,a
    77c9:	f47a 	sfta   a,-6
    77ca:	7681 	st     #21845,*ar1
    77cb:	5555 
    77cc:	f7b6 	ssbx   st1,frct
    77cd:	3181 	mpya   *ar1
    77ce:	8081 	stl    a,*ar1
    77cf:	2481 	mpyu   *ar1,a
    77d0:	f470 	sfta   a,-16
    77d1:	f600 	add    b,a
    77d2:	4e00 	dst    a,DP+0x00
    77d3:	e752 	mvmm   ar5,ar2
    77d4:	771a 	stm    #47,brc
    77d5:	002f 
    77d6:	e800 	ld     #0,a
    77d7:	e900 	ld     #0,b
    77d8:	f072 	rptb   0x77db
    77d9:	77db 
    77da:	0092 	add    *ar2+,a
    77db:	0192 	add    *ar2+,b
    77dc:	f46a 	sfta   a,10
    77dd:	f48d 	squr   a,a
    77de:	f76a 	sfta   b,10
    77df:	8381 	sth    b,*ar1
    77e0:	3881 	squra  *ar1,a
    77e1:	f6b6 	rsbx   st1,frct
    77e2:	7681 	st     #29127,*ar1
    77e3:	71c7 
    77e4:	3181 	mpya   *ar1
    77e5:	8081 	stl    a,*ar1
    77e6:	2481 	mpyu   *ar1,a
    77e7:	f470 	sfta   a,-16
    77e8:	f600 	add    b,a
    77e9:	5700 	dld    DP+0x00,b
    77ea:	f520 	sub    a,b
    77eb:	4f00 	dst    b,DP+0x00
    77ec:	e752 	mvmm   ar5,ar2
    77ed:	ed00 	ld     #0,asm
    77ee:	f7b9 	ssbx   st1,ovm
    77ef:	771a 	stm    #11,brc
    77f0:	000b 
    77f1:	7710 	stm    #2,ar0
    77f2:	0002 
    77f3:	7719 	stm    #0,bk
    77f4:	0000 
    77f5:	e723 	mvmm   ar2,ar3
    77f6:	e724 	mvmm   ar2,ar4
    77f7:	6d94 	mar    *ar4+
    77f8:	f072 	rptb   0x7805
    77f9:	7805 
    77fa:	4492 	ld     *ar2+,16,a
    77fb:	f484 	neg    a
    77fc:	c98e 	st     a,*ar4+0% || ld     *ar2+,b
    77fd:	ca8d 	st     b,*ar3+0% || ld     *ar2+,a
    77fe:	f484 	neg    a
    77ff:	c98d 	st     a,*ar3+0% || ld     *ar2+,b
    7800:	f784 	neg    b
    7801:	ca8e 	st     b,*ar4+0% || ld     *ar2+,a
    7802:	c98e 	st     a,*ar4+0% || ld     *ar2+,b
    7803:	f784 	neg    b
    7804:	cacd 	st     b,*ar3+0% || ld     *ar2+0%,a
    7805:	b0de 	mac    *ar3+0%,*ar4+0%,a
    7806:	e752 	mvmm   ar5,ar2
    7807:	f6b9 	rsbx   st1,ovm
    7808:	ed1e 	ld     #30,asm
    7809:	771a 	stm    #11,brc
    780a:	000b 
    780b:	e723 	mvmm   ar2,ar3
    780c:	4492 	ld     *ar2+,16,a
    780d:	4592 	ld     *ar2+,16,b
    780e:	6deb 	mar    *+ar3(0x8)
    780f:	0008 
    7810:	f072 	rptb   0x7819
    7811:	7819 
    7812:	3c92 	add    *ar2+,16,a
    7813:	3f92 	add    *ar2+,16,b
    7814:	3c92 	add    *ar2+,16,a
    7815:	3f92 	add    *ar2+,16,b
    7816:	3c92 	add    *ar2+,16,a
    7817:	3f92 	add    *ar2+,16,b
    7818:	c889 	st     a,*ar3+ || ld     *ar2+,a
    7819:	cb89 	st     b,*ar3+ || ld     *ar2+,b
    781a:	e752 	mvmm   ar5,ar2
    781b:	5604 	dld    DP+0x04,a
    781c:	4e08 	dst    a,DP+0x08
    781d:	5606 	dld    DP+0x06,a
    781e:	4e0a 	dst    a,DP+0x0a
    781f:	10f8 	ld     *(0x8f9),a
    7820:	08f9 
    7821:	f844 	bc     0x7844,aneq
    7822:	7844 
    7823:	6dea 	mar    *+ar2(0x8)
    7824:	0008 
    7825:	e723 	mvmm   ar2,ar3
    7826:	6dea 	mar    *+ar2(0x2)
    7827:	0002 
    7828:	e800 	ld     #0,a
    7829:	771a 	stm    #21,brc
    782a:	0015 
    782b:	f072 	rptb   0x782d
    782c:	782d 
    782d:	b089 	mac    *ar2+,*ar3+,a
    782e:	f47c 	sfta   a,-4
    782f:	f483 	sat    a
    7830:	e752 	mvmm   ar5,ar2
    7831:	4e04 	dst    a,DP+0x04
    7832:	6dea 	mar    *+ar2(0x8)
    7833:	0008 
    7834:	e723 	mvmm   ar2,ar3
    7835:	6dea 	mar    *+ar2(0x3)
    7836:	0003 
    7837:	7710 	stm    #3,ar0
    7838:	0003 
    7839:	e800 	ld     #0,a
    783a:	771a 	stm    #10,brc
    783b:	000a 
    783c:	f072 	rptb   0x783f
    783d:	783f 
    783e:	b094 	mac    *ar3+,*ar2-,a
    783f:	b89c 	mas    *ar3+,*ar2+0%,a
    7840:	f47c 	sfta   a,-4
    7841:	fe00 	retd   
    7842:	f483 	sat    a
    7843:	4e06 	dst    a,DP+0x06
    7844:	e752 	mvmm   ar5,ar2
    7845:	7713 	stm    #16886,ar3
    7846:	41f6 
    7847:	ec07 	rpt    #7
    7848:	e598 	mvdd   *ar3+,*ar2+
    7849:	6dea 	mar    *+ar2(0x10)
    784a:	0010 
    784b:	6deb 	mar    *+ar3(0xfff8)
    784c:	fff8 
    784d:	ec07 	rpt    #7
    784e:	e589 	mvdd   *ar2+,*ar3+
    784f:	e752 	mvmm   ar5,ar2
    7850:	ed1d 	ld     #29,asm
    7851:	7710 	stm    #-9,ar0
    7852:	fff7 
    7853:	e723 	mvmm   ar2,ar3
    7854:	771a 	stm    #11,brc
    7855:	000b 
    7856:	4474 	ld     DP+0x74,16,a
    7857:	4575 	ld     DP+0x75,16,b
    7858:	71e2 	mvdk   *ar2(0x16),0x41f4
    7859:	0016 
    785a:	41f4 
    785b:	71e2 	mvdk   *ar2(0x17),0x41f5
    785c:	0017 
    785d:	41f5 
    785e:	f072 	rptb   0x786b
    785f:	786b 
    7860:	3c92 	add    *ar2+,16,a
    7861:	3f92 	add    *ar2+,16,b
    7862:	3c92 	add    *ar2+,16,a
    7863:	3f92 	add    *ar2+,16,b
    7864:	3c92 	add    *ar2+,16,a
    7865:	3f92 	add    *ar2+,16,b
    7866:	3c92 	add    *ar2+,16,a
    7867:	3f92 	add    *ar2+,16,b
    7868:	3c92 	add    *ar2+,16,a
    7869:	3fb2 	add    *ar2+0,16,b
    786a:	c889 	st     a,*ar3+ || ld     *ar2+,a
    786b:	cb89 	st     b,*ar3+ || ld     *ar2+,b
    786c:	6deb 	mar    *+ar3(0xfffe)
    786d:	fffe 
    786e:	6dea 	mar    *+ar2(0xfff2)
    786f:	fff2 
    7870:	a489 	mpy    *ar2+,*ar3+,a
    7871:	b041 	mac    *ar2-,*ar3,a
    7872:	a585 	mpy    *ar2+,*ar3-,b
    7873:	bb01 	mas    *ar2,*ar3,b
    7874:	4e04 	dst    a,DP+0x04
    7875:	4f06 	dst    b,DP+0x06
    7876:	e752 	mvmm   ar5,ar2
    7877:	e753 	mvmm   ar5,ar3
    7878:	771a 	stm    #11,brc
    7879:	000b 
    787a:	f072 	rptb   0x787e
    787b:	787e 
    787c:	2692 	squr   *ar2+,a
    787d:	3892 	squra  *ar2+,a
    787e:	4e93 	dst    a,*ar3+
    787f:	10f8 	ld     *(0x3fb4),a
    7880:	3fb4 
    7881:	f010 	sub    #3,a
    7882:	0003 
    7883:	fc42 	rc     ageq
    7884:	f074 	call   0x79e8
    7885:	79e8 
    7886:	fc00 	ret    
    7887:	561a 	dld    DP+0x1a,a
    7888:	4e1c 	dst    a,DP+0x1c
    7889:	5618 	dld    DP+0x18,a
    788a:	4e1a 	dst    a,DP+0x1a
    788b:	5600 	dld    DP+0x00,a
    788c:	5002 	dadd   DP+0x02,a
    788d:	f47f 	sfta   a,-1
    788e:	4e18 	dst    a,DP+0x18
    788f:	5620 	dld    DP+0x20,a
    7890:	4e22 	dst    a,DP+0x22
    7891:	561e 	dld    DP+0x1e,a
    7892:	4e20 	dst    a,DP+0x20
    7893:	5610 	dld    DP+0x10,a
    7894:	4e14 	dst    a,DP+0x14
    7895:	560c 	dld    DP+0x0c,a
    7896:	4e10 	dst    a,DP+0x10
    7897:	5612 	dld    DP+0x12,a
    7898:	4e16 	dst    a,DP+0x16
    7899:	560e 	dld    DP+0x0e,a
    789a:	4e12 	dst    a,DP+0x12
    789b:	5604 	dld    DP+0x04,a
    789c:	5008 	dadd   DP+0x08,a
    789d:	f47e 	sfta   a,-2
    789e:	4e0c 	dst    a,DP+0x0c
    789f:	f485 	abs    a
    78a0:	5706 	dld    DP+0x06,b
    78a1:	530a 	dadd   DP+0x0a,b
    78a2:	f77e 	sfta   b,-2
    78a3:	4f0e 	dst    b,DP+0x0e
    78a4:	f785 	abs    b
    78a5:	f520 	sub    a,b
    78a6:	fa4a 	bcd    0x78ad,bgeq
    78a7:	78ad 
    78a8:	f500 	add    a,b
    78a9:	f495 	nop    
    78aa:	f77f 	sfta   b,-1
    78ab:	f073 	b      0x78ae
    78ac:	78ae 
    78ad:	f47f 	sfta   a,-1
    78ae:	f500 	add    a,b
    78af:	fe00 	retd   
    78b0:	f583 	sat    b
    78b1:	4f1e 	dst    b,DP+0x1e
    78b2:	10f8 	ld     *(0x8f9),a
    78b3:	08f9 
    78b4:	fc45 	rc     aeq
    78b5:	f162 	ld     #-32768,16,b
    78b6:	8000 
    78b7:	5628 	dld    DP+0x28,a
    78b8:	4e26 	dst    a,DP+0x26
    78b9:	562a 	dld    DP+0x2a,a
    78ba:	4e28 	dst    a,DP+0x28
    78bb:	4f2a 	dst    b,DP+0x2a
    78bc:	10f8 	ld     *(0x3dd0),a
    78bd:	3dd0 
    78be:	80f8 	stl    a,*(0x3dcf)
    78bf:	3dcf 
    78c0:	10f8 	ld     *(0x3dd1),a
    78c1:	3dd1 
    78c2:	80f8 	stl    a,*(0x3dd0)
    78c3:	3dd0 
    78c4:	76f8 	st     #0,*(0x3dd1)
    78c5:	3dd1 
    78c6:	0000 
    78c7:	e753 	mvmm   ar5,ar3
    78c8:	771a 	stm    #11,brc
    78c9:	000b 
    78ca:	7714 	stm    #16812,ar4
    78cb:	41ac 
    78cc:	f7b9 	ssbx   st1,ovm
    78cd:	f072 	rptb   0x78e1
    78ce:	78e1 
    78cf:	5693 	dld    *ar3+,a
    78d0:	5794 	dld    *ar4+,b
    78d1:	f620 	sub    b,a
    78d2:	f47d 	sfta   a,-3
    78d3:	5724 	dld    DP+0x24,b
    78d4:	f600 	add    b,a
    78d5:	4e24 	dst    a,DP+0x24
    78d6:	572a 	dld    DP+0x2a,b
    78d7:	f520 	sub    a,b
    78d8:	f84a 	bc     0x78e1,bgeq
    78d9:	78e1 
    78da:	4e2a 	dst    a,DP+0x2a
    78db:	491a 	ldm    brc,b
    78dc:	f300 	add    #-11,b
    78dd:	fff5 
    78de:	f784 	neg    b
    78df:	81f8 	stl    b,*(0x3dd1)
    78e0:	3dd1 
    78e1:	f495 	nop    
    78e2:	f6b9 	rsbx   st1,ovm
    78e3:	f074 	call   0x79e8
    78e4:	79e8 
    78e5:	fc00 	ret    
    78e6:	e752 	mvmm   ar5,ar2
    78e7:	7711 	stm    #15826,ar1
    78e8:	3dd2 
    78e9:	11f8 	ld     *(0x8f9),b
    78ea:	08f9 
    78eb:	fa4c 	bcd    0x78f9,bneq
    78ec:	78f9 
    78ed:	7681 	st     #176,*ar1
    78ee:	00b0 
    78ef:	6ff8 	ld     *(0xc41),8,a
    78f0:	0c41 
    78f1:	0c48 
    78f2:	f274 	calld  0x75c5
    78f3:	75c5 
    78f4:	f6b9 	rsbx   st1,ovm
    78f5:	f495 	nop    
    78f6:	880e 	stlm   a,t
    78f7:	f073 	b      0x7903
    78f8:	7903 
    78f9:	7681 	st     #576,*ar1
    78fa:	0240 
    78fb:	6ff8 	ld     *(0xc42),10,a
    78fc:	0c42 
    78fd:	0c4a 
    78fe:	f274 	calld  0x75c5
    78ff:	75c5 
    7900:	f6b9 	rsbx   st1,ovm
    7901:	f495 	nop    
    7902:	880e 	stlm   a,t
    7903:	561c 	dld    DP+0x1c,a
    7904:	f110 	sub    #256,a,b
    7905:	0100 
    7906:	fc4f 	rc     bleq
    7907:	251d 	mpyu   DP+0x1d,b
    7908:	f770 	sfta   b,-16
    7909:	f788 	maca   t,b
    790a:	5522 	dsub   DP+0x22,b
    790b:	fc4a 	rc     bgeq
    790c:	5622 	dld    DP+0x22,a
    790d:	5420 	dsub   DP+0x20,a
    790e:	f842 	bc     0x7916,ageq
    790f:	7916 
    7910:	561a 	dld    DP+0x1a,a
    7911:	251b 	mpyu   DP+0x1b,b
    7912:	f770 	sfta   b,-16
    7913:	f788 	maca   t,b
    7914:	5520 	dsub   DP+0x20,b
    7915:	fc4b 	rc     blt
    7916:	11f8 	ld     *(0x8f9),b
    7917:	08f9 
    7918:	fa4c 	bcd    0x7923,bneq
    7919:	7923 
    791a:	770e 	stm    #48,t
    791b:	0030 
    791c:	44f8 	ld     *(0x3fb4),16,a
    791d:	3fb4 
    791e:	f061 	sub    #3,16,a
    791f:	0003 
    7920:	f58c 	mpya   b
    7921:	f073 	b      0x794b
    7922:	794b 
    7923:	e754 	mvmm   ar5,ar4
    7924:	771a 	stm    #2,brc
    7925:	0002 
    7926:	7712 	stm    #16806,ar2
    7927:	41a6 
    7928:	7713 	stm    #15823,ar3
    7929:	3dcf 
    792a:	e900 	ld     #0,b
    792b:	7694 	st     #0,*ar4+
    792c:	0000 
    792d:	7694 	st     #0,*ar4+
    792e:	0000 
    792f:	768c 	st     #0,*ar4-
    7930:	0000 
    7931:	f072 	rptb   0x793d
    7932:	793d 
    7933:	5692 	dld    *ar2+,a
    7934:	f620 	sub    b,a
    7935:	f847 	bc     0x793a,aleq
    7936:	793a 
    7937:	f500 	add    a,b
    7938:	e51a 	mvdd   *ar3,*ar4+
    7939:	e532 	mvdd   *ar5,*ar4
    793a:	e754 	mvmm   ar5,ar4
    793b:	6d93 	mar    *ar3+
    793c:	6b94 	addm   #1,*ar4+
    793d:	0001 
    793e:	1194 	ld     *ar4+,b
    793f:	f762 	sfta   b,2
    7940:	44f8 	ld     *(0x3fb4),16,a
    7941:	3fb4 
    7942:	f061 	sub    #3,16,a
    7943:	0003 
    7944:	3c84 	add    *ar4,16,a
    7945:	f061 	sub    #2,16,a
    7946:	0002 
    7947:	f48c 	mpya   a
    7948:	f500 	add    a,b
    7949:	f310 	sub    #5,b
    794a:	0005 
    794b:	6ff8 	sub    *(0xc3d),b,a
    794c:	0c3d 
    794d:	0e20 
    794e:	fc47 	rc     aleq
    794f:	44f8 	ld     *(0x3fb3),16,a
    7950:	3fb3 
    7951:	f061 	sub    #3,16,a
    7952:	0003 
    7953:	770e 	stm    #48,t
    7954:	0030 
    7955:	f48c 	mpya   a
    7956:	08f8 	sub    *(0xc3e),a
    7957:	0c3e 
    7958:	f620 	sub    b,a
    7959:	fc47 	rc     aleq
    795a:	81f8 	stl    b,*(0x8fa)
    795b:	08fa 
    795c:	fe00 	retd   
    795d:	767e 	st     #4,DP+0x7e
    795e:	0004 
    795f:	107e 	ld     DP+0x7e,a
    7960:	f010 	sub    #4,a
    7961:	0004 
    7962:	f844 	bc     0x79d6,aneq
    7963:	79d6 
    7964:	5614 	dld    DP+0x14,a
    7965:	5716 	dld    DP+0x16,b
    7966:	f485 	abs    a
    7967:	f785 	abs    b
    7968:	f586 	max    b
    7969:	f58e 	exp    b
    796a:	5614 	dld    DP+0x14,a
    796b:	5716 	dld    DP+0x16,b
    796c:	f48f 	norm   a
    796d:	f78f 	norm   b
    796e:	e754 	mvmm   ar5,ar4
    796f:	e753 	mvmm   ar5,ar3
    7970:	e755 	mvmm   ar5,ar5
    7971:	6deb 	mar    *+ar3(0x10)
    7972:	0010 
    7973:	6ded 	mar    *+ar5(0x12)
    7974:	0012 
    7975:	6dea 	mar    *+ar2(0xf)
    7976:	000f 
    7977:	8293 	sth    a,*ar3+
    7978:	8383 	sth    b,*ar3
    7979:	f074 	call   0x7624
    797a:	7624 
    797b:	6dea 	mar    *+ar2(0xfff1)
    797c:	fff1 
    797d:	11f8 	ld     *(0x8f9),b
    797e:	08f9 
    797f:	fa4c 	bcd    0x7985,bneq
    7980:	7985 
    7981:	770e 	stm    #32767,t
    7982:	7fff 
    7983:	f073 	b      0x7987
    7984:	7987 
    7985:	770e 	stm    #5461,t
    7986:	1555 
    7987:	f46f 	sfta   a,15
    7988:	f461 	sfta   a,1
    7989:	f48c 	mpya   a
    798a:	f461 	sfta   a,1
    798b:	82f8 	sth    a,*(0x8fc)
    798c:	08fc 
    798d:	76f8 	st     #16384,*(0x8fd)
    798e:	08fd 
    798f:	4000 
    7990:	11f8 	ld     *(0x8f9),b
    7991:	08f9 
    7992:	fa4c 	bcd    0x7998,bneq
    7993:	7998 
    7994:	770e 	stm    #14895,t
    7995:	3a2f 
    7996:	f073 	b      0x799a
    7997:	799a 
    7998:	770e 	stm    #25486,t
    7999:	638e 
    799a:	f7b6 	ssbx   st1,frct
    799b:	5622 	dld    DP+0x22,a
    799c:	2523 	mpyu   DP+0x23,b
    799d:	f770 	sfta   b,-16
    799e:	f788 	maca   t,b
    799f:	f600 	add    b,a
    79a0:	4e22 	dst    a,DP+0x22
    79a1:	f6b6 	rsbx   st1,frct
    79a2:	571c 	dld    DP+0x1c,b
    79a3:	f520 	sub    a,b
    79a4:	f47c 	sfta   a,-4
    79a5:	f620 	sub    b,a
    79a6:	f842 	bc     0x79d6,ageq
    79a7:	79d6 
    79a8:	f58e 	exp    b
    79a9:	f495 	nop    
    79aa:	7092 	mvkd   0xe,*ar2+
    79ab:	000e 
    79ac:	5622 	dld    DP+0x22,a
    79ad:	f78f 	norm   b
    79ae:	838a 	sth    b,*ar2-
    79af:	f48e 	exp    a
    79b0:	f495 	nop    
    79b1:	f48f 	norm   a
    79b2:	f47f 	sfta   a,-1
    79b3:	6b82 	addm   #1,*ar2
    79b4:	0001 
    79b5:	490e 	ldm    t,b
    79b6:	0982 	sub    *ar2,b
    79b7:	f784 	neg    b
    79b8:	8192 	stl    b,*ar2+
    79b9:	f6b9 	rsbx   st1,ovm
    79ba:	f47f 	sfta   a,-1
    79bb:	771a 	stm    #16,brc
    79bc:	0010 
    79bd:	f072 	rptb   0x79bf
    79be:	79bf 
    79bf:	1e82 	subc   *ar2,a
    79c0:	8082 	stl    a,*ar2
    79c1:	128a 	ldu    *ar2-,a
    79c2:	f7b9 	ssbx   st1,ovm
    79c3:	f46a 	sfta   a,10
    79c4:	770e 	stm    #-1,t
    79c5:	ffff 
    79c6:	1182 	ld     *ar2,b
    79c7:	f84d 	bc     0x79d4,beq
    79c8:	79d4 
    79c9:	ff4e 	xc     2,bgt
    79ca:	770e 	stm    #1,t
    79cb:	0001 
    79cc:	f785 	abs    b
    79cd:	f310 	sub    #1,b
    79ce:	0001 
    79cf:	891a 	stlm   b,brc
    79d0:	f495 	nop    
    79d1:	f072 	rptb   0x79d3
    79d2:	79d3 
    79d3:	f48f 	norm   a
    79d4:	82f8 	sth    a,*(0x8fd)
    79d5:	08fd 
    79d6:	117e 	ld     DP+0x7e,b
    79d7:	f310 	sub    #4,b
    79d8:	0004 
    79d9:	5618 	dld    DP+0x18,a
    79da:	fd4d 	xc     1,beq
    79db:	561c 	dld    DP+0x1c,a
    79dc:	f074 	call   0x75e8
    79dd:	75e8 
    79de:	81f8 	stl    b,*(0x8fb)
    79df:	08fb 
    79e0:	107e 	ld     DP+0x7e,a
    79e1:	f010 	sub    #4,a
    79e2:	0004 
    79e3:	fc44 	rc     aneq
    79e4:	69f8 	orm    #1,*(0x8f8)
    79e5:	08f8 
    79e6:	0001 
    79e7:	fc00 	ret    
    79e8:	7714 	stm    #16836,ar4
    79e9:	41c4 
    79ea:	e753 	mvmm   ar5,ar3
    79eb:	6deb 	mar    *+ar3(0x18)
    79ec:	0018 
    79ed:	771a 	stm    #23,brc
    79ee:	0017 
    79ef:	f072 	rptb   0x79f1
    79f0:	79f1 
    79f1:	e5a9 	mvdd   *ar4+,*ar3+
    79f2:	6deb 	mar    *+ar3(0xffe8)
    79f3:	ffe8 
    79f4:	7714 	stm    #16812,ar4
    79f5:	41ac 
    79f6:	771a 	stm    #23,brc
    79f7:	0017 
    79f8:	f072 	rptb   0x79fa
    79f9:	79fa 
    79fa:	e59a 	mvdd   *ar3+,*ar4+
    79fb:	7714 	stm    #16860,ar4
    79fc:	41dc 
    79fd:	6deb 	mar    *+ar3(0xffe8)
    79fe:	ffe8 
    79ff:	771a 	stm    #23,brc
    7a00:	0017 
    7a01:	f072 	rptb   0x7a03
    7a02:	7a03 
    7a03:	e5a9 	mvdd   *ar4+,*ar3+
    7a04:	6deb 	mar    *+ar3(0xffe8)
    7a05:	ffe8 
    7a06:	7714 	stm    #16836,ar4
    7a07:	41c4 
    7a08:	771a 	stm    #23,brc
    7a09:	0017 
    7a0a:	f072 	rptb   0x7a0c
    7a0b:	7a0c 
    7a0c:	e59a 	mvdd   *ar3+,*ar4+
    7a0d:	e753 	mvmm   ar5,ar3
    7a0e:	7714 	stm    #16860,ar4
    7a0f:	41dc 
    7a10:	771a 	stm    #23,brc
    7a11:	0017 
    7a12:	f072 	rptb   0x7a14
    7a13:	7a14 
    7a14:	e59a 	mvdd   *ar3+,*ar4+
    7a15:	fc00 	ret    
    7a16:	f074 	call   0x7c2c
    7a17:	7c2c 
    7a18:	f4e4 	fret   
    7a19:	f074 	call   0x7c27
    7a1a:	7c27 
    7a1b:	f4e4 	fret   
    7a1c:	fe00 	retd   
    7a1d:	0200 	adds   DP+0x00,a
    7a1e:	fe00 	retd   
    7a1f:	fe00 	retd   
    7a20:	fe00 	retd   
    7a21:	0200 	adds   DP+0x00,a
    7a22:	0200 	adds   DP+0x00,a
    7a23:	fe00 	retd   
    7a24:	0200 	adds   DP+0x00,a
    7a25:	fe00 	retd   
    7a26:	fe00 	retd   
    7a27:	0200 	adds   DP+0x00,a
    7a28:	0200 	adds   DP+0x00,a
    7a29:	0200 	adds   DP+0x00,a
    7a2a:	fe00 	retd   
    7a2b:	0200 	adds   DP+0x00,a
    7a2c:	0200 	adds   DP+0x00,a
    7a2d:	0200 	adds   DP+0x00,a
    7a2e:	0200 	adds   DP+0x00,a
    7a2f:	0200 	adds   DP+0x00,a
    7a30:	0200 	adds   DP+0x00,a
    7a31:	fe00 	retd   
    7a32:	0200 	adds   DP+0x00,a
    7a33:	0200 	adds   DP+0x00,a
    7a34:	0200 	adds   DP+0x00,a
    7a35:	0200 	adds   DP+0x00,a
    7a36:	0200 	adds   DP+0x00,a
    7a37:	0200 	adds   DP+0x00,a
    7a38:	fe00 	retd   
    7a39:	fe00 	retd   
    7a3a:	fe00 	retd   
    7a3b:	fe00 	retd   
    7a3c:	0200 	adds   DP+0x00,a
    7a3d:	0200 	adds   DP+0x00,a
    7a3e:	fe00 	retd   
    7a3f:	0200 	adds   DP+0x00,a
    7a40:	fe00 	retd   
    7a41:	fe00 	retd   
    7a42:	0200 	adds   DP+0x00,a
    7a43:	fe00 	retd   
    7a44:	0200 	adds   DP+0x00,a
    7a45:	fe00 	retd   
    7a46:	0200 	adds   DP+0x00,a
    7a47:	0200 	adds   DP+0x00,a
    7a48:	0200 	adds   DP+0x00,a
    7a49:	fe00 	retd   
    7a4a:	0200 	adds   DP+0x00,a
    7a4b:	fe00 	retd   
    7a4c:	0200 	adds   DP+0x00,a
    7a4d:	fe00 	retd   
    7a4e:	fe00 	retd   
    7a4f:	fe00 	retd   
    7a50:	0200 	adds   DP+0x00,a
    7a51:	fe00 	retd   
    7a52:	fe00 	retd   
    7a53:	0200 	adds   DP+0x00,a
    7a54:	0200 	adds   DP+0x00,a
    7a55:	0200 	adds   DP+0x00,a
    7a56:	0200 	adds   DP+0x00,a
    7a57:	fe00 	retd   
    7a58:	fe00 	retd   
    7a59:	0200 	adds   DP+0x00,a
    7a5a:	fe00 	retd   
    7a5b:	fe00 	retd   
    7a5c:	0800 	sub    DP+0x00,a
    7a5d:	0800 	sub    DP+0x00,a
    7a5e:	f800 	bc     0x800,unc
    7a5f:	0800 
    7a60:	0800 	sub    DP+0x00,a
    7a61:	f800 	bc     0x800,unc
    7a62:	0800 
    7a63:	f800 	bc     0xf800,unc
    7a64:	f800 
    7a65:	f800 	bc     0x800,unc
    7a66:	0800 
    7a67:	0800 	sub    DP+0x00,a
    7a68:	0800 	sub    DP+0x00,a
    7a69:	0800 	sub    DP+0x00,a
    7a6a:	f800 	bc     0x800,unc
    7a6b:	0800 
    7a6c:	0800 	sub    DP+0x00,a
    7a6d:	0800 	sub    DP+0x00,a
    7a6e:	f800 	bc     0x800,unc
    7a6f:	0800 
    7a70:	0800 	sub    DP+0x00,a
    7a71:	f800 	bc     0x800,unc
    7a72:	0800 
    7a73:	f800 	bc     0xf800,unc
    7a74:	f800 
    7a75:	f800 	bc     0x800,unc
    7a76:	0800 
    7a77:	0800 	sub    DP+0x00,a
    7a78:	f800 	bc     0x800,unc
    7a79:	0800 
    7a7a:	f800 	bc     0xf800,unc
    7a7b:	f800 
    7a7c:	0800 	sub    DP+0x00,a
    7a7d:	f800 	bc     0xf800,unc
    7a7e:	f800 
    7a7f:	f800 	bc     0x800,unc
    7a80:	0800 
    7a81:	f800 	bc     0xf800,unc
    7a82:	f800 
    7a83:	f800 	bc     0xf800,unc
    7a84:	f800 
    7a85:	0800 	sub    DP+0x00,a
    7a86:	0800 	sub    DP+0x00,a
    7a87:	0800 	sub    DP+0x00,a
    7a88:	f800 	bc     0x800,unc
    7a89:	0800 
    7a8a:	f800 	bc     0xf800,unc
    7a8b:	f800 
    7a8c:	0800 	sub    DP+0x00,a
    7a8d:	f800 	bc     0xf800,unc
    7a8e:	f800 
    7a8f:	f800 	bc     0x800,unc
    7a90:	0800 
    7a91:	f800 	bc     0x800,unc
    7a92:	0800 
    7a93:	0800 	sub    DP+0x00,a
    7a94:	0800 	sub    DP+0x00,a
    7a95:	0800 	sub    DP+0x00,a
    7a96:	f800 	bc     0xf800,unc
    7a97:	f800 
    7a98:	f800 	bc     0x800,unc
    7a99:	0800 
    7a9a:	f800 	bc     0xf800,unc
    7a9b:	f800 
    7a9c:	f800 	bc     0x800,unc
    7a9d:	0800 
    7a9e:	f800 	bc     0x800,unc
    7a9f:	0800 
    7aa0:	0800 	sub    DP+0x00,a
    7aa1:	f800 	bc     0x800,unc
    7aa2:	0800 
    7aa3:	0800 	sub    DP+0x00,a
    7aa4:	0800 	sub    DP+0x00,a
    7aa5:	0800 	sub    DP+0x00,a
    7aa6:	f800 	bc     0xf800,unc
    7aa7:	f800 
    7aa8:	f800 	bc     0x800,unc
    7aa9:	0800 
    7aaa:	0800 	sub    DP+0x00,a
    7aab:	f800 	bc     0x800,unc
    7aac:	0800 
    7aad:	0800 	sub    DP+0x00,a
    7aae:	0800 	sub    DP+0x00,a
    7aaf:	f800 	bc     0xf800,unc
    7ab0:	f800 
    7ab1:	f800 	bc     0xf800,unc
    7ab2:	f800 
    7ab3:	0800 	sub    DP+0x00,a
    7ab4:	f800 	bc     0xf800,unc
    7ab5:	f800 
    7ab6:	0800 	sub    DP+0x00,a
    7ab7:	f800 	bc     0x800,unc
    7ab8:	0800 
    7ab9:	0800 	sub    DP+0x00,a
    7aba:	0800 	sub    DP+0x00,a
    7abb:	f800 	bc     0x800,unc
    7abc:	0800 
    7abd:	0800 	sub    DP+0x00,a
    7abe:	0800 	sub    DP+0x00,a
    7abf:	f800 	bc     0xf800,unc
    7ac0:	f800 
    7ac1:	f800 	bc     0xf800,unc
    7ac2:	f800 
    7ac3:	0800 	sub    DP+0x00,a
    7ac4:	0800 	sub    DP+0x00,a
    7ac5:	0800 	sub    DP+0x00,a
    7ac6:	0800 	sub    DP+0x00,a
    7ac7:	f800 	bc     0xf800,unc
    7ac8:	f800 
    7ac9:	0800 	sub    DP+0x00,a
    7aca:	f800 	bc     0x800,unc
    7acb:	0800 
    7acc:	f800 	bc     0xf800,unc
    7acd:	f800 
    7ace:	f800 	bc     0x800,unc
    7acf:	0800 
    7ad0:	0800 	sub    DP+0x00,a
    7ad1:	f800 	bc     0x800,unc
    7ad2:	0800 
    7ad3:	0800 	sub    DP+0x00,a
    7ad4:	0800 	sub    DP+0x00,a
    7ad5:	0800 	sub    DP+0x00,a
    7ad6:	0800 	sub    DP+0x00,a
    7ad7:	f800 	bc     0xf800,unc
    7ad8:	f800 
    7ad9:	0800 	sub    DP+0x00,a
    7ada:	f800 	bc     0x800,unc
    7adb:	0800 
    7adc:	f800 	bc     0xf800,unc
    7add:	f800 
    7ade:	0800 	sub    DP+0x00,a
    7adf:	f800 	bc     0x800,unc
    7ae0:	0800 
    7ae1:	0800 	sub    DP+0x00,a
    7ae2:	f800 	bc     0xf800,unc
    7ae3:	f800 
    7ae4:	f800 	bc     0x800,unc
    7ae5:	0800 
    7ae6:	f800 	bc     0x800,unc
    7ae7:	0800 
    7ae8:	f800 	bc     0xf800,unc
    7ae9:	f800 
    7aea:	0800 	sub    DP+0x00,a
    7aeb:	0800 	sub    DP+0x00,a
    7aec:	0800 	sub    DP+0x00,a
    7aed:	0800 	sub    DP+0x00,a
    7aee:	0800 	sub    DP+0x00,a
    7aef:	f800 	bc     0x800,unc
    7af0:	0800 
    7af1:	0800 	sub    DP+0x00,a
    7af2:	f800 	bc     0xf800,unc
    7af3:	f800 
    7af4:	f800 	bc     0x800,unc
    7af5:	0800 
    7af6:	f800 	bc     0x800,unc
    7af7:	0800 
    7af8:	f800 	bc     0x800,unc
    7af9:	0800 
    7afa:	f800 	bc     0x800,unc
    7afb:	0800 
    7afc:	0800 	sub    DP+0x00,a
    7afd:	f800 	bc     0xf800,unc
    7afe:	f800 
    7aff:	f800 	bc     0xf800,unc
    7b00:	f800 
    7b01:	f800 	bc     0x800,unc
    7b02:	0800 
    7b03:	f800 	bc     0xf800,unc
    7b04:	f800 
    7b05:	0800 	sub    DP+0x00,a
    7b06:	0800 	sub    DP+0x00,a
    7b07:	0800 	sub    DP+0x00,a
    7b08:	f800 	bc     0x800,unc
    7b09:	0800 
    7b0a:	f800 	bc     0x800,unc
    7b0b:	0800 
    7b0c:	0800 	sub    DP+0x00,a
    7b0d:	f800 	bc     0xf800,unc
    7b0e:	f800 
    7b0f:	f800 	bc     0xf800,unc
    7b10:	f800 
    7b11:	f800 	bc     0xf800,unc
    7b12:	f800 
    7b13:	f800 	bc     0xf800,unc
    7b14:	f800 
    7b15:	0800 	sub    DP+0x00,a
    7b16:	f800 	bc     0xf800,unc
    7b17:	f800 
    7b18:	f800 	bc     0xf800,unc
    7b19:	f800 
    7b1a:	0800 	sub    DP+0x00,a
    7b1b:	0800 	sub    DP+0x00,a
    7b1c:	0800 	sub    DP+0x00,a
    7b1d:	f800 	bc     0x800,unc
    7b1e:	0800 
    7b1f:	0800 	sub    DP+0x00,a
    7b20:	f800 	bc     0x800,unc
    7b21:	0800 
    7b22:	f800 	bc     0xf800,unc
    7b23:	f800 
    7b24:	f800 	bc     0x800,unc
    7b25:	0800 
    7b26:	f800 	bc     0xf800,unc
    7b27:	f800 
    7b28:	f800 	bc     0xf800,unc
    7b29:	f800 
    7b2a:	0800 	sub    DP+0x00,a
    7b2b:	0800 	sub    DP+0x00,a
    7b2c:	f800 	bc     0xf800,unc
    7b2d:	f800 
    7b2e:	f800 	bc     0xf800,unc
    7b2f:	f800 
    7b30:	f800 	bc     0x800,unc
    7b31:	0800 
    7b32:	f800 	bc     0xf800,unc
    7b33:	f800 
    7b34:	0800 	sub    DP+0x00,a
    7b35:	f800 	bc     0xf800,unc
    7b36:	f800 
    7b37:	f800 	bc     0x800,unc
    7b38:	0800 
    7b39:	f800 	bc     0xf800,unc
    7b3a:	f800 
    7b3b:	0800 	sub    DP+0x00,a
    7b3c:	0800 	sub    DP+0x00,a
    7b3d:	0800 	sub    DP+0x00,a
    7b3e:	0800 	sub    DP+0x00,a
    7b3f:	0800 	sub    DP+0x00,a
    7b40:	f800 	bc     0x800,unc
    7b41:	0800 
    7b42:	f800 	bc     0x800,unc
    7b43:	0800 
    7b44:	0800 	sub    DP+0x00,a
    7b45:	f800 	bc     0x800,unc
    7b46:	0800 
    7b47:	0800 	sub    DP+0x00,a
    7b48:	f800 	bc     0xf800,unc
    7b49:	f800 
    7b4a:	f800 	bc     0x800,unc
    7b4b:	0800 
    7b4c:	0800 	sub    DP+0x00,a
    7b4d:	0800 	sub    DP+0x00,a
    7b4e:	0800 	sub    DP+0x00,a
    7b4f:	0800 	sub    DP+0x00,a
    7b50:	f800 	bc     0x800,unc
    7b51:	0800 
    7b52:	0800 	sub    DP+0x00,a
    7b53:	f800 	bc     0x800,unc
    7b54:	0800 
    7b55:	0800 	sub    DP+0x00,a
    7b56:	0800 	sub    DP+0x00,a
    7b57:	f800 	bc     0x800,unc
    7b58:	0800 
    7b59:	0800 	sub    DP+0x00,a
    7b5a:	0800 	sub    DP+0x00,a
    7b5b:	0800 	sub    DP+0x00,a
    7b5c:	0800 	sub    DP+0x00,a
    7b5d:	0800 	sub    DP+0x00,a
    7b5e:	0800 	sub    DP+0x00,a
    7b5f:	f800 	bc     0xf800,unc
    7b60:	f800 
    7b61:	f800 	bc     0xf800,unc
    7b62:	f800 
    7b63:	f800 	bc     0x800,unc
    7b64:	0800 
    7b65:	f800 	bc     0xf800,unc
    7b66:	f800 
    7b67:	f800 	bc     0x800,unc
    7b68:	0800 
    7b69:	f800 	bc     0x800,unc
    7b6a:	0800 
    7b6b:	0800 	sub    DP+0x00,a
    7b6c:	f800 	bc     0x800,unc
    7b6d:	0800 
    7b6e:	f800 	bc     0x800,unc
    7b6f:	0800 
    7b70:	0800 	sub    DP+0x00,a
    7b71:	0800 	sub    DP+0x00,a
    7b72:	f800 	bc     0xf800,unc
    7b73:	f800 
    7b74:	0800 	sub    DP+0x00,a
    7b75:	0800 	sub    DP+0x00,a
    7b76:	f800 	bc     0xf800,unc
    7b77:	f800 
    7b78:	0800 	sub    DP+0x00,a
    7b79:	0800 	sub    DP+0x00,a
    7b7a:	f800 	bc     0xf800,unc
    7b7b:	f800 
    7b7c:	f800 	bc     0x800,unc
    7b7d:	0800 
    7b7e:	0800 	sub    DP+0x00,a
    7b7f:	f800 	bc     0xf800,unc
    7b80:	f800 
    7b81:	f800 	bc     0xf800,unc
    7b82:	f800 
    7b83:	0800 	sub    DP+0x00,a
    7b84:	f800 	bc     0x800,unc
    7b85:	0800 
    7b86:	0800 	sub    DP+0x00,a
    7b87:	f800 	bc     0xf800,unc
    7b88:	f800 
    7b89:	f800 	bc     0xf800,unc
    7b8a:	f800 
    7b8b:	f800 	bc     0x800,unc
    7b8c:	0800 
    7b8d:	0800 	sub    DP+0x00,a
    7b8e:	0800 	sub    DP+0x00,a
    7b8f:	f800 	bc     0x800,unc
    7b90:	0800 
    7b91:	0800 	sub    DP+0x00,a
    7b92:	f800 	bc     0x800,unc
    7b93:	0800 
    7b94:	f800 	bc     0xf800,unc
    7b95:	f800 
    7b96:	f800 	bc     0xf800,unc
    7b97:	f800 
    7b98:	f800 	bc     0x800,unc
    7b99:	0800 
    7b9a:	f800 	bc     0x800,unc
    7b9b:	0800 
    7b9c:	f800 	bc     0x800,unc
    7b9d:	0800 
    7b9e:	fff8 	xc     2,bov
    7b9f:	fff8 	xc     2,bov
    7ba0:	fff8 	xc     2,bov
    7ba1:	fff8 	xc     2,bov
    7ba2:	fff8 	xc     2,bov
    7ba3:	fff8 	xc     2,bov
    7ba4:	fff8 	xc     2,bov
    7ba5:	fff8 	xc     2,bov
    7ba6:	fff8 	xc     2,bov
    7ba7:	fff8 	xc     2,bov
    7ba8:	fff8 	xc     2,bov
    7ba9:	fff8 	xc     2,bov
    7baa:	fff8 	xc     2,bov
    7bab:	fff8 	xc     2,bov
    7bac:	fff8 	xc     2,bov
    7bad:	fff9 	xc     2,b??, bov
    7bae:	fff9 	xc     2,b??, bov
    7baf:	fff9 	xc     2,b??, bov
    7bb0:	fff9 	xc     2,b??, bov
    7bb1:	fff9 	xc     2,b??, bov
    7bb2:	fff9 	xc     2,b??, bov
    7bb3:	fff9 	xc     2,b??, bov
    7bb4:	fff9 	xc     2,b??, bov
    7bb5:	fff9 	xc     2,b??, bov
    7bb6:	fff9 	xc     2,b??, bov
    7bb7:	fff9 	xc     2,b??, bov
    7bb8:	fff9 	xc     2,b??, bov
    7bb9:	fffa 	xc     2,bgeq, bov
    7bba:	fffa 	xc     2,bgeq, bov
    7bbb:	fffa 	xc     2,bgeq, bov
    7bbc:	fffa 	xc     2,bgeq, bov
    7bbd:	fffa 	xc     2,bgeq, bov
    7bbe:	fffa 	xc     2,bgeq, bov
    7bbf:	fffa 	xc     2,bgeq, bov
    7bc0:	fffa 	xc     2,bgeq, bov
    7bc1:	fffa 	xc     2,bgeq, bov
    7bc2:	fffa 	xc     2,bgeq, bov
    7bc3:	fffa 	xc     2,bgeq, bov
    7bc4:	fffa 	xc     2,bgeq, bov
    7bc5:	fffb 	xc     2,blt, bov
    7bc6:	fffb 	xc     2,blt, bov
    7bc7:	fffb 	xc     2,blt, bov
    7bc8:	fffb 	xc     2,blt, bov
    7bc9:	fffb 	xc     2,blt, bov
    7bca:	fffb 	xc     2,blt, bov
    7bcb:	fffb 	xc     2,blt, bov
    7bcc:	fffb 	xc     2,blt, bov
    7bcd:	fffc 	xc     2,bneq, bov
    7bce:	fffc 	xc     2,bneq, bov
    7bcf:	fffc 	xc     2,bneq, bov
    7bd0:	fffc 	xc     2,bneq, bov
    7bd1:	fffc 	xc     2,bneq, bov
    7bd2:	fffc 	xc     2,bneq, bov
    7bd3:	fffc 	xc     2,bneq, bov
    7bd4:	fffc 	xc     2,bneq, bov
    7bd5:	fffd 	xc     2,beq, bov
    7bd6:	fffd 	xc     2,beq, bov
    7bd7:	fffd 	xc     2,beq, bov
    7bd8:	fffd 	xc     2,beq, bov
    7bd9:	fffe 	xc     2,bgt, bov
    7bda:	fffe 	xc     2,bgt, bov
    7bdb:	fffe 	xc     2,bgt, bov
    7bdc:	fffe 	xc     2,bgt, bov
    7bdd:	ffff 	xc     2,bleq, bov
    7bde:	0001 	add    DP+0x01,a
    7bdf:	0001 	add    DP+0x01,a
    7be0:	0002 	add    DP+0x02,a
    7be1:	0002 	add    DP+0x02,a
    7be2:	0002 	add    DP+0x02,a
    7be3:	0002 	add    DP+0x02,a
    7be4:	0003 	add    DP+0x03,a
    7be5:	0003 	add    DP+0x03,a
    7be6:	0003 	add    DP+0x03,a
    7be7:	0003 	add    DP+0x03,a
    7be8:	0004 	add    DP+0x04,a
    7be9:	0004 	add    DP+0x04,a
    7bea:	0004 	add    DP+0x04,a
    7beb:	0004 	add    DP+0x04,a
    7bec:	0004 	add    DP+0x04,a
    7bed:	0004 	add    DP+0x04,a
    7bee:	0004 	add    DP+0x04,a
    7bef:	0004 	add    DP+0x04,a
    7bf0:	0005 	add    DP+0x05,a
    7bf1:	0005 	add    DP+0x05,a
    7bf2:	0005 	add    DP+0x05,a
    7bf3:	0005 	add    DP+0x05,a
    7bf4:	0005 	add    DP+0x05,a
    7bf5:	0005 	add    DP+0x05,a
    7bf6:	0005 	add    DP+0x05,a
    7bf7:	0005 	add    DP+0x05,a
    7bf8:	0006 	add    DP+0x06,a
    7bf9:	0006 	add    DP+0x06,a
    7bfa:	0006 	add    DP+0x06,a
    7bfb:	0006 	add    DP+0x06,a
    7bfc:	0006 	add    DP+0x06,a
    7bfd:	0006 	add    DP+0x06,a
    7bfe:	0006 	add    DP+0x06,a
    7bff:	0006 	add    DP+0x06,a
    7c00:	0006 	add    DP+0x06,a
    7c01:	0006 	add    DP+0x06,a
    7c02:	0006 	add    DP+0x06,a
    7c03:	0006 	add    DP+0x06,a
    7c04:	0007 	add    DP+0x07,a
    7c05:	0007 	add    DP+0x07,a
    7c06:	0007 	add    DP+0x07,a
    7c07:	0007 	add    DP+0x07,a
    7c08:	0007 	add    DP+0x07,a
    7c09:	0007 	add    DP+0x07,a
    7c0a:	0007 	add    DP+0x07,a
    7c0b:	0007 	add    DP+0x07,a
    7c0c:	0007 	add    DP+0x07,a
    7c0d:	0007 	add    DP+0x07,a
    7c0e:	0007 	add    DP+0x07,a
    7c0f:	0007 	add    DP+0x07,a
	...
    7c1e:	0000 	add    DP+0x00,a
    7c1f:	ed00 	ld     #0,asm
    7c20:	f6be 	rsbx   st1,cpl
    7c21:	f6b7 	rsbx   st1,c16
    7c22:	f7b8 	ssbx   st1,sxm
    7c23:	ea5e 	ld     #94,dp
    7c24:	fe00 	retd   
    7c25:	7719 	stm    #0,bk
    7c26:	0000 
    7c27:	4a06 	pshm   st0
    7c28:	f074 	call   0x7c1f
    7c29:	7c1f 
    7c2a:	f073 	b      0x7e97
    7c2b:	7e97 
    7c2c:	4a06 	pshm   st0
    7c2d:	f074 	call   0x7c1f
    7c2e:	7c1f 
    7c2f:	f073 	b      0x7c31
    7c30:	7c31 
    7c31:	770e 	stm    #172,t
    7c32:	00ac 
    7c33:	771a 	stm    #189,brc
    7c34:	00bd 
    7c35:	7712 	stm    #3278,ar2
    7c36:	0cce 
    7c37:	7715 	stm    #3660,ar5
    7c38:	0e4c 
    7c39:	f274 	calld  0x81a5
    7c3a:	81a5 
    7c3b:	45f8 	ld     *(0xc43),16,b
    7c3c:	0c43 
    7c3d:	7712 	stm    #3278,ar2
    7c3e:	0cce 
    7c3f:	7713 	stm    #10752,ar3
    7c40:	2a00 
    7c41:	7714 	stm    #10944,ar4
    7c42:	2ac0 
    7c43:	7715 	stm    #3660,ar5
    7c44:	0e4c 
    7c45:	f274 	calld  0x81c8
    7c46:	81c8 
    7c47:	771a 	stm    #47,brc
    7c48:	002f 
    7c49:	7712 	stm    #11498,ar2
    7c4a:	2cea 
    7c4b:	f020 	ld     #31260,a
    7c4c:	7a1c 
    7c4d:	f030 	and    #-1,a
    7c4e:	ffff 
    7c4f:	ec19 	rpt    #25
    7c50:	7e92 	reada  *ar2+
    7c51:	f000 	add    #26,a
    7c52:	001a 
    7c53:	ec19 	rpt    #25
    7c54:	7e92 	reada  *ar2+
    7c55:	f000 	add    #26,a
    7c56:	001a 
    7c57:	ec0b 	rpt    #11
    7c58:	7e92 	reada  *ar2+
    7c59:	f074 	call   0x84a1
    7c5a:	84a1 
    7c5b:	f074 	call   0x84ca
    7c5c:	84ca 
    7c5d:	f6b6 	rsbx   st1,frct
    7c5e:	f6b9 	rsbx   st1,ovm
    7c5f:	7210 	mvdm   0x2f06,ar0
    7c60:	2f06 
    7c61:	7712 	stm    #10794,ar2
    7c62:	2a2a 
    7c63:	7713 	stm    #10986,ar3
    7c64:	2aea 
    7c65:	771a 	stm    #63,brc
    7c66:	003f 
    7c67:	f272 	rptbd  0x7c6c
    7c68:	7c6c 
    7c69:	a0cd 	add    *ar2+0%,*ar3+0%,a
    7c6a:	e800 	ld     #0,a
    7c6b:	3892 	squra  *ar2+,a
    7c6c:	3893 	squra  *ar3+,a
    7c6d:	f47a 	sfta   a,-6
    7c6e:	f483 	sat    a
    7c6f:	7712 	stm    #12066,ar2
    7c70:	2f22 
    7c71:	f274 	calld  0x75e8
    7c72:	75e8 
    7c73:	4e00 	dst    a,DP+0x00
    7c74:	f47f 	sfta   a,-1
    7c75:	811d 	stl    b,DP+0x1d
    7c76:	f7b9 	ssbx   st1,ovm
    7c77:	770e 	stm    #1638,t
    7c78:	0666 
    7c79:	f7b6 	ssbx   st1,frct
    7c7a:	7712 	stm    #12033,ar2
    7c7b:	2f01 
    7c7c:	258a 	mpyu   *ar2-,b
    7c7d:	f770 	sfta   b,-16
    7c7e:	2482 	mpyu   *ar2,a
    7c7f:	f500 	add    a,b
    7c80:	4f00 	dst    b,DP+0x00
    7c81:	7210 	mvdm   0x2f06,ar0
    7c82:	2f06 
    7c83:	7712 	stm    #11350,ar2
    7c84:	2c56 
    7c85:	6db2 	mar    *ar2+0
    7c86:	7713 	stm    #11336,ar3
    7c87:	2c48 
    7c88:	ec06 	rpt    #6
    7c89:	e589 	mvdd   *ar2+,*ar3+
    7c8a:	6dea 	mar    *+ar2(0x2b)
    7c8b:	002b 
    7c8c:	ec06 	rpt    #6
    7c8d:	e589 	mvdd   *ar2+,*ar3+
    7c8e:	f6b9 	rsbx   st1,ovm
    7c8f:	7712 	stm    #11470,ar2
    7c90:	2cce 
    7c91:	f071 	rptz   a,#6
    7c92:	0006 
    7c93:	8292 	sth    a,*ar2+
    7c94:	ec06 	rpt    #6
    7c95:	8292 	sth    a,*ar2+
    7c96:	7719 	stm    #0,bk
    7c97:	0000 
    7c98:	7712 	stm    #11350,ar2
    7c99:	2c56 
    7c9a:	7713 	stm    #11400,ar3
    7c9b:	2c88 
    7c9c:	7714 	stm    #11470,ar4
    7c9d:	2cce 
    7c9e:	7715 	stm    #11477,ar5
    7c9f:	2cd5 
    7ca0:	7716 	stm    #11236,ar6
    7ca1:	2be4 
    7ca2:	a1cd 	add    *ar2+0%,*ar3+0%,b
    7ca3:	6db6 	mar    *ar6+0
    7ca4:	6db6 	mar    *ar6+0
    7ca5:	e900 	ld     #0,b
    7ca6:	f4bc 	rsbx   st0,tc
    7ca7:	7717 	stm    #11236,ar7
    7ca8:	2be4 
    7ca9:	771a 	stm    #6,brc
    7caa:	0006 
    7cab:	f272 	rptbd  0x7cbb
    7cac:	7cbb 
    7cad:	6db7 	mar    *ar7+0
    7cae:	6db7 	mar    *ar7+0
    7caf:	5600 	dld    DP+0x00,a
    7cb0:	5486 	dsub   *ar6,a
    7cb1:	f846 	bc     0x7cb7,agt
    7cb2:	7cb7 
    7cb3:	f5bc 	ssbx   st0,tc
    7cb4:	5386 	dadd   *ar6,b
    7cb5:	e502 	mvdd   *ar2,*ar4
    7cb6:	e513 	mvdd   *ar3,*ar5
    7cb7:	e5a8 	mvdd   *ar4+,*ar2+
    7cb8:	e5b9 	mvdd   *ar5+,*ar3+
    7cb9:	5096 	dadd   *ar6+,a
    7cba:	fd20 	xc     1,ntc
    7cbb:	e767 	mvmm   ar6,ar7
    7cbc:	4817 	ldm    ar7,a
    7cbd:	f010 	sub    #11236,a
    7cbe:	2be4 
    7cbf:	6f1f 	stl    a,-1,DP+0x1f
    7cc0:	0c9f 
    7cc1:	4f00 	dst    b,DP+0x00
    7cc2:	771a 	stm    #13,brc
    7cc3:	000d 
    7cc4:	e800 	ld     #0,a
    7cc5:	f272 	rptbd  0x7ccb
    7cc6:	7ccb 
    7cc7:	7712 	stm    #11470,ar2
    7cc8:	2cce 
    7cc9:	1192 	ld     *ar2+,b
    7cca:	f785 	abs    b
    7ccb:	f600 	add    b,a
    7ccc:	5700 	dld    DP+0x00,b
    7ccd:	fa44 	bcd    0x7ced,aneq
    7cce:	7ced 
    7ccf:	7712 	stm    #11350,ar2
    7cd0:	2c56 
    7cd1:	7713 	stm    #11336,ar3
    7cd2:	2c48 
    7cd3:	6db2 	mar    *ar2+0
    7cd4:	ec06 	rpt    #6
    7cd5:	e598 	mvdd   *ar3+,*ar2+
    7cd6:	6dea 	mar    *+ar2(0x2b)
    7cd7:	002b 
    7cd8:	ec06 	rpt    #6
    7cd9:	e598 	mvdd   *ar3+,*ar2+
    7cda:	7712 	stm    #11470,ar2
    7cdb:	2cce 
    7cdc:	7713 	stm    #11350,ar3
    7cdd:	2c56 
    7cde:	6db3 	mar    *ar3+0
    7cdf:	ec06 	rpt    #6
    7ce0:	e598 	mvdd   *ar3+,*ar2+
    7ce1:	6deb 	mar    *+ar3(0x2b)
    7ce2:	002b 
    7ce3:	ec06 	rpt    #6
    7ce4:	e598 	mvdd   *ar3+,*ar2+
    7ce5:	7310 	mvmd   ar0,0x2f1f
    7ce6:	2f1f 
    7ce7:	7712 	stm    #11236,ar2
    7ce8:	2be4 
    7ce9:	6db2 	mar    *ar2+0
    7cea:	6db2 	mar    *ar2+0
    7ceb:	ec06 	rpt    #6
    7cec:	5392 	dadd   *ar2+,b
    7ced:	f58e 	exp    b
    7cee:	f7b9 	ssbx   st1,ovm
    7cef:	f495 	nop    
    7cf0:	f78f 	norm   b
    7cf1:	830b 	sth    b,DP+0x0b
    7cf2:	8c0c 	st     t,DP+0x0c
    7cf3:	771a 	stm    #6,brc
    7cf4:	0006 
    7cf5:	7712 	stm    #11476,ar2
    7cf6:	2cd4 
    7cf7:	108a 	ld     *ar2-,a
    7cf8:	f272 	rptbd  0x7d03
    7cf9:	7d03 
    7cfa:	7713 	stm    #11483,ar3
    7cfb:	2cdb 
    7cfc:	118b 	ld     *ar3-,b
    7cfd:	ff44 	xc     2,aneq
    7cfe:	f073 	b      0x7d08
    7cff:	7d08 
    7d00:	108a 	ld     *ar2-,a
    7d01:	ff4c 	xc     2,bneq
    7d02:	f073 	b      0x7d0d
    7d03:	7d0d 
    7d04:	f273 	bd     0x7d12
    7d05:	7d12 
    7d06:	f0c0 	xor    a
    7d07:	f495 	nop    
    7d08:	4812 	ldm    ar2,a
    7d09:	f273 	bd     0x7d12
    7d0a:	7d12 
    7d0b:	f010 	sub    #11468,a
    7d0c:	2ccc 
    7d0d:	4813 	ldm    ar3,a
    7d0e:	f273 	bd     0x7d12
    7d0f:	7d12 
    7d10:	f010 	sub    #11475,a
    7d11:	2cd3 
    7d12:	081f 	sub    DP+0x1f,a
    7d13:	0006 	add    DP+0x06,a
    7d14:	8007 	stl    a,DP+0x07
    7d15:	101f 	ld     DP+0x1f,a
    7d16:	0806 	sub    DP+0x06,a
    7d17:	8008 	stl    a,DP+0x08
    7d18:	f7b9 	ssbx   st1,ovm
    7d19:	f02f 	ld     #1,15,a
    7d1a:	0001 
    7d1b:	f46d 	sfta   a,13
    7d1c:	ec0f 	rpt    #15
    7d1d:	1e0b 	subc   DP+0x0b,a
    7d1e:	800a 	stl    a,DP+0x0a
    7d1f:	7712 	stm    #11470,ar2
    7d20:	2cce 
    7d21:	300a 	ld     DP+0x0a,t
    7d22:	771a 	stm    #6,brc
    7d23:	0006 
    7d24:	f274 	calld  0x81df
    7d25:	81df 
    7d26:	7713 	stm    #11477,ar3
    7d27:	2cd5 
    7d28:	7210 	mvdm   0x2f06,ar0
    7d29:	2f06 
    7d2a:	7719 	stm    #0,bk
    7d2b:	0000 
    7d2c:	7712 	stm    #11351,ar2
    7d2d:	2c57 
    7d2e:	7713 	stm    #11401,ar3
    7d2f:	2c89 
    7d30:	7714 	stm    #11470,ar4
    7d31:	2cce 
    7d32:	a0cd 	add    *ar2+0%,*ar3+0%,a
    7d33:	7715 	stm    #11477,ar5
    7d34:	2cd5 
    7d35:	7710 	stm    #-6,ar0
    7d36:	fffa 
    7d37:	7628 	st     #5,DP+0x28
    7d38:	0005 
    7d39:	771a 	stm    #5,brc
    7d3a:	0005 
    7d3b:	f274 	calld  0x81ea
    7d3c:	81ea 
    7d3d:	7716 	stm    #11450,ar6
    7d3e:	2cba 
    7d3f:	7712 	stm    #10823,ar2
    7d40:	2a47 
    7d41:	7713 	stm    #11015,ar3
    7d42:	2b07 
    7d43:	7714 	stm    #11530,ar4
    7d44:	2d0a 
    7d45:	7715 	stm    #11484,ar5
    7d46:	2cdc 
    7d47:	7210 	mvdm   0x2f06,ar0
    7d48:	2f06 
    7d49:	7716 	stm    #11491,ar6
    7d4a:	2ce3 
    7d4b:	a0cd 	add    *ar2+0%,*ar3+0%,a
    7d4c:	7710 	stm    #-30,ar0
    7d4d:	ffe2 
    7d4e:	7711 	stm    #6,ar1
    7d4f:	0006 
    7d50:	710a 	mvdk   DP+0x0a,0x2f22
    7d51:	2f22 
    7d52:	ed01 	ld     #1,asm
    7d53:	f274 	calld  0x8207
    7d54:	8207 
    7d55:	7717 	stm    #29,ar7
    7d56:	001d 
    7d57:	f7b6 	ssbx   st1,frct
    7d58:	f6b9 	rsbx   st1,ovm
    7d59:	7712 	stm    #11477,ar2
    7d5a:	2cd5 
    7d5b:	7713 	stm    #11470,ar3
    7d5c:	2cce 
    7d5d:	7714 	stm    #11484,ar4
    7d5e:	2cdc 
    7d5f:	7715 	stm    #11491,ar5
    7d60:	2ce3 
    7d61:	ed1c 	ld     #28,asm
    7d62:	771a 	stm    #6,brc
    7d63:	0006 
    7d64:	f272 	rptbd  0x7d6b
    7d65:	7d6b 
    7d66:	e800 	ld     #0,a
    7d67:	e900 	ld     #0,b
    7d68:	b012 	mac    *ar3,*ar4,a
    7d69:	b003 	mac    *ar2,*ar5,a
    7d6a:	b39b 	mac    *ar3+,*ar5+,b
    7d6b:	bb8a 	mas    *ar2+,*ar4+,b
    7d6c:	7715 	stm    #12034,ar5
    7d6d:	2f02 
    7d6e:	f47c 	sfta   a,-4
    7d6f:	4e95 	dst    a,*ar5+
    7d70:	f77c 	sfta   b,-4
    7d71:	4f8d 	dst    b,*ar5-
    7d72:	f485 	abs    a
    7d73:	f785 	abs    b
    7d74:	f586 	max    b
    7d75:	f58e 	exp    b
    7d76:	5695 	dld    *ar5+,a
    7d77:	578d 	dld    *ar5-,b
    7d78:	f48f 	norm   a
    7d79:	f78f 	norm   b
    7d7a:	8295 	sth    a,*ar5+
    7d7b:	8385 	sth    b,*ar5
    7d7c:	7712 	stm    #12069,ar2
    7d7d:	2f25 
    7d7e:	7713 	stm    #12035,ar3
    7d7f:	2f03 
    7d80:	7715 	stm    #12066,ar5
    7d81:	2f22 
    7d82:	f274 	calld  0x7624
    7d83:	7624 
    7d84:	7714 	stm    #12046,ar4
    7d85:	2f0e 
    7d86:	800d 	stl    a,DP+0x0d
    7d87:	f7b6 	ssbx   st1,frct
    7d88:	620d 	mpy    DP+0x0d,#8192,a
    7d89:	2000 
    7d8a:	821e 	sth    a,DP+0x1e
    7d8b:	621e 	mpy    DP+0x1e,#24320,a
    7d8c:	5f00 
    7d8d:	f464 	sfta   a,4
    7d8e:	f585 	abs    a,b
    7d8f:	f361 	sub    #25735,16,b
    7d90:	6487 
    7d91:	fa4f 	bcd    0x7d9b,bleq
    7d92:	7d9b 
    7d93:	7602 	st     #32767,DP+0x02
    7d94:	7fff 
    7d95:	f261 	sub    #25735,16,b,a
    7d96:	6487 
    7d97:	f495 	nop    
    7d98:	f495 	nop    
    7d99:	fd43 	xc     1,alt
    7d9a:	f484 	neg    a
    7d9b:	820d 	sth    a,DP+0x0d
    7d9c:	7603 	st     #0,DP+0x03
    7d9d:	0000 
    7d9e:	710d 	mvdk   DP+0x0d,0x2f22
    7d9f:	2f22 
    7da0:	7712 	stm    #12069,ar2
    7da1:	2f25 
    7da2:	7715 	stm    #12066,ar5
    7da3:	2f22 
    7da4:	7713 	stm    #12035,ar3
    7da5:	2f03 
    7da6:	f274 	calld  0x765f
    7da7:	765f 
    7da8:	7714 	stm    #12046,ar4
    7da9:	2f0e 
    7daa:	f7b9 	ssbx   st1,ovm
    7dab:	f7b6 	ssbx   st1,frct
    7dac:	7712 	stm    #12034,ar2
    7dad:	2f02 
    7dae:	7713 	stm    #11470,ar3
    7daf:	2cce 
    7db0:	7714 	stm    #11477,ar4
    7db1:	2cd5 
    7db2:	7716 	stm    #11456,ar6
    7db3:	2cc0 
    7db4:	ed00 	ld     #0,asm
    7db5:	771a 	stm    #6,brc
    7db6:	0006 
    7db7:	f272 	rptbd  0x7dbf
    7db8:	7dbf 
    7db9:	7715 	stm    #11484,ar5
    7dba:	2cdc 
    7dbb:	e900 	ld     #0,b
    7dbc:	a489 	mpy    *ar2+,*ar3+,a
    7dbd:	b942 	mas    *ar2-,*ar4,a,b
    7dbe:	d2ab 	st     b,*ar5+ || mac    *ar4+,a
    7dbf:	8296 	sth    a,*ar6+
    7dc0:	7714 	stm    #11470,ar4
    7dc1:	2cce 
    7dc2:	e756 	mvmm   ar5,ar6
    7dc3:	771a 	stm    #6,brc
    7dc4:	0006 
    7dc5:	f272 	rptbd  0x7dcd
    7dc6:	7dcd 
    7dc7:	7715 	stm    #11463,ar5
    7dc8:	2cc7 
    7dc9:	e900 	ld     #0,b
    7dca:	a489 	mpy    *ar2+,*ar3+,a
    7dcb:	b942 	mas    *ar2-,*ar4,a,b
    7dcc:	d2ab 	st     b,*ar5+ || mac    *ar4+,a
    7dcd:	8296 	sth    a,*ar6+
    7dce:	f6b9 	rsbx   st1,ovm
    7dcf:	f6b6 	rsbx   st1,frct
    7dd0:	7210 	mvdm   0x2f08,ar0
    7dd1:	2f08 
    7dd2:	7714 	stm    #11456,ar4
    7dd3:	2cc0 
    7dd4:	7715 	stm    #11463,ar5
    7dd5:	2cc7 
    7dd6:	a1ef 	add    *ar4+0%,*ar5+0%,b
    7dd7:	7712 	stm    #10752,ar2
    7dd8:	2a00 
    7dd9:	7713 	stm    #10944,ar3
    7dda:	2ac0 
    7ddb:	a1cd 	add    *ar2+0%,*ar3+0%,b
    7ddc:	7210 	mvdm   0x2f06,ar0
    7ddd:	2f06 
    7dde:	7711 	stm    #11236,ar1
    7ddf:	2be4 
    7de0:	a1cd 	add    *ar2+0%,*ar3+0%,b
    7de1:	1007 	ld     DP+0x07,a
    7de2:	f000 	add    #-32225,a
    7de3:	821f 
    7de4:	f030 	and    #-1,a
    7de5:	ffff 
    7de6:	7e09 	reada  DP+0x09
    7de7:	1009 	ld     DP+0x09,a
    7de8:	f7b6 	ssbx   st1,frct
    7de9:	450c 	ld     DP+0x0c,16,b
    7dea:	f360 	add    #-3,16,b
    7deb:	fffd 
    7dec:	8322 	sth    b,DP+0x22
    7ded:	f6e3 	calad  a
    7dee:	771a 	stm    #46,brc
    7def:	002e 
    7df0:	7210 	mvdm   0x2f08,ar0
    7df1:	2f08 
    7df2:	7714 	stm    #11470,ar4
    7df3:	2cce 
    7df4:	7715 	stm    #11477,ar5
    7df5:	2cd5 
    7df6:	a1ef 	add    *ar4+0%,*ar5+0%,b
    7df7:	7712 	stm    #10799,ar2
    7df8:	2a2f 
    7df9:	7713 	stm    #10991,ar3
    7dfa:	2aef 
    7dfb:	a1cd 	add    *ar2+0%,*ar3+0%,b
    7dfc:	7210 	mvdm   0x2f06,ar0
    7dfd:	2f06 
    7dfe:	7711 	stm    #11283,ar1
    7dff:	2c13 
    7e00:	a0cd 	add    *ar2+0%,*ar3+0%,a
    7e01:	1009 	ld     DP+0x09,a
    7e02:	f7b6 	ssbx   st1,frct
    7e03:	f6e3 	calad  a
    7e04:	771a 	stm    #47,brc
    7e05:	002f 
    7e06:	7210 	mvdm   0x2f08,ar0
    7e07:	2f08 
    7e08:	7714 	stm    #11484,ar4
    7e09:	2cdc 
    7e0a:	7715 	stm    #11491,ar5
    7e0b:	2ce3 
    7e0c:	a1ef 	add    *ar4+0%,*ar5+0%,b
    7e0d:	7712 	stm    #10847,ar2
    7e0e:	2a5f 
    7e0f:	7713 	stm    #11039,ar3
    7e10:	2b1f 
    7e11:	a1cd 	add    *ar2+0%,*ar3+0%,b
    7e12:	7210 	mvdm   0x2f06,ar0
    7e13:	2f06 
    7e14:	7711 	stm    #11331,ar1
    7e15:	2c43 
    7e16:	a0cd 	add    *ar2+0%,*ar3+0%,a
    7e17:	1009 	ld     DP+0x09,a
    7e18:	f7b6 	ssbx   st1,frct
    7e19:	f6e3 	calad  a
    7e1a:	771a 	stm    #46,brc
    7e1b:	002e 
    7e1c:	7714 	stm    #11236,ar4
    7e1d:	2be4 
    7e1e:	f274 	calld  0x82f6
    7e1f:	82f6 
    7e20:	7716 	stm    #10752,ar6
    7e21:	2a00 
    7e22:	f7b9 	ssbx   st1,ovm
    7e23:	7712 	stm    #10791,ar2
    7e24:	2a27 
    7e25:	7714 	stm    #10752,ar4
    7e26:	2a00 
    7e27:	e725 	mvmm   ar2,ar5
    7e28:	f0c0 	xor    a
    7e29:	ec19 	rpt    #25
    7e2a:	7892 	macp   *ar2+,0x7a1c,a
    7e2b:	7a1c 
    7e2c:	ec19 	rpt    #25
    7e2d:	7892 	macp   *ar2+,0x7a36,a
    7e2e:	7a36 
    7e2f:	ec0b 	rpt    #11
    7e30:	7892 	macp   *ar2+,0x7a50,a
    7e31:	7a50 
    7e32:	f561 	sfta   a,1,b
    7e33:	f310 	sub    #-32768,b
    7e34:	8000 
    7e35:	8322 	sth    b,DP+0x22
    7e36:	f6b9 	rsbx   st1,ovm
    7e37:	771a 	stm    #62,brc
    7e38:	003e 
    7e39:	f272 	rptbd  0x7e3d
    7e3a:	7e3d 
    7e3b:	e752 	mvmm   ar5,ar2
    7e3c:	2692 	squr   *ar2+,a
    7e3d:	3892 	squra  *ar2+,a
    7e3e:	f7b9 	ssbx   st1,ovm
    7e3f:	f47a 	sfta   a,-6
    7e40:	3a22 	squrs  DP+0x22,a
    7e41:	f562 	sfta   a,2,b
    7e42:	f310 	sub    #-32768,b
    7e43:	8000 
    7e44:	8323 	sth    b,DP+0x23
    7e45:	8327 	sth    b,DP+0x27
    7e46:	6f22 	ld     DP+0x22,15,a
    7e47:	0c4f 
    7e48:	770e 	stm    #32256,t
    7e49:	7e00 
    7e4a:	7711 	stm    #12071,ar1
    7e4b:	2f27 
    7e4c:	f274 	calld  0x82e1
    7e4d:	82e1 
    7e4e:	7712 	stm    #12068,ar2
    7e4f:	2f24 
    7e50:	4422 	ld     DP+0x22,16,a
    7e51:	fa47 	bcd    0x7e63,aleq
    7e52:	7e63 
    7e53:	7626 	st     #0,DP+0x26
    7e54:	0000 
    7e55:	4523 	ld     DP+0x23,16,b
    7e56:	fa4d 	bcd    0x7e7f,beq
    7e57:	7e7f 
    7e58:	7711 	stm    #12067,ar1
    7e59:	2f23 
    7e5a:	f274 	calld  0x75c5
    7e5b:	75c5 
    7e5c:	7712 	stm    #12068,ar2
    7e5d:	2f24 
    7e5e:	f126 	ld     #32767,6,b
    7e5f:	7fff 
    7e60:	f487 	min    a
    7e61:	f47a 	sfta   a,-6
    7e62:	8026 	stl    a,DP+0x26
    7e63:	f7b9 	ssbx   st1,ovm
    7e64:	f7b6 	ssbx   st1,frct
    7e65:	3026 	ld     DP+0x26,t
    7e66:	ed17 	ld     #23,asm
    7e67:	7713 	stm    #10752,ar3
    7e68:	2a00 
    7e69:	771a 	stm    #38,brc
    7e6a:	0026 
    7e6b:	f272 	rptbd  0x7e71
    7e6c:	7e71 
    7e6d:	7712 	stm    #10752,ar2
    7e6e:	2a00 
    7e6f:	2292 	mpyr   *ar2+,a
    7e70:	f463 	sfta   a,3
    7e71:	8693 	sth    a,asm,*ar3+
    7e72:	771a 	stm    #38,brc
    7e73:	0026 
    7e74:	f272 	rptbd  0x7e7a
    7e75:	7e7a 
    7e76:	6dea 	mar    *+ar2(0x40)
    7e77:	0040 
    7e78:	2292 	mpyr   *ar2+,a
    7e79:	f463 	sfta   a,3
    7e7a:	8693 	sth    a,asm,*ar3+
    7e7b:	f273 	bd     0x7e83
    7e7c:	7e83 
    7e7d:	f6b9 	rsbx   st1,ovm
    7e7e:	f6b6 	rsbx   st1,frct
    7e7f:	f273 	bd     0x7e63
    7e80:	7e63 
    7e81:	7626 	st     #32767,DP+0x26
    7e82:	7fff 
    7e83:	ed00 	ld     #0,asm
    7e84:	711d 	mvdk   DP+0x1d,0x3fa5
    7e85:	3fa5 
    7e86:	711e 	mvdk   DP+0x1e,0x3fa7
    7e87:	3fa7 
    7e88:	7120 	mvdk   DP+0x20,0x3fa6
    7e89:	3fa6 
    7e8a:	711f 	mvdk   DP+0x1f,0x3fa4
    7e8b:	3fa4 
    7e8c:	7715 	stm    #10752,ar5
    7e8d:	2a00 
    7e8e:	771a 	stm    #77,brc
    7e8f:	004d 
    7e90:	f272 	rptbd  0x7e94
    7e91:	7e94 
    7e92:	7712 	stm    #10752,ar2
    7e93:	2a00 
    7e94:	e58b 	mvdd   *ar2+,*ar5+
    7e95:	8a06 	popm   st0
    7e96:	fc00 	ret    
    7e97:	770e 	stm    #218,t
    7e98:	00da 
    7e99:	771a 	stm    #149,brc
    7e9a:	0095 
    7e9b:	7712 	stm    #3278,ar2
    7e9c:	0cce 
    7e9d:	7715 	stm    #3660,ar5
    7e9e:	0e4c 
    7e9f:	f274 	calld  0x81a5
    7ea0:	81a5 
    7ea1:	45f8 	ld     *(0xc43),16,b
    7ea2:	0c43 
    7ea3:	7712 	stm    #3278,ar2
    7ea4:	0cce 
    7ea5:	7713 	stm    #10752,ar3
    7ea6:	2a00 
    7ea7:	7714 	stm    #10944,ar4
    7ea8:	2ac0 
    7ea9:	7715 	stm    #3660,ar5
    7eaa:	0e4c 
    7eab:	f274 	calld  0x81c8
    7eac:	81c8 
    7ead:	771a 	stm    #37,brc
    7eae:	0025 
    7eaf:	7712 	stm    #11498,ar2
    7eb0:	2cea 
    7eb1:	62f8 	mpy    *(0x3fa8),#26,a
    7eb2:	3fa8 
    7eb3:	001a 
    7eb4:	f000 	add    #31324,a
    7eb5:	7a5c 
    7eb6:	f030 	and    #-1,a
    7eb7:	ffff 
    7eb8:	ec19 	rpt    #25
    7eb9:	7e92 	reada  *ar2+
    7eba:	f074 	call   0x8513
    7ebb:	8513 
    7ebc:	f074 	call   0x8535
    7ebd:	8535 
    7ebe:	f6b6 	rsbx   st1,frct
    7ebf:	f6b9 	rsbx   st1,ovm
    7ec0:	7210 	mvdm   0x2f06,ar0
    7ec1:	2f06 
    7ec2:	7712 	stm    #10819,ar2
    7ec3:	2a43 
    7ec4:	7713 	stm    #11011,ar3
    7ec5:	2b03 
    7ec6:	771a 	stm    #15,brc
    7ec7:	000f 
    7ec8:	f272 	rptbd  0x7ecd
    7ec9:	7ecd 
    7eca:	a0cd 	add    *ar2+0%,*ar3+0%,a
    7ecb:	e800 	ld     #0,a
    7ecc:	3892 	squra  *ar2+,a
    7ecd:	3893 	squra  *ar3+,a
    7ece:	f47c 	sfta   a,-4
    7ecf:	f483 	sat    a
    7ed0:	7712 	stm    #12066,ar2
    7ed1:	2f22 
    7ed2:	f274 	calld  0x75e8
    7ed3:	75e8 
    7ed4:	4e00 	dst    a,DP+0x00
    7ed5:	f47f 	sfta   a,-1
    7ed6:	811d 	stl    b,DP+0x1d
    7ed7:	f7b9 	ssbx   st1,ovm
    7ed8:	770e 	stm    #1638,t
    7ed9:	0666 
    7eda:	f7b6 	ssbx   st1,frct
    7edb:	7712 	stm    #12033,ar2
    7edc:	2f01 
    7edd:	258a 	mpyu   *ar2-,b
    7ede:	f770 	sfta   b,-16
    7edf:	2482 	mpyu   *ar2,a
    7ee0:	f500 	add    a,b
    7ee1:	4f00 	dst    b,DP+0x00
    7ee2:	7210 	mvdm   0x2f06,ar0
    7ee3:	2f06 
    7ee4:	7712 	stm    #11350,ar2
    7ee5:	2c56 
    7ee6:	6db2 	mar    *ar2+0
    7ee7:	7713 	stm    #11336,ar3
    7ee8:	2c48 
    7ee9:	ec06 	rpt    #6
    7eea:	e589 	mvdd   *ar2+,*ar3+
    7eeb:	6dea 	mar    *+ar2(0x3)
    7eec:	0003 
    7eed:	ec06 	rpt    #6
    7eee:	e589 	mvdd   *ar2+,*ar3+
    7eef:	f6b9 	rsbx   st1,ovm
    7ef0:	7712 	stm    #11470,ar2
    7ef1:	2cce 
    7ef2:	f071 	rptz   a,#6
    7ef3:	0006 
    7ef4:	8292 	sth    a,*ar2+
    7ef5:	ec06 	rpt    #6
    7ef6:	8292 	sth    a,*ar2+
    7ef7:	7719 	stm    #0,bk
    7ef8:	0000 
    7ef9:	7712 	stm    #11350,ar2
    7efa:	2c56 
    7efb:	7713 	stm    #11360,ar3
    7efc:	2c60 
    7efd:	7714 	stm    #11470,ar4
    7efe:	2cce 
    7eff:	7715 	stm    #11477,ar5
    7f00:	2cd5 
    7f01:	7716 	stm    #11236,ar6
    7f02:	2be4 
    7f03:	a1cd 	add    *ar2+0%,*ar3+0%,b
    7f04:	6db6 	mar    *ar6+0
    7f05:	6db6 	mar    *ar6+0
    7f06:	e900 	ld     #0,b
    7f07:	f4bc 	rsbx   st0,tc
    7f08:	7717 	stm    #11236,ar7
    7f09:	2be4 
    7f0a:	771a 	stm    #6,brc
    7f0b:	0006 
    7f0c:	f272 	rptbd  0x7f1c
    7f0d:	7f1c 
    7f0e:	6db7 	mar    *ar7+0
    7f0f:	6db7 	mar    *ar7+0
    7f10:	5600 	dld    DP+0x00,a
    7f11:	5486 	dsub   *ar6,a
    7f12:	f846 	bc     0x7f18,agt
    7f13:	7f18 
    7f14:	f5bc 	ssbx   st0,tc
    7f15:	5386 	dadd   *ar6,b
    7f16:	e502 	mvdd   *ar2,*ar4
    7f17:	e513 	mvdd   *ar3,*ar5
    7f18:	e5a8 	mvdd   *ar4+,*ar2+
    7f19:	e5b9 	mvdd   *ar5+,*ar3+
    7f1a:	5096 	dadd   *ar6+,a
    7f1b:	fd20 	xc     1,ntc
    7f1c:	e767 	mvmm   ar6,ar7
    7f1d:	4817 	ldm    ar7,a
    7f1e:	f010 	sub    #11236,a
    7f1f:	2be4 
    7f20:	6f1f 	stl    a,-1,DP+0x1f
    7f21:	0c9f 
    7f22:	4f00 	dst    b,DP+0x00
    7f23:	771a 	stm    #13,brc
    7f24:	000d 
    7f25:	e800 	ld     #0,a
    7f26:	f272 	rptbd  0x7f2c
    7f27:	7f2c 
    7f28:	7712 	stm    #11470,ar2
    7f29:	2cce 
    7f2a:	1192 	ld     *ar2+,b
    7f2b:	f785 	abs    b
    7f2c:	f600 	add    b,a
    7f2d:	5700 	dld    DP+0x00,b
    7f2e:	fa44 	bcd    0x7f4e,aneq
    7f2f:	7f4e 
    7f30:	7712 	stm    #11350,ar2
    7f31:	2c56 
    7f32:	7713 	stm    #11336,ar3
    7f33:	2c48 
    7f34:	6db2 	mar    *ar2+0
    7f35:	ec06 	rpt    #6
    7f36:	e598 	mvdd   *ar3+,*ar2+
    7f37:	6dea 	mar    *+ar2(0x3)
    7f38:	0003 
    7f39:	ec06 	rpt    #6
    7f3a:	e598 	mvdd   *ar3+,*ar2+
    7f3b:	7712 	stm    #11470,ar2
    7f3c:	2cce 
    7f3d:	7713 	stm    #11350,ar3
    7f3e:	2c56 
    7f3f:	6db3 	mar    *ar3+0
    7f40:	ec06 	rpt    #6
    7f41:	e598 	mvdd   *ar3+,*ar2+
    7f42:	6deb 	mar    *+ar3(0x3)
    7f43:	0003 
    7f44:	ec06 	rpt    #6
    7f45:	e598 	mvdd   *ar3+,*ar2+
    7f46:	7310 	mvmd   ar0,0x2f1f
    7f47:	2f1f 
    7f48:	7712 	stm    #11236,ar2
    7f49:	2be4 
    7f4a:	6db2 	mar    *ar2+0
    7f4b:	6db2 	mar    *ar2+0
    7f4c:	ec06 	rpt    #6
    7f4d:	5392 	dadd   *ar2+,b
    7f4e:	f58e 	exp    b
    7f4f:	f7b9 	ssbx   st1,ovm
    7f50:	f495 	nop    
    7f51:	f78f 	norm   b
    7f52:	830b 	sth    b,DP+0x0b
    7f53:	8c0c 	st     t,DP+0x0c
    7f54:	771a 	stm    #6,brc
    7f55:	0006 
    7f56:	7712 	stm    #11476,ar2
    7f57:	2cd4 
    7f58:	108a 	ld     *ar2-,a
    7f59:	f272 	rptbd  0x7f64
    7f5a:	7f64 
    7f5b:	7713 	stm    #11483,ar3
    7f5c:	2cdb 
    7f5d:	118b 	ld     *ar3-,b
    7f5e:	ff44 	xc     2,aneq
    7f5f:	f073 	b      0x7f69
    7f60:	7f69 
    7f61:	108a 	ld     *ar2-,a
    7f62:	ff4c 	xc     2,bneq
    7f63:	f073 	b      0x7f6e
    7f64:	7f6e 
    7f65:	f273 	bd     0x7f73
    7f66:	7f73 
    7f67:	f0c0 	xor    a
    7f68:	f495 	nop    
    7f69:	4812 	ldm    ar2,a
    7f6a:	f273 	bd     0x7f73
    7f6b:	7f73 
    7f6c:	f010 	sub    #11468,a
    7f6d:	2ccc 
    7f6e:	4813 	ldm    ar3,a
    7f6f:	f273 	bd     0x7f73
    7f70:	7f73 
    7f71:	f010 	sub    #11475,a
    7f72:	2cd3 
    7f73:	081f 	sub    DP+0x1f,a
    7f74:	0006 	add    DP+0x06,a
    7f75:	8007 	stl    a,DP+0x07
    7f76:	101f 	ld     DP+0x1f,a
    7f77:	0806 	sub    DP+0x06,a
    7f78:	8008 	stl    a,DP+0x08
    7f79:	f7b9 	ssbx   st1,ovm
    7f7a:	f02f 	ld     #1,15,a
    7f7b:	0001 
    7f7c:	f46d 	sfta   a,13
    7f7d:	ec0f 	rpt    #15
    7f7e:	1e0b 	subc   DP+0x0b,a
    7f7f:	800a 	stl    a,DP+0x0a
    7f80:	7712 	stm    #11470,ar2
    7f81:	2cce 
    7f82:	300a 	ld     DP+0x0a,t
    7f83:	771a 	stm    #6,brc
    7f84:	0006 
    7f85:	f274 	calld  0x81df
    7f86:	81df 
    7f87:	7713 	stm    #11477,ar3
    7f88:	2cd5 
    7f89:	7210 	mvdm   0x2f06,ar0
    7f8a:	2f06 
    7f8b:	7719 	stm    #0,bk
    7f8c:	0000 
    7f8d:	7712 	stm    #11351,ar2
    7f8e:	2c57 
    7f8f:	7713 	stm    #11361,ar3
    7f90:	2c61 
    7f91:	7714 	stm    #11470,ar4
    7f92:	2cce 
    7f93:	a0cd 	add    *ar2+0%,*ar3+0%,a
    7f94:	7715 	stm    #11477,ar5
    7f95:	2cd5 
    7f96:	7710 	stm    #-6,ar0
    7f97:	fffa 
    7f98:	7628 	st     #5,DP+0x28
    7f99:	0005 
    7f9a:	771a 	stm    #5,brc
    7f9b:	0005 
    7f9c:	f274 	calld  0x81ea
    7f9d:	81ea 
    7f9e:	7716 	stm    #11450,ar6
    7f9f:	2cba 
    7fa0:	7210 	mvdm   0x2f08,ar0
    7fa1:	2f08 
    7fa2:	7714 	stm    #11470,ar4
    7fa3:	2cce 
    7fa4:	7715 	stm    #11477,ar5
    7fa5:	2cd5 
    7fa6:	a1ef 	add    *ar4+0%,*ar5+0%,b
    7fa7:	7712 	stm    #10771,ar2
    7fa8:	2a13 
    7fa9:	7713 	stm    #10963,ar3
    7faa:	2ad3 
    7fab:	a1cd 	add    *ar2+0%,*ar3+0%,b
    7fac:	7210 	mvdm   0x2f06,ar0
    7fad:	2f06 
    7fae:	7711 	stm    #11236,ar1
    7faf:	2be4 
    7fb0:	a1cd 	add    *ar2+0%,*ar3+0%,b
    7fb1:	1007 	ld     DP+0x07,a
    7fb2:	f000 	add    #-32225,a
    7fb3:	821f 
    7fb4:	f030 	and    #-1,a
    7fb5:	ffff 
    7fb6:	7e09 	reada  DP+0x09
    7fb7:	1009 	ld     DP+0x09,a
    7fb8:	f7b6 	ssbx   st1,frct
    7fb9:	450c 	ld     DP+0x0c,16,b
    7fba:	f360 	add    #-3,16,b
    7fbb:	fffd 
    7fbc:	8322 	sth    b,DP+0x22
    7fbd:	f6e3 	calad  a
    7fbe:	771a 	stm    #31,brc
    7fbf:	001f 
    7fc0:	7210 	mvdm   0x2f08,ar0
    7fc1:	2f08 
    7fc2:	7714 	stm    #11470,ar4
    7fc3:	2cce 
    7fc4:	7715 	stm    #11477,ar5
    7fc5:	2cd5 
    7fc6:	a1ef 	add    *ar4+0%,*ar5+0%,b
    7fc7:	7712 	stm    #10843,ar2
    7fc8:	2a5b 
    7fc9:	7713 	stm    #11035,ar3
    7fca:	2b1b 
    7fcb:	a1cd 	add    *ar2+0%,*ar3+0%,b
    7fcc:	7210 	mvdm   0x2f06,ar0
    7fcd:	2f06 
    7fce:	7711 	stm    #11300,ar1
    7fcf:	2c24 
    7fd0:	a1cd 	add    *ar2+0%,*ar3+0%,b
    7fd1:	1009 	ld     DP+0x09,a
    7fd2:	f7b6 	ssbx   st1,frct
    7fd3:	f6e3 	calad  a
    7fd4:	771a 	stm    #31,brc
    7fd5:	001f 
    7fd6:	7712 	stm    #11268,ar2
    7fd7:	2c04 
    7fd8:	f071 	rptz   a,#25
    7fd9:	0019 
    7fda:	8292 	sth    a,*ar2+
    7fdb:	ec05 	rpt    #5
    7fdc:	8292 	sth    a,*ar2+
    7fdd:	770e 	stm    #20,t
    7fde:	0014 
    7fdf:	7712 	stm    #11236,ar2
    7fe0:	2be4 
    7fe1:	7713 	stm    #11268,ar3
    7fe2:	2c04 
    7fe3:	f274 	calld  0x855c
    7fe4:	855c 
    7fe5:	771a 	stm    #31,brc
    7fe6:	001f 
    7fe7:	7712 	stm    #11236,ar2
    7fe8:	2be4 
    7fe9:	f071 	rptz   a,#25
    7fea:	0019 
    7feb:	8292 	sth    a,*ar2+
    7fec:	ec05 	rpt    #5
    7fed:	8292 	sth    a,*ar2+
    7fee:	7712 	stm    #11300,ar2
    7fef:	2c24 
    7ff0:	7713 	stm    #11236,ar3
    7ff1:	2be4 
    7ff2:	f274 	calld  0x855c
    7ff3:	855c 
    7ff4:	771a 	stm    #31,brc
    7ff5:	001f 
    7ff6:	7712 	stm    #10843,ar2
    7ff7:	2a5b 
    7ff8:	7713 	stm    #11035,ar3
    7ff9:	2b1b 
    7ffa:	7714 	stm    #11236,ar4
    7ffb:	2be4 
    7ffc:	7715 	stm    #11484,ar5
    7ffd:	2cdc 
    7ffe:	7210 	mvdm   0x2f06,ar0
    7fff:	2f06 
    8000:	7716 	stm    #11491,ar6
    8001:	2ce3 
    8002:	a0cd 	add    *ar2+0%,*ar3+0%,a
    8003:	7710 	stm    #-30,ar0
    8004:	ffe2 
    8005:	7711 	stm    #6,ar1
    8006:	0006 
    8007:	710a 	mvdk   DP+0x0a,0x2f22
    8008:	2f22 
    8009:	ed1b 	ld     #27,asm
    800a:	f274 	calld  0x8207
    800b:	8207 
    800c:	7717 	stm    #29,ar7
    800d:	001d 
    800e:	7712 	stm    #10771,ar2
    800f:	2a13 
    8010:	7713 	stm    #10963,ar3
    8011:	2ad3 
    8012:	7714 	stm    #11268,ar4
    8013:	2c04 
    8014:	7715 	stm    #11456,ar5
    8015:	2cc0 
    8016:	7210 	mvdm   0x2f06,ar0
    8017:	2f06 
    8018:	7716 	stm    #11463,ar6
    8019:	2cc7 
    801a:	a0cd 	add    *ar2+0%,*ar3+0%,a
    801b:	7710 	stm    #-30,ar0
    801c:	ffe2 
    801d:	f274 	calld  0x8207
    801e:	8207 
    801f:	7711 	stm    #6,ar1
    8020:	0006 
    8021:	f7b6 	ssbx   st1,frct
    8022:	f6b9 	rsbx   st1,ovm
    8023:	7712 	stm    #11456,ar2
    8024:	2cc0 
    8025:	7713 	stm    #11470,ar3
    8026:	2cce 
    8027:	7714 	stm    #11484,ar4
    8028:	2cdc 
    8029:	7715 	stm    #12034,ar5
    802a:	2f02 
    802b:	ed1c 	ld     #28,asm
    802c:	e800 	ld     #0,a
    802d:	771a 	stm    #6,brc
    802e:	0006 
    802f:	f272 	rptbd  0x8034
    8030:	8034 
    8031:	7719 	stm    #0,bk
    8032:	0000 
    8033:	b081 	mac    *ar2+,*ar3,a
    8034:	b0a9 	mac    *ar4+,*ar3+,a
    8035:	771a 	stm    #6,brc
    8036:	0006 
    8037:	f272 	rptbd  0x803c
    8038:	803c 
    8039:	7710 	stm    #-7,ar0
    803a:	fff9 
    803b:	b081 	mac    *ar2+,*ar3,a
    803c:	b0a9 	mac    *ar4+,*ar3+,a
    803d:	f47b 	sfta   a,-5
    803e:	4e95 	dst    a,*ar5+
    803f:	6db3 	mar    *ar3+0
    8040:	a1ce 	add    *ar2+0%,*ar4+0%,b
    8041:	771a 	stm    #6,brc
    8042:	0006 
    8043:	f272 	rptbd  0x8048
    8044:	8048 
    8045:	a1ce 	add    *ar2+0%,*ar4+0%,b
    8046:	e900 	ld     #0,b
    8047:	b381 	mac    *ar2+,*ar3,b
    8048:	bba9 	mas    *ar4+,*ar3+,b
    8049:	771a 	stm    #6,brc
    804a:	0006 
    804b:	f272 	rptbd  0x8050
    804c:	8050 
    804d:	6db3 	mar    *ar3+0
    804e:	6db3 	mar    *ar3+0
    804f:	bb81 	mas    *ar2+,*ar3,b
    8050:	b3a9 	mac    *ar4+,*ar3+,b
    8051:	f77b 	sfta   b,-5
    8052:	4f8d 	dst    b,*ar5-
    8053:	f485 	abs    a
    8054:	f785 	abs    b
    8055:	f586 	max    b
    8056:	f58e 	exp    b
    8057:	5695 	dld    *ar5+,a
    8058:	578d 	dld    *ar5-,b
    8059:	f48f 	norm   a
    805a:	f78f 	norm   b
    805b:	8295 	sth    a,*ar5+
    805c:	8385 	sth    b,*ar5
    805d:	7712 	stm    #12069,ar2
    805e:	2f25 
    805f:	7713 	stm    #12035,ar3
    8060:	2f03 
    8061:	7715 	stm    #12066,ar5
    8062:	2f22 
    8063:	f274 	calld  0x7624
    8064:	7624 
    8065:	7714 	stm    #12046,ar4
    8066:	2f0e 
    8067:	800d 	stl    a,DP+0x0d
    8068:	f7b6 	ssbx   st1,frct
    8069:	620d 	mpy    DP+0x0d,#3641,a
    806a:	0e39 
    806b:	821e 	sth    a,DP+0x1e
    806c:	621e 	mpy    DP+0x1e,#24320,a
    806d:	5f00 
    806e:	f464 	sfta   a,4
    806f:	f585 	abs    a,b
    8070:	f361 	sub    #25735,16,b
    8071:	6487 
    8072:	fa4f 	bcd    0x807c,bleq
    8073:	807c 
    8074:	7602 	st     #32767,DP+0x02
    8075:	7fff 
    8076:	f261 	sub    #25735,16,b,a
    8077:	6487 
    8078:	f495 	nop    
    8079:	f495 	nop    
    807a:	fd43 	xc     1,alt
    807b:	f484 	neg    a
    807c:	820d 	sth    a,DP+0x0d
    807d:	7603 	st     #0,DP+0x03
    807e:	0000 
    807f:	710d 	mvdk   DP+0x0d,0x2f22
    8080:	2f22 
    8081:	7712 	stm    #12069,ar2
    8082:	2f25 
    8083:	7715 	stm    #12066,ar5
    8084:	2f22 
    8085:	7713 	stm    #12035,ar3
    8086:	2f03 
    8087:	f274 	calld  0x765f
    8088:	765f 
    8089:	7714 	stm    #12046,ar4
    808a:	2f0e 
    808b:	f7b9 	ssbx   st1,ovm
    808c:	f7b6 	ssbx   st1,frct
    808d:	7712 	stm    #12034,ar2
    808e:	2f02 
    808f:	7713 	stm    #11470,ar3
    8090:	2cce 
    8091:	7714 	stm    #11477,ar4
    8092:	2cd5 
    8093:	7716 	stm    #11456,ar6
    8094:	2cc0 
    8095:	ed00 	ld     #0,asm
    8096:	771a 	stm    #6,brc
    8097:	0006 
    8098:	f272 	rptbd  0x80a0
    8099:	80a0 
    809a:	7715 	stm    #11484,ar5
    809b:	2cdc 
    809c:	e900 	ld     #0,b
    809d:	a489 	mpy    *ar2+,*ar3+,a
    809e:	b942 	mas    *ar2-,*ar4,a,b
    809f:	d2ab 	st     b,*ar5+ || mac    *ar4+,a
    80a0:	8296 	sth    a,*ar6+
    80a1:	7714 	stm    #11470,ar4
    80a2:	2cce 
    80a3:	e756 	mvmm   ar5,ar6
    80a4:	771a 	stm    #6,brc
    80a5:	0006 
    80a6:	f272 	rptbd  0x80ae
    80a7:	80ae 
    80a8:	7715 	stm    #11463,ar5
    80a9:	2cc7 
    80aa:	e900 	ld     #0,b
    80ab:	a489 	mpy    *ar2+,*ar3+,a
    80ac:	b942 	mas    *ar2-,*ar4,a,b
    80ad:	d2ab 	st     b,*ar5+ || mac    *ar4+,a
    80ae:	8296 	sth    a,*ar6+
    80af:	f6b9 	rsbx   st1,ovm
    80b0:	f6b6 	rsbx   st1,frct
    80b1:	7210 	mvdm   0x2f08,ar0
    80b2:	2f08 
    80b3:	7714 	stm    #11456,ar4
    80b4:	2cc0 
    80b5:	7715 	stm    #11463,ar5
    80b6:	2cc7 
    80b7:	a1ef 	add    *ar4+0%,*ar5+0%,b
    80b8:	7712 	stm    #10752,ar2
    80b9:	2a00 
    80ba:	7713 	stm    #10944,ar3
    80bb:	2ac0 
    80bc:	a1cd 	add    *ar2+0%,*ar3+0%,b
    80bd:	7210 	mvdm   0x2f06,ar0
    80be:	2f06 
    80bf:	7711 	stm    #11236,ar1
    80c0:	2be4 
    80c1:	a1cd 	add    *ar2+0%,*ar3+0%,b
    80c2:	1009 	ld     DP+0x09,a
    80c3:	f7b6 	ssbx   st1,frct
    80c4:	450c 	ld     DP+0x0c,16,b
    80c5:	f360 	add    #-3,16,b
    80c6:	fffd 
    80c7:	8322 	sth    b,DP+0x22
    80c8:	f6e3 	calad  a
    80c9:	771a 	stm    #46,brc
    80ca:	002e 
    80cb:	7210 	mvdm   0x2f08,ar0
    80cc:	2f08 
    80cd:	7714 	stm    #11470,ar4
    80ce:	2cce 
    80cf:	7715 	stm    #11477,ar5
    80d0:	2cd5 
    80d1:	a1ef 	add    *ar4+0%,*ar5+0%,b
    80d2:	7712 	stm    #10799,ar2
    80d3:	2a2f 
    80d4:	7713 	stm    #10991,ar3
    80d5:	2aef 
    80d6:	a1cd 	add    *ar2+0%,*ar3+0%,b
    80d7:	7210 	mvdm   0x2f06,ar0
    80d8:	2f06 
    80d9:	7711 	stm    #11283,ar1
    80da:	2c13 
    80db:	a0cd 	add    *ar2+0%,*ar3+0%,a
    80dc:	1009 	ld     DP+0x09,a
    80dd:	f7b6 	ssbx   st1,frct
    80de:	f6e3 	calad  a
    80df:	771a 	stm    #47,brc
    80e0:	002f 
    80e1:	7210 	mvdm   0x2f08,ar0
    80e2:	2f08 
    80e3:	7714 	stm    #11484,ar4
    80e4:	2cdc 
    80e5:	7715 	stm    #11491,ar5
    80e6:	2ce3 
    80e7:	a1ef 	add    *ar4+0%,*ar5+0%,b
    80e8:	7712 	stm    #10847,ar2
    80e9:	2a5f 
    80ea:	7713 	stm    #11039,ar3
    80eb:	2b1f 
    80ec:	a1cd 	add    *ar2+0%,*ar3+0%,b
    80ed:	7210 	mvdm   0x2f06,ar0
    80ee:	2f06 
    80ef:	7711 	stm    #11331,ar1
    80f0:	2c43 
    80f1:	a0cd 	add    *ar2+0%,*ar3+0%,a
    80f2:	1009 	ld     DP+0x09,a
    80f3:	f7b6 	ssbx   st1,frct
    80f4:	f6e3 	calad  a
    80f5:	771a 	stm    #46,brc
    80f6:	002e 
    80f7:	7714 	stm    #11236,ar4
    80f8:	2be4 
    80f9:	f274 	calld  0x82f6
    80fa:	82f6 
    80fb:	7716 	stm    #10752,ar6
    80fc:	2a00 
    80fd:	76f8 	st     #0,*(0x2f21)
    80fe:	2f21 
    80ff:	0000 
    8100:	7712 	stm    #16297,ar2
    8101:	3fa9 
    8102:	960f 	bit    *ar2,15
    8103:	fb30 	ccd    0x84f1,tc
    8104:	84f1 
    8105:	7712 	stm    #10752,ar2
    8106:	2a00 
    8107:	7712 	stm    #11498,ar2
    8108:	2cea 
    8109:	62f8 	mpy    *(0x3fa8),#26,a
    810a:	3fa8 
    810b:	001a 
    810c:	f000 	add    #31324,a
    810d:	7a5c 
    810e:	f030 	and    #-1,a
    810f:	ffff 
    8110:	ec19 	rpt    #25
    8111:	7e92 	reada  *ar2+
    8112:	f982 	fcall  0x28038
    8113:	8038 
    8114:	f7b9 	ssbx   st1,ovm
    8115:	7712 	stm    #10810,ar2
    8116:	2a3a 
    8117:	7713 	stm    #11498,ar3
    8118:	2cea 
    8119:	7714 	stm    #10752,ar4
    811a:	2a00 
    811b:	771a 	stm    #24,brc
    811c:	0018 
    811d:	f272 	rptbd  0x8121
    811e:	8121 
    811f:	e725 	mvmm   ar2,ar5
    8120:	a489 	mpy    *ar2+,*ar3+,a
    8121:	b089 	mac    *ar2+,*ar3+,a
    8122:	7625 	st     #2520,DP+0x25
    8123:	09d8 
    8124:	3125 	mpya   DP+0x25
    8125:	f765 	sfta   b,5
    8126:	f310 	sub    #-32768,b
    8127:	8000 
    8128:	8322 	sth    b,DP+0x22
    8129:	f6b9 	rsbx   st1,ovm
    812a:	771a 	stm    #24,brc
    812b:	0018 
    812c:	f272 	rptbd  0x8130
    812d:	8130 
    812e:	e752 	mvmm   ar5,ar2
    812f:	2692 	squr   *ar2+,a
    8130:	3892 	squra  *ar2+,a
    8131:	f7b9 	ssbx   st1,ovm
    8132:	f483 	sat    a
    8133:	3125 	mpya   DP+0x25
    8134:	3b22 	squrs  DP+0x22,b
    8135:	f762 	sfta   b,2
    8136:	f310 	sub    #-32768,b
    8137:	8000 
    8138:	8323 	sth    b,DP+0x23
    8139:	8327 	sth    b,DP+0x27
    813a:	6f22 	ld     DP+0x22,15,a
    813b:	0c4f 
    813c:	770e 	stm    #31508,t
    813d:	7b14 
    813e:	7711 	stm    #12071,ar1
    813f:	2f27 
    8140:	f274 	calld  0x82e1
    8141:	82e1 
    8142:	7712 	stm    #12068,ar2
    8143:	2f24 
    8144:	1022 	ld     DP+0x22,a
    8145:	fa47 	bcd    0x8159,aleq
    8146:	8159 
    8147:	e800 	ld     #0,a
    8148:	f495 	nop    
    8149:	6f22 	ld     DP+0x22,15,a
    814a:	0c4f 
    814b:	4523 	ld     DP+0x23,16,b
    814c:	fa4d 	bcd    0x817f,beq
    814d:	817f 
    814e:	7711 	stm    #12067,ar1
    814f:	2f23 
    8150:	f274 	calld  0x75c5
    8151:	75c5 
    8152:	7712 	stm    #12068,ar2
    8153:	2f24 
    8154:	45f8 	ld     *(0xc45),16,b
    8155:	0c45 
    8156:	f7b9 	ssbx   st1,ovm
    8157:	f46a 	sfta   a,10
    8158:	f487 	min    a
    8159:	f7b9 	ssbx   st1,ovm
    815a:	31f8 	mpya   *(0xc46)
    815b:	0c46 
    815c:	f762 	sfta   b,2
    815d:	8326 	sth    b,DP+0x26
    815e:	3026 	ld     DP+0x26,t
    815f:	ed1f 	ld     #31,asm
    8160:	771a 	stm    #57,brc
    8161:	0039 
    8162:	f272 	rptbd  0x8168
    8163:	8168 
    8164:	7712 	stm    #10752,ar2
    8165:	2a00 
    8166:	2282 	mpyr   *ar2,a
    8167:	f464 	sfta   a,4
    8168:	8692 	sth    a,asm,*ar2+
    8169:	8624 	sth    a,asm,DP+0x24
    816a:	6dea 	mar    *+ar2(0x1a)
    816b:	001a 
    816c:	2292 	mpyr   *ar2+,a
    816d:	f464 	sfta   a,4
    816e:	8625 	sth    a,asm,DP+0x25
    816f:	771a 	stm    #56,brc
    8170:	0038 
    8171:	f272 	rptbd  0x8177
    8172:	8177 
    8173:	7714 	stm    #10809,ar4
    8174:	2a39 
    8175:	2292 	mpyr   *ar2+,a
    8176:	f464 	sfta   a,4
    8177:	8694 	sth    a,asm,*ar4+
    8178:	1025 	ld     DP+0x25,a
    8179:	8094 	stl    a,*ar4+
    817a:	1024 	ld     DP+0x24,a
    817b:	f273 	bd     0x8183
    817c:	8183 
    817d:	8084 	stl    a,*ar4
    817e:	f6b9 	rsbx   st1,ovm
    817f:	f273 	bd     0x8159
    8180:	8159 
    8181:	44f8 	ld     *(0xc45),16,a
    8182:	0c45 
    8183:	7712 	stm    #16275,ar2
    8184:	3f93 
    8185:	f274 	calld  0x856b
    8186:	856b 
    8187:	7713 	stm    #10752,ar3
    8188:	2a00 
    8189:	771a 	stm    #57,brc
    818a:	0039 
    818b:	7715 	stm    #10752,ar5
    818c:	2a00 
    818d:	f274 	calld  0x82b5
    818e:	82b5 
    818f:	7712 	stm    #10752,ar2
    8190:	2a00 
    8191:	7713 	stm    #3278,ar3
    8192:	0cce 
    8193:	711d 	mvdk   DP+0x1d,0x3fa5
    8194:	3fa5 
    8195:	711e 	mvdk   DP+0x1e,0x3fa7
    8196:	3fa7 
    8197:	7120 	mvdk   DP+0x20,0x3fa6
    8198:	3fa6 
    8199:	711f 	mvdk   DP+0x1f,0x3fa4
    819a:	3fa4 
    819b:	7093 	mvkd   0x2f21,*ar3+
    819c:	2f21 
    819d:	771a 	stm    #28,brc
    819e:	001c 
    819f:	f274 	calld  0x8589
    81a0:	8589 
    81a1:	7712 	stm    #10752,ar2
    81a2:	2a00 
    81a3:	8a06 	popm   st0
    81a4:	fc00 	ret    
    81a5:	f7b6 	ssbx   st1,frct
    81a6:	4a12 	pshm   ar2
    81a7:	4a1a 	pshm   brc
    81a8:	7710 	stm    #2,ar0
    81a9:	0002 
    81aa:	f272 	rptbd  0x81ae
    81ab:	81ae 
    81ac:	f7b9 	ssbx   st1,ovm
    81ad:	10b2 	ld     *ar2+0,a
    81ae:	00b2 	add    *ar2+0,a
    81af:	8a1a 	popm   brc
    81b0:	8a12 	popm   ar2
    81b1:	9a38 	sth    a,8,*ar5
    81b2:	2085 	mpy    *ar5,a
    81b3:	f468 	sfta   a,8
    81b4:	f487 	min    a
    81b5:	f784 	neg    b
    81b6:	f486 	max    a
    81b7:	8295 	sth    a,*ar5+
    81b8:	f272 	rptbd  0x81bc
    81b9:	81bc 
    81ba:	6d92 	mar    *ar2+
    81bb:	10b2 	ld     *ar2+0,a
    81bc:	00b2 	add    *ar2+0,a
    81bd:	f468 	sfta   a,8
    81be:	8285 	sth    a,*ar5
    81bf:	2085 	mpy    *ar5,a
    81c0:	f468 	sfta   a,8
    81c1:	f486 	max    a
    81c2:	f784 	neg    b
    81c3:	f487 	min    a
    81c4:	8285 	sth    a,*ar5
    81c5:	fe00 	retd   
    81c6:	f6b6 	rsbx   st1,frct
    81c7:	f6b9 	rsbx   st1,ovm
    81c8:	f272 	rptbd  0x81db
    81c9:	81db 
    81ca:	f7b9 	ssbx   st1,ovm
    81cb:	f495 	nop    
    81cc:	a2b8 	sub    *ar5+,*ar2+,a
    81cd:	8294 	sth    a,*ar4+
    81ce:	a387 	sub    *ar2+,*ar5-,b
    81cf:	8393 	sth    b,*ar3+
    81d0:	a2b8 	sub    *ar5+,*ar2+,a
    81d1:	8293 	sth    a,*ar3+
    81d2:	a378 	sub    *ar5-,*ar2+,b
    81d3:	8394 	sth    b,*ar4+
    81d4:	a28b 	sub    *ar2+,*ar5+,a
    81d5:	8294 	sth    a,*ar4+
    81d6:	a378 	sub    *ar5-,*ar2+,b
    81d7:	8393 	sth    b,*ar3+
    81d8:	a28b 	sub    *ar2+,*ar5+,a
    81d9:	8293 	sth    a,*ar3+
    81da:	a387 	sub    *ar2+,*ar5-,b
    81db:	8394 	sth    b,*ar4+
    81dc:	fe00 	retd   
    81dd:	f6b9 	rsbx   st1,ovm
    81de:	f495 	nop    
    81df:	f7b6 	ssbx   st1,frct
    81e0:	f7b9 	ssbx   st1,ovm
    81e1:	f272 	rptbd  0x81e6
    81e2:	81e6 
    81e3:	ed01 	ld     #1,asm
    81e4:	2082 	mpy    *ar2,a
    81e5:	cd18 	st     a,*ar2+ || mpy    *ar3,b
    81e6:	ce09 	st     b,*ar3+ || mpy    *ar2,a
    81e7:	fe00 	retd   
    81e8:	f6b6 	rsbx   st1,frct
    81e9:	f6b9 	rsbx   st1,ovm
    81ea:	7623 	st     #-27853,DP+0x23
    81eb:	9333 
    81ec:	440c 	ld     DP+0x0c,16,a
    81ed:	f060 	add    #-1,16,a
    81ee:	ffff 
    81ef:	f272 	rptbd  0x8202
    81f0:	8202 
    81f1:	8222 	sth    a,DP+0x22
    81f2:	f7b6 	ssbx   st1,frct
    81f3:	e800 	ld     #0,a
    81f4:	4728 	rpt    DP+0x28
    81f5:	b08a 	mac    *ar2+,*ar4+,a
    81f6:	4728 	rpt    DP+0x28
    81f7:	b09b 	mac    *ar3+,*ar5+,a
    81f8:	a1ce 	add    *ar2+0%,*ar4+0%,b
    81f9:	a1df 	add    *ar3+0%,*ar5+0%,b
    81fa:	a189 	add    *ar2+,*ar3+,b
    81fb:	3022 	ld     DP+0x22,t
    81fc:	6d90 	mar    *ar0+
    81fd:	6b28 	addm   #-1,DP+0x28
    81fe:	ffff 
    81ff:	f48f 	norm   a
    8200:	f483 	sat    a
    8201:	3123 	mpya   DP+0x23
    8202:	8396 	sth    b,*ar6+
    8203:	fe00 	retd   
    8204:	f6b6 	rsbx   st1,frct
    8205:	f495 	nop    
    8206:	ed1b 	ld     #27,asm
    8207:	f7b6 	ssbx   st1,frct
    8208:	7317 	mvmd   ar7,0x1a
    8209:	001a 
    820a:	f272 	rptbd  0x820f
    820b:	820f 
    820c:	a428 	mpy    *ar4,*ar2+,a
    820d:	a5a9 	mpy    *ar4+,*ar3+,b
    820e:	b028 	mac    *ar4,*ar2+,a
    820f:	b3a9 	mac    *ar4+,*ar3+,b
    8210:	b02c 	mac    *ar4,*ar2+0%,a
    8211:	b3ed 	mac    *ar4+0%,*ar3+0%,b
    8212:	3022 	ld     DP+0x22,t
    8213:	c863 	st     a,*ar5 || ld     *ar4-,a
    8214:	8786 	sth    b,asm,*ar6
    8215:	2085 	mpy    *ar5,a
    8216:	2186 	mpy    *ar6,b
    8217:	9ab1 	sth    a,1,*ar5+
    8218:	6e89 	banzd  0x8208,*ar1-
    8219:	8208 
    821a:	6f96 	sth    b,1,*ar6+
    821b:	0d61 
    821c:	fe00 	retd   
    821d:	f6b6 	rsbx   st1,frct
    821e:	f495 	nop    
    821f:	8227 	sth    a,DP+0x27
    8220:	822f 	sth    a,DP+0x2f
    8221:	823a 	sth    a,DP+0x3a
    8222:	8247 	sth    a,DP+0x47
    8223:	8259 	sth    a,DP+0x59
    8224:	826d 	sth    a,DP+0x6d
    8225:	8283 	sth    a,*ar3
    8226:	829b 	sth    a,*+ar3
    8227:	f272 	rptbd  0x822b
    8228:	822b 
    8229:	f0c0 	xor    a
    822a:	f495 	nop    
    822b:	8291 	sth    a,*ar1+
    822c:	fe00 	retd   
    822d:	f6b6 	rsbx   st1,frct
    822e:	f495 	nop    
    822f:	f072 	rptb   0x8236
    8230:	8236 
    8231:	a482 	mpy    *ar2+,*ar4,a
    8232:	b093 	mac    *ar3+,*ar5,a
    8233:	3022 	ld     DP+0x22,t
    8234:	f48f 	norm   a
    8235:	f483 	sat    a
    8236:	8291 	sth    a,*ar1+
    8237:	fe00 	retd   
    8238:	f6b6 	rsbx   st1,frct
    8239:	f495 	nop    
    823a:	f072 	rptb   0x8243
    823b:	8243 
    823c:	a48a 	mpy    *ar2+,*ar4+,a
    823d:	b09b 	mac    *ar3+,*ar5+,a
    823e:	b006 	mac    *ar2,*ar4-,a
    823f:	b017 	mac    *ar3,*ar5-,a
    8240:	3022 	ld     DP+0x22,t
    8241:	f48f 	norm   a
    8242:	f483 	sat    a
    8243:	8291 	sth    a,*ar1+
    8244:	fe00 	retd   
    8245:	f6b6 	rsbx   st1,frct
    8246:	f495 	nop    
    8247:	f272 	rptbd  0x8255
    8248:	8255 
    8249:	7710 	stm    #-2,ar0
    824a:	fffe 
    824b:	a48a 	mpy    *ar2+,*ar4+,a
    824c:	b09b 	mac    *ar3+,*ar5+,a
    824d:	b08a 	mac    *ar2+,*ar4+,a
    824e:	b09b 	mac    *ar3+,*ar5+,a
    824f:	b0ce 	mac    *ar2+0%,*ar4+0%,a
    8250:	b0df 	mac    *ar3+0%,*ar5+0%,a
    8251:	a189 	add    *ar2+,*ar3+,b
    8252:	3022 	ld     DP+0x22,t
    8253:	f48f 	norm   a
    8254:	f483 	sat    a
    8255:	8291 	sth    a,*ar1+
    8256:	fe00 	retd   
    8257:	f6b6 	rsbx   st1,frct
    8258:	f495 	nop    
    8259:	f272 	rptbd  0x8269
    825a:	8269 
    825b:	7710 	stm    #-3,ar0
    825c:	fffd 
    825d:	a48a 	mpy    *ar2+,*ar4+,a
    825e:	b09b 	mac    *ar3+,*ar5+,a
    825f:	b08a 	mac    *ar2+,*ar4+,a
    8260:	b09b 	mac    *ar3+,*ar5+,a
    8261:	b08a 	mac    *ar2+,*ar4+,a
    8262:	b09b 	mac    *ar3+,*ar5+,a
    8263:	b0ce 	mac    *ar2+0%,*ar4+0%,a
    8264:	b0df 	mac    *ar3+0%,*ar5+0%,a
    8265:	a189 	add    *ar2+,*ar3+,b
    8266:	3022 	ld     DP+0x22,t
    8267:	f48f 	norm   a
    8268:	f483 	sat    a
    8269:	8291 	sth    a,*ar1+
    826a:	fe00 	retd   
    826b:	f6b6 	rsbx   st1,frct
    826c:	f495 	nop    
    826d:	f272 	rptbd  0x827f
    826e:	827f 
    826f:	7710 	stm    #-4,ar0
    8270:	fffc 
    8271:	a48a 	mpy    *ar2+,*ar4+,a
    8272:	b09b 	mac    *ar3+,*ar5+,a
    8273:	b08a 	mac    *ar2+,*ar4+,a
    8274:	b09b 	mac    *ar3+,*ar5+,a
    8275:	b08a 	mac    *ar2+,*ar4+,a
    8276:	b09b 	mac    *ar3+,*ar5+,a
    8277:	b08a 	mac    *ar2+,*ar4+,a
    8278:	b09b 	mac    *ar3+,*ar5+,a
    8279:	b0ce 	mac    *ar2+0%,*ar4+0%,a
    827a:	b0df 	mac    *ar3+0%,*ar5+0%,a
    827b:	a189 	add    *ar2+,*ar3+,b
    827c:	3022 	ld     DP+0x22,t
    827d:	f48f 	norm   a
    827e:	f483 	sat    a
    827f:	8291 	sth    a,*ar1+
    8280:	fe00 	retd   
    8281:	f6b6 	rsbx   st1,frct
    8282:	f495 	nop    
    8283:	f272 	rptbd  0x8297
    8284:	8297 
    8285:	7710 	stm    #-5,ar0
    8286:	fffb 
    8287:	a48a 	mpy    *ar2+,*ar4+,a
    8288:	b09b 	mac    *ar3+,*ar5+,a
    8289:	b08a 	mac    *ar2+,*ar4+,a
    828a:	b09b 	mac    *ar3+,*ar5+,a
    828b:	b08a 	mac    *ar2+,*ar4+,a
    828c:	b09b 	mac    *ar3+,*ar5+,a
    828d:	b08a 	mac    *ar2+,*ar4+,a
    828e:	b09b 	mac    *ar3+,*ar5+,a
    828f:	b08a 	mac    *ar2+,*ar4+,a
    8290:	b09b 	mac    *ar3+,*ar5+,a
    8291:	b0ce 	mac    *ar2+0%,*ar4+0%,a
    8292:	b0df 	mac    *ar3+0%,*ar5+0%,a
    8293:	a189 	add    *ar2+,*ar3+,b
    8294:	3022 	ld     DP+0x22,t
    8295:	f48f 	norm   a
    8296:	f483 	sat    a
    8297:	8291 	sth    a,*ar1+
    8298:	fe00 	retd   
    8299:	f6b6 	rsbx   st1,frct
    829a:	f495 	nop    
    829b:	f272 	rptbd  0x82b1
    829c:	82b1 
    829d:	7710 	stm    #-6,ar0
    829e:	fffa 
    829f:	a48a 	mpy    *ar2+,*ar4+,a
    82a0:	b09b 	mac    *ar3+,*ar5+,a
    82a1:	b08a 	mac    *ar2+,*ar4+,a
    82a2:	b09b 	mac    *ar3+,*ar5+,a
    82a3:	b08a 	mac    *ar2+,*ar4+,a
    82a4:	b09b 	mac    *ar3+,*ar5+,a
    82a5:	b08a 	mac    *ar2+,*ar4+,a
    82a6:	b09b 	mac    *ar3+,*ar5+,a
    82a7:	b08a 	mac    *ar2+,*ar4+,a
    82a8:	b09b 	mac    *ar3+,*ar5+,a
    82a9:	b08a 	mac    *ar2+,*ar4+,a
    82aa:	b09b 	mac    *ar3+,*ar5+,a
    82ab:	b0ce 	mac    *ar2+0%,*ar4+0%,a
    82ac:	b0df 	mac    *ar3+0%,*ar5+0%,a
    82ad:	a189 	add    *ar2+,*ar3+,b
    82ae:	3022 	ld     DP+0x22,t
    82af:	f48f 	norm   a
    82b0:	f483 	sat    a
    82b1:	8291 	sth    a,*ar1+
    82b2:	fe00 	retd   
    82b3:	f6b6 	rsbx   st1,frct
    82b4:	f495 	nop    
    82b5:	f7b9 	ssbx   st1,ovm
    82b6:	7713 	stm    #10894,ar3
    82b7:	2a8e 
    82b8:	f020 	ld     #31646,a
    82b9:	7b9e 
    82ba:	f030 	and    #-1,a
    82bb:	ffff 
    82bc:	ec19 	rpt    #25
    82bd:	7e93 	reada  *ar3+
    82be:	f000 	add    #26,a
    82bf:	001a 
    82c0:	ec19 	rpt    #25
    82c1:	7e93 	reada  *ar3+
    82c2:	f000 	add    #26,a
    82c3:	001a 
    82c4:	ec19 	rpt    #25
    82c5:	7e93 	reada  *ar3+
    82c6:	f000 	add    #26,a
    82c7:	001a 
    82c8:	ec19 	rpt    #25
    82c9:	7e93 	reada  *ar3+
    82ca:	f000 	add    #26,a
    82cb:	001a 
    82cc:	ec18 	rpt    #24
    82cd:	7e93 	reada  *ar3+
    82ce:	7714 	stm    #10958,ar4
    82cf:	2ace 
    82d0:	f272 	rptbd  0x82dd
    82d1:	82dd 
    82d2:	ea00 	ld     #0,dp
    82d3:	ed18 	ld     #24,asm
    82d4:	4492 	ld     *ar2+,16,a
    82d5:	8610 	sth    a,asm,DP+0x10
    82d6:	4492 	ld     *ar2+,16,a
    82d7:	e743 	mvmm   ar4,ar3
    82d8:	6db3 	mar    *ar3+0
    82d9:	8610 	sth    a,asm,DP+0x10
    82da:	e51b 	mvdd   *ar3,*ar5+
    82db:	e743 	mvmm   ar4,ar3
    82dc:	6db3 	mar    *ar3+0
    82dd:	e51b 	mvdd   *ar3,*ar5+
    82de:	fe00 	retd   
    82df:	f6b9 	rsbx   st1,ovm
    82e0:	ea5e 	ld     #94,dp
    82e1:	f7b9 	ssbx   st1,ovm
    82e2:	7620 	st     #16384,DP+0x20
    82e3:	4000 
    82e4:	f48d 	squr   a,a
    82e5:	f464 	sfta   a,4
    82e6:	f48c 	mpya   a
    82e7:	f461 	sfta   a,1
    82e8:	f570 	sfta   a,-16,b
    82e9:	6f81 	sub    *ar1,4,b
    82ea:	0f24 
    82eb:	f84e 	bc     0x82f3,bgt
    82ec:	82f3 
    82ed:	f274 	calld  0x75c5
    82ee:	75c5 
    82ef:	f6b9 	rsbx   st1,ovm
    82f0:	f495 	nop    
    82f1:	6f20 	stl    a,-6,DP+0x20
    82f2:	0c9a 
    82f3:	fe00 	retd   
    82f4:	f6b9 	rsbx   st1,ovm
    82f5:	f495 	nop    
    82f6:	1007 	ld     DP+0x07,a
    82f7:	f010 	sub    #1,a
    82f8:	0001 
    82f9:	fa46 	bcd    0x8307,agt
    82fa:	8307 
    82fb:	7712 	stm    #10900,ar2
    82fc:	2a94 
    82fd:	771a 	stm    #141,brc
    82fe:	008d 
    82ff:	f272 	rptbd  0x8303
    8300:	8303 
    8301:	e762 	mvmm   ar6,ar2
    8302:	f495 	nop    
    8303:	e5a8 	mvdd   *ar4+,*ar2+
    8304:	fe00 	retd   
    8305:	f6b9 	rsbx   st1,ovm
    8306:	f6b6 	rsbx   st1,frct
    8307:	771a 	stm    #141,brc
    8308:	008d 
    8309:	f272 	rptbd  0x830d
    830a:	830d 
    830b:	ed02 	ld     #2,asm
    830c:	4494 	ld     *ar4+,16,a
    830d:	c8a8 	st     a,*ar2+ || ld     *ar4+,a
    830e:	ed00 	ld     #0,asm
    830f:	7622 	st     #2458,DP+0x22
    8310:	099a 
    8311:	7713 	stm    #12066,ar3
    8312:	2f22 
    8313:	7714 	stm    #11236,ar4
    8314:	2be4 
    8315:	771a 	stm    #141,brc
    8316:	008d 
    8317:	f162 	ld     #-16384,16,b
    8318:	c000 
    8319:	f272 	rptbd  0x8322
    831a:	8322 
    831b:	7712 	stm    #10900,ar2
    831c:	2a94 
    831d:	f784 	neg    b
    831e:	a221 	sub    *ar4,*ar3,a
    831f:	9f06 	saccd  b,*ar2,agt
    8320:	a0a1 	add    *ar4+,*ar3,a
    8321:	f784 	neg    b
    8322:	9f83 	saccd  b,*ar2+,alt
    8323:	f0c0 	xor    a
    8324:	f120 	ld     #16384,b
    8325:	4000 
    8326:	7712 	stm    #10894,ar2
    8327:	2a8e 
    8328:	7713 	stm    #11042,ar3
    8329:	2b22 
    832a:	8092 	stl    a,*ar2+
    832b:	8092 	stl    a,*ar2+
    832c:	8092 	stl    a,*ar2+
    832d:	8092 	stl    a,*ar2+
    832e:	8192 	stl    b,*ar2+
    832f:	8192 	stl    b,*ar2+
    8330:	8193 	stl    b,*ar3+
    8331:	8193 	stl    b,*ar3+
    8332:	8093 	stl    a,*ar3+
    8333:	8093 	stl    a,*ar3+
    8334:	8093 	stl    a,*ar3+
    8335:	8093 	stl    a,*ar3+
    8336:	7712 	stm    #96,ar2
    8337:	0060 
    8338:	7713 	stm    #11455,ar3
    8339:	2cbf 
    833a:	8192 	stl    b,*ar2+
    833b:	ec05 	rpt    #5
    833c:	e558 	mvdd   *ar3-,*ar2+
    833d:	7622 	st     #1638,DP+0x22
    833e:	0666 
    833f:	7623 	st     #3276,DP+0x23
    8340:	0ccc 
    8341:	7624 	st     #1024,DP+0x24
    8342:	0400 
    8343:	7625 	st     #2048,DP+0x25
    8344:	0800 
    8345:	f7b9 	ssbx   st1,ovm
    8346:	f6b6 	rsbx   st1,frct
    8347:	7711 	stm    #12066,ar1
    8348:	2f22 
    8349:	7714 	stm    #11236,ar4
    834a:	2be4 
    834b:	7715 	stm    #96,ar5
    834c:	0060 
    834d:	6f07 	ld     DP+0x07,1,a
    834e:	0c41 
    834f:	f000 	add    #-31911,a
    8350:	8359 
    8351:	f012 	sub    #1,2,a
    8352:	0001 
    8353:	f6e3 	calad  a
    8354:	7716 	stm    #10752,ar6
    8355:	2a00 
    8356:	fe00 	retd   
    8357:	f6b9 	rsbx   st1,ovm
    8358:	f495 	nop    
    8359:	f073 	b      0x8365
    835a:	8365 
    835b:	f073 	b      0x8394
    835c:	8394 
    835d:	f073 	b      0x83c9
    835e:	83c9 
    835f:	f073 	b      0x83ff
    8360:	83ff 
    8361:	f073 	b      0x8435
    8362:	8435 
    8363:	f073 	b      0x846b
    8364:	846b 
    8365:	7712 	stm    #10899,ar2
    8366:	2a93 
    8367:	7713 	stm    #10901,ar3
    8368:	2a95 
    8369:	7715 	stm    #102,ar5
    836a:	0066 
    836b:	76f8 	st     #16384,*(0x65)
    836c:	0065 
    836d:	4000 
    836e:	771a 	stm    #141,brc
    836f:	008d 
    8370:	f272 	rptbd  0x837c
    8371:	837c 
    8372:	7710 	stm    #2,ar0
    8373:	0002 
    8374:	4594 	ld     *ar4+,16,b
    8375:	b378 	mac    *ar5-,*ar2+,b
    8376:	a8b5 	ld     *ar5+,a || mac    *ar3-,b
    8377:	9b12 	sth    b,2,*ar3
    8378:	4391 	sub    *ar1+,16,b
    8379:	9e1e 	saccd  a,*ar3,bgt
    837a:	3f89 	add    *ar1-,16,b
    837b:	f484 	neg    a
    837c:	9edb 	saccd  a,*ar3+0%,blt
    837d:	6de9 	mar    *+ar1(0x2)
    837e:	0002 
    837f:	7712 	stm    #10899,ar2
    8380:	2a93 
    8381:	7713 	stm    #10901,ar3
    8382:	2a95 
    8383:	771a 	stm    #141,brc
    8384:	008d 
    8385:	f272 	rptbd  0x8392
    8386:	8392 
    8387:	7714 	stm    #11236,ar4
    8388:	2be4 
    8389:	4594 	ld     *ar4+,16,b
    838a:	b378 	mac    *ar5-,*ar2+,b
    838b:	a8b5 	ld     *ar5+,a || mac    *ar3-,b
    838c:	9b12 	sth    b,2,*ar3
    838d:	8396 	sth    b,*ar6+
    838e:	4391 	sub    *ar1+,16,b
    838f:	9e1e 	saccd  a,*ar3,bgt
    8390:	3f89 	add    *ar1-,16,b
    8391:	f484 	neg    a
    8392:	9edb 	saccd  a,*ar3+0%,blt
    8393:	fc00 	ret    
    8394:	7712 	stm    #102,ar2
    8395:	0066 
    8396:	6d95 	mar    *ar5+
    8397:	e54b 	mvdd   *ar2-,*ar5+
    8398:	e543 	mvdd   *ar2-,*ar5
    8399:	7712 	stm    #10898,ar2
    839a:	2a92 
    839b:	7713 	stm    #10902,ar3
    839c:	2a96 
    839d:	4594 	ld     *ar4+,16,b
    839e:	771a 	stm    #141,brc
    839f:	008d 
    83a0:	f272 	rptbd  0x83ae
    83a1:	83ae 
    83a2:	7710 	stm    #3,ar0
    83a3:	0003 
    83a4:	b338 	mac    *ar5,*ar2+,b
    83a5:	b375 	mac    *ar5-,*ar3-,b
    83a6:	b370 	mac    *ar5-,*ar2,b
    83a7:	a8b5 	ld     *ar5+,a || mac    *ar3-,b
    83a8:	9b12 	sth    b,2,*ar3
    83a9:	4391 	sub    *ar1+,16,b
    83aa:	9e1e 	saccd  a,*ar3,bgt
    83ab:	3f89 	add    *ar1-,16,b
    83ac:	f484 	neg    a
    83ad:	9edb 	saccd  a,*ar3+0%,blt
    83ae:	a9ab 	ld     *ar4+,b || mac    *ar5+,a
    83af:	6de9 	mar    *+ar1(0x2)
    83b0:	0002 
    83b1:	7712 	stm    #10898,ar2
    83b2:	2a92 
    83b3:	7714 	stm    #11236,ar4
    83b4:	2be4 
    83b5:	4594 	ld     *ar4+,16,b
    83b6:	771a 	stm    #141,brc
    83b7:	008d 
    83b8:	f272 	rptbd  0x83c7
    83b9:	83c7 
    83ba:	7713 	stm    #10902,ar3
    83bb:	2a96 
    83bc:	b338 	mac    *ar5,*ar2+,b
    83bd:	b375 	mac    *ar5-,*ar3-,b
    83be:	b370 	mac    *ar5-,*ar2,b
    83bf:	a8b5 	ld     *ar5+,a || mac    *ar3-,b
    83c0:	9b12 	sth    b,2,*ar3
    83c1:	8396 	sth    b,*ar6+
    83c2:	4391 	sub    *ar1+,16,b
    83c3:	9e1e 	saccd  a,*ar3,bgt
    83c4:	3f89 	add    *ar1-,16,b
    83c5:	f484 	neg    a
    83c6:	9edb 	saccd  a,*ar3+0%,blt
    83c7:	a9ab 	ld     *ar4+,b || mac    *ar5+,a
    83c8:	fc00 	ret    
    83c9:	7712 	stm    #10897,ar2
    83ca:	2a91 
    83cb:	7713 	stm    #10903,ar3
    83cc:	2a97 
    83cd:	771a 	stm    #141,brc
    83ce:	008d 
    83cf:	4594 	ld     *ar4+,16,b
    83d0:	f272 	rptbd  0x83e1
    83d1:	83e1 
    83d2:	7710 	stm    #4,ar0
    83d3:	0004 
    83d4:	a085 	add    *ar2+,*ar3-,a
    83d5:	ec02 	rpt    #2
    83d6:	e085 	firs   *ar2+,*ar3-,0x64
    83d7:	0064 
    83d8:	6f9b 	sth    b,2,*+ar3
    83d9:	0d62 
    83da:	4485 	ld     *ar5,16,a
    83db:	4391 	sub    *ar1+,16,b
    83dc:	9e1e 	saccd  a,*ar3,bgt
    83dd:	3f89 	add    *ar1-,16,b
    83de:	f484 	neg    a
    83df:	9edb 	saccd  a,*ar3+0%,blt
    83e0:	6daa 	mar    *ar2-0
    83e1:	a9a8 	ld     *ar4+,b || mac    *ar2+,a
    83e2:	6de9 	mar    *+ar1(0x2)
    83e3:	0002 
    83e4:	7712 	stm    #10897,ar2
    83e5:	2a91 
    83e6:	771a 	stm    #141,brc
    83e7:	008d 
    83e8:	7714 	stm    #11236,ar4
    83e9:	2be4 
    83ea:	4594 	ld     *ar4+,16,b
    83eb:	f272 	rptbd  0x83fd
    83ec:	83fd 
    83ed:	7713 	stm    #10903,ar3
    83ee:	2a97 
    83ef:	a085 	add    *ar2+,*ar3-,a
    83f0:	ec02 	rpt    #2
    83f1:	e085 	firs   *ar2+,*ar3-,0x64
    83f2:	0064 
    83f3:	6f9b 	sth    b,2,*+ar3
    83f4:	0d62 
    83f5:	8396 	sth    b,*ar6+
    83f6:	4485 	ld     *ar5,16,a
    83f7:	4391 	sub    *ar1+,16,b
    83f8:	9e1e 	saccd  a,*ar3,bgt
    83f9:	3f89 	add    *ar1-,16,b
    83fa:	f484 	neg    a
    83fb:	9edb 	saccd  a,*ar3+0%,blt
    83fc:	6daa 	mar    *ar2-0
    83fd:	a9a8 	ld     *ar4+,b || mac    *ar2+,a
    83fe:	fc00 	ret    
    83ff:	7712 	stm    #10896,ar2
    8400:	2a90 
    8401:	7713 	stm    #10904,ar3
    8402:	2a98 
    8403:	771a 	stm    #141,brc
    8404:	008d 
    8405:	4594 	ld     *ar4+,16,b
    8406:	f272 	rptbd  0x8417
    8407:	8417 
    8408:	7710 	stm    #5,ar0
    8409:	0005 
    840a:	a085 	add    *ar2+,*ar3-,a
    840b:	ec03 	rpt    #3
    840c:	e085 	firs   *ar2+,*ar3-,0x63
    840d:	0063 
    840e:	6f9b 	sth    b,2,*+ar3
    840f:	0d62 
    8410:	4485 	ld     *ar5,16,a
    8411:	4391 	sub    *ar1+,16,b
    8412:	9e1e 	saccd  a,*ar3,bgt
    8413:	3f89 	add    *ar1-,16,b
    8414:	f484 	neg    a
    8415:	9edb 	saccd  a,*ar3+0%,blt
    8416:	6daa 	mar    *ar2-0
    8417:	a9a8 	ld     *ar4+,b || mac    *ar2+,a
    8418:	6de9 	mar    *+ar1(0x2)
    8419:	0002 
    841a:	7712 	stm    #10896,ar2
    841b:	2a90 
    841c:	771a 	stm    #141,brc
    841d:	008d 
    841e:	7714 	stm    #11236,ar4
    841f:	2be4 
    8420:	4594 	ld     *ar4+,16,b
    8421:	f272 	rptbd  0x8433
    8422:	8433 
    8423:	7713 	stm    #10904,ar3
    8424:	2a98 
    8425:	a085 	add    *ar2+,*ar3-,a
    8426:	ec03 	rpt    #3
    8427:	e085 	firs   *ar2+,*ar3-,0x63
    8428:	0063 
    8429:	6f9b 	sth    b,2,*+ar3
    842a:	0d62 
    842b:	8396 	sth    b,*ar6+
    842c:	4485 	ld     *ar5,16,a
    842d:	4391 	sub    *ar1+,16,b
    842e:	9e1e 	saccd  a,*ar3,bgt
    842f:	3f89 	add    *ar1-,16,b
    8430:	f484 	neg    a
    8431:	9edb 	saccd  a,*ar3+0%,blt
    8432:	6daa 	mar    *ar2-0
    8433:	a9a8 	ld     *ar4+,b || mac    *ar2+,a
    8434:	fc00 	ret    
    8435:	7712 	stm    #10895,ar2
    8436:	2a8f 
    8437:	7713 	stm    #10905,ar3
    8438:	2a99 
    8439:	771a 	stm    #141,brc
    843a:	008d 
    843b:	4594 	ld     *ar4+,16,b
    843c:	f272 	rptbd  0x844d
    843d:	844d 
    843e:	7710 	stm    #6,ar0
    843f:	0006 
    8440:	a085 	add    *ar2+,*ar3-,a
    8441:	ec04 	rpt    #4
    8442:	e085 	firs   *ar2+,*ar3-,0x62
    8443:	0062 
    8444:	6f9b 	sth    b,2,*+ar3
    8445:	0d62 
    8446:	4485 	ld     *ar5,16,a
    8447:	4391 	sub    *ar1+,16,b
    8448:	9e1e 	saccd  a,*ar3,bgt
    8449:	3f89 	add    *ar1-,16,b
    844a:	f484 	neg    a
    844b:	9edb 	saccd  a,*ar3+0%,blt
    844c:	6daa 	mar    *ar2-0
    844d:	a9a8 	ld     *ar4+,b || mac    *ar2+,a
    844e:	6de9 	mar    *+ar1(0x2)
    844f:	0002 
    8450:	7712 	stm    #10895,ar2
    8451:	2a8f 
    8452:	771a 	stm    #141,brc
    8453:	008d 
    8454:	7714 	stm    #11236,ar4
    8455:	2be4 
    8456:	4594 	ld     *ar4+,16,b
    8457:	f272 	rptbd  0x8469
    8458:	8469 
    8459:	7713 	stm    #10905,ar3
    845a:	2a99 
    845b:	a085 	add    *ar2+,*ar3-,a
    845c:	ec04 	rpt    #4
    845d:	e085 	firs   *ar2+,*ar3-,0x62
    845e:	0062 
    845f:	6f9b 	sth    b,2,*+ar3
    8460:	0d62 
    8461:	8396 	sth    b,*ar6+
    8462:	4485 	ld     *ar5,16,a
    8463:	4391 	sub    *ar1+,16,b
    8464:	9e1e 	saccd  a,*ar3,bgt
    8465:	3f89 	add    *ar1-,16,b
    8466:	f484 	neg    a
    8467:	9edb 	saccd  a,*ar3+0%,blt
    8468:	6daa 	mar    *ar2-0
    8469:	a9a8 	ld     *ar4+,b || mac    *ar2+,a
    846a:	fc00 	ret    
    846b:	7712 	stm    #10894,ar2
    846c:	2a8e 
    846d:	7713 	stm    #10906,ar3
    846e:	2a9a 
    846f:	771a 	stm    #141,brc
    8470:	008d 
    8471:	4594 	ld     *ar4+,16,b
    8472:	f272 	rptbd  0x8483
    8473:	8483 
    8474:	7710 	stm    #7,ar0
    8475:	0007 
    8476:	a085 	add    *ar2+,*ar3-,a
    8477:	ec05 	rpt    #5
    8478:	e085 	firs   *ar2+,*ar3-,0x61
    8479:	0061 
    847a:	6f9b 	sth    b,2,*+ar3
    847b:	0d62 
    847c:	4485 	ld     *ar5,16,a
    847d:	4391 	sub    *ar1+,16,b
    847e:	9e1e 	saccd  a,*ar3,bgt
    847f:	3f89 	add    *ar1-,16,b
    8480:	f484 	neg    a
    8481:	9edb 	saccd  a,*ar3+0%,blt
    8482:	6daa 	mar    *ar2-0
    8483:	a9a8 	ld     *ar4+,b || mac    *ar2+,a
    8484:	6de9 	mar    *+ar1(0x2)
    8485:	0002 
    8486:	7712 	stm    #10894,ar2
    8487:	2a8e 
    8488:	7714 	stm    #11236,ar4
    8489:	2be4 
    848a:	771a 	stm    #141,brc
    848b:	008d 
    848c:	4594 	ld     *ar4+,16,b
    848d:	f272 	rptbd  0x849f
    848e:	849f 
    848f:	7713 	stm    #10906,ar3
    8490:	2a9a 
    8491:	a085 	add    *ar2+,*ar3-,a
    8492:	ec05 	rpt    #5
    8493:	e085 	firs   *ar2+,*ar3-,0x61
    8494:	0061 
    8495:	6f9b 	sth    b,2,*+ar3
    8496:	0d62 
    8497:	8396 	sth    b,*ar6+
    8498:	4485 	ld     *ar5,16,a
    8499:	4391 	sub    *ar1+,16,b
    849a:	9e1e 	saccd  a,*ar3,bgt
    849b:	3f89 	add    *ar1-,16,b
    849c:	f484 	neg    a
    849d:	9edb 	saccd  a,*ar3+0%,blt
    849e:	6daa 	mar    *ar2-0
    849f:	a9a8 	ld     *ar4+,b || mac    *ar2+,a
    84a0:	fc00 	ret    
    84a1:	f7b6 	ssbx   st1,frct
    84a2:	7712 	stm    #11498,ar2
    84a3:	2cea 
    84a4:	7713 	stm    #10791,ar3
    84a5:	2a27 
    84a6:	7714 	stm    #10983,ar4
    84a7:	2ae7 
    84a8:	7711 	stm    #11350,ar1
    84a9:	2c56 
    84aa:	7715 	stm    #11400,ar5
    84ab:	2c88 
    84ac:	7719 	stm    #0,bk
    84ad:	0000 
    84ae:	771a 	stm    #49,brc
    84af:	0031 
    84b0:	f272 	rptbd  0x84c6
    84b1:	84c6 
    84b2:	7710 	stm    #-63,ar0
    84b3:	ffc1 
    84b4:	a489 	mpy    *ar2+,*ar3+,a
    84b5:	ec19 	rpt    #25
    84b6:	b089 	mac    *ar2+,*ar3+,a
    84b7:	ec19 	rpt    #25
    84b8:	b089 	mac    *ar2+,*ar3+,a
    84b9:	ec09 	rpt    #9
    84ba:	b089 	mac    *ar2+,*ar3+,a
    84bb:	b0cd 	mac    *ar2+0%,*ar3+0%,a
    84bc:	8291 	sth    a,*ar1+
    84bd:	a48a 	mpy    *ar2+,*ar4+,a
    84be:	ec19 	rpt    #25
    84bf:	b08a 	mac    *ar2+,*ar4+,a
    84c0:	ec19 	rpt    #25
    84c1:	b08a 	mac    *ar2+,*ar4+,a
    84c2:	ec09 	rpt    #9
    84c3:	b08a 	mac    *ar2+,*ar4+,a
    84c4:	b0ce 	mac    *ar2+0%,*ar4+0%,a
    84c5:	8295 	sth    a,*ar5+
    84c6:	a09a 	add    *ar3+,*ar4+,a
    84c7:	fe00 	retd   
    84c8:	f6b6 	rsbx   st1,frct
    84c9:	f6b9 	rsbx   st1,ovm
    84ca:	f6b6 	rsbx   st1,frct
    84cb:	f7b9 	ssbx   st1,ovm
    84cc:	7712 	stm    #11350,ar2
    84cd:	2c56 
    84ce:	7713 	stm    #11400,ar3
    84cf:	2c88 
    84d0:	771a 	stm    #49,brc
    84d1:	0031 
    84d2:	f272 	rptbd  0x84d8
    84d3:	84d8 
    84d4:	7714 	stm    #11236,ar4
    84d5:	2be4 
    84d6:	2692 	squr   *ar2+,a
    84d7:	3893 	squra  *ar3+,a
    84d8:	4e94 	dst    a,*ar4+
    84d9:	f6b9 	rsbx   st1,ovm
    84da:	e800 	ld     #0,a
    84db:	8810 	stlm   a,ar0
    84dc:	8811 	stlm   a,ar1
    84dd:	e900 	ld     #0,b
    84de:	7712 	stm    #11236,ar2
    84df:	2be4 
    84e0:	771a 	stm    #42,brc
    84e1:	002a 
    84e2:	f272 	rptbd  0x84ec
    84e3:	84ec 
    84e4:	7713 	stm    #11250,ar3
    84e5:	2bf2 
    84e6:	5093 	dadd   *ar3+,a
    84e7:	5492 	dsub   *ar2+,a
    84e8:	f586 	max    b
    84e9:	6d90 	mar    *ar0+
    84ea:	f495 	nop    
    84eb:	fd08 	xc     1,nc
    84ec:	e701 	mvmm   ar0,ar1
    84ed:	4811 	ldm    ar1,a
    84ee:	fe00 	retd   
    84ef:	80f8 	stl    a,*(0x2f06)
    84f0:	2f06 
    84f1:	f7b6 	ssbx   st1,frct
    84f2:	f0c0 	xor    a
    84f3:	ec19 	rpt    #25
    84f4:	7892 	macp   *ar2+,0x7b2c,a
    84f5:	7b2c 
    84f6:	ec19 	rpt    #25
    84f7:	7892 	macp   *ar2+,0x7b46,a
    84f8:	7b46 
    84f9:	ec04 	rpt    #4
    84fa:	7892 	macp   *ar2+,0x7b60,a
    84fb:	7b60 
    84fc:	6dea 	mar    *+ar2(0x1c)
    84fd:	001c 
    84fe:	ec19 	rpt    #25
    84ff:	7892 	macp   *ar2+,0x7b65,a
    8500:	7b65 
    8501:	ec19 	rpt    #25
    8502:	7892 	macp   *ar2+,0x7b7f,a
    8503:	7b7f 
    8504:	ec04 	rpt    #4
    8505:	7892 	macp   *ar2+,0x7b99,a
    8506:	7b99 
    8507:	40f8 	sub    *(0xc44),16,a
    8508:	0c44 
    8509:	76f8 	st     #0,*(0x2f21)
    850a:	2f21 
    850b:	0000 
    850c:	ff46 	xc     2,agt
    850d:	76f8 	st     #1,*(0x2f21)
    850e:	2f21 
    850f:	0001 
    8510:	fe00 	retd   
    8511:	f6b6 	rsbx   st1,frct
    8512:	f495 	nop    
    8513:	f7b6 	ssbx   st1,frct
    8514:	f7b9 	ssbx   st1,ovm
    8515:	7712 	stm    #11508,ar2
    8516:	2cf4 
    8517:	7713 	stm    #10820,ar3
    8518:	2a44 
    8519:	7714 	stm    #11012,ar4
    851a:	2b04 
    851b:	7711 	stm    #11350,ar1
    851c:	2c56 
    851d:	7715 	stm    #11360,ar5
    851e:	2c60 
    851f:	7719 	stm    #0,bk
    8520:	0000 
    8521:	ed00 	ld     #0,asm
    8522:	771a 	stm    #9,brc
    8523:	0009 
    8524:	f272 	rptbd  0x8531
    8525:	8531 
    8526:	7710 	stm    #-15,ar0
    8527:	fff1 
    8528:	a489 	mpy    *ar2+,*ar3+,a
    8529:	ec0d 	rpt    #13
    852a:	b089 	mac    *ar2+,*ar3+,a
    852b:	b0cd 	mac    *ar2+0%,*ar3+0%,a
    852c:	8291 	sth    a,*ar1+
    852d:	a48a 	mpy    *ar2+,*ar4+,a
    852e:	ec0d 	rpt    #13
    852f:	b08a 	mac    *ar2+,*ar4+,a
    8530:	b0ce 	mac    *ar2+0%,*ar4+0%,a
    8531:	cc4b 	st     a,*ar5+ || mpy    *ar2-,a
    8532:	fe00 	retd   
    8533:	f6b6 	rsbx   st1,frct
    8534:	f6b9 	rsbx   st1,ovm
    8535:	f6b6 	rsbx   st1,frct
    8536:	f7b9 	ssbx   st1,ovm
    8537:	7712 	stm    #11350,ar2
    8538:	2c56 
    8539:	7713 	stm    #11360,ar3
    853a:	2c60 
    853b:	771a 	stm    #9,brc
    853c:	0009 
    853d:	f272 	rptbd  0x8543
    853e:	8543 
    853f:	7714 	stm    #11236,ar4
    8540:	2be4 
    8541:	2692 	squr   *ar2+,a
    8542:	3893 	squra  *ar3+,a
    8543:	4e94 	dst    a,*ar4+
    8544:	f6b9 	rsbx   st1,ovm
    8545:	e800 	ld     #0,a
    8546:	8810 	stlm   a,ar0
    8547:	8811 	stlm   a,ar1
    8548:	e900 	ld     #0,b
    8549:	7712 	stm    #11236,ar2
    854a:	2be4 
    854b:	771a 	stm    #2,brc
    854c:	0002 
    854d:	f272 	rptbd  0x8557
    854e:	8557 
    854f:	7713 	stm    #11250,ar3
    8550:	2bf2 
    8551:	5093 	dadd   *ar3+,a
    8552:	5492 	dsub   *ar2+,a
    8553:	f586 	max    b
    8554:	6d90 	mar    *ar0+
    8555:	f495 	nop    
    8556:	fd08 	xc     1,nc
    8557:	e701 	mvmm   ar0,ar1
    8558:	4811 	ldm    ar1,a
    8559:	fe00 	retd   
    855a:	80f8 	stl    a,*(0x2f06)
    855b:	2f06 
    855c:	f4ba 	rsbx   st0,ova
    855d:	ed00 	ld     #0,asm
    855e:	f272 	rptbd  0x8567
    855f:	8567 
    8560:	f7b6 	ssbx   st1,frct
    8561:	f7b9 	ssbx   st1,ovm
    8562:	2082 	mpy    *ar2,a
    8563:	f46f 	sfta   a,15
    8564:	e734 	mvmm   ar3,ar4
    8565:	a189 	add    *ar2+,*ar3+,b
    8566:	fd70 	xc     1,aov
    8567:	8684 	sth    a,asm,*ar4
    8568:	fe00 	retd   
    8569:	f6b6 	rsbx   st1,frct
    856a:	f6b9 	rsbx   st1,ovm
    856b:	f6b9 	rsbx   st1,ovm
    856c:	770e 	stm    #24,t
    856d:	0018 
    856e:	7711 	stm    #6,ar1
    856f:	0006 
    8570:	771a 	stm    #15,brc
    8571:	000f 
    8572:	f272 	rptbd  0x8579
    8573:	8579 
    8574:	ed00 	ld     #0,asm
    8575:	1592 	ld     *ar2+,ts,b
    8576:	4483 	ld     *ar3,16,a
    8577:	f484 	neg    a
    8578:	9e9b 	saccd  a,*ar3+,blt
    8579:	f761 	sfta   b,1
    857a:	6e89 	banzd  0x8572,*ar1-
    857b:	8572 
    857c:	771a 	stm    #15,brc
    857d:	000f 
    857e:	771a 	stm    #1,brc
    857f:	0001 
    8580:	f272 	rptbd  0x8587
    8581:	8587 
    8582:	ed00 	ld     #0,asm
    8583:	1592 	ld     *ar2+,ts,b
    8584:	4483 	ld     *ar3,16,a
    8585:	f484 	neg    a
    8586:	9e9b 	saccd  a,*ar3+,blt
    8587:	f761 	sfta   b,1
    8588:	fc00 	ret    
    8589:	f6b8 	rsbx   st1,sxm
    858a:	f272 	rptbd  0x8598
    858b:	8598 
    858c:	770e 	stm    #28,t
    858d:	001c 
    858e:	1592 	ld     *ar2+,ts,b
    858f:	1492 	ld     *ar2+,ts,a
    8590:	f0fc 	sftl   a,-4
    8591:	f1a0 	or     a,b
    8592:	1492 	ld     *ar2+,ts,a
    8593:	f0f8 	sftl   a,-8
    8594:	f1a0 	or     a,b
    8595:	1492 	ld     *ar2+,ts,a
    8596:	f0f4 	sftl   a,-12
    8597:	f1a0 	or     a,b
    8598:	8393 	sth    b,*ar3+
    8599:	fe00 	retd   
    859a:	f7b8 	ssbx   st1,sxm
    859b:	f495 	nop    
    859c:	f074 	call   0x85c1
    859d:	85c1 
    859e:	f4e4 	fret   
    859f:	f074 	call   0x85a2
    85a0:	85a2 
    85a1:	f4e4 	fret   
    85a2:	f7b8 	ssbx   st1,sxm
    85a3:	f6b6 	rsbx   st1,frct
    85a4:	f6b9 	rsbx   st1,ovm
    85a5:	f6be 	rsbx   st1,cpl
    85a6:	ea7b 	ld     #123,dp
    85a7:	f020 	ld     #-31118,a
    85a8:	8672 
    85a9:	8049 	stl    a,DP+0x49
    85aa:	7714 	stm    #15818,ar4
    85ab:	3dca 
    85ac:	ec02 	rpt    #2
    85ad:	7094 	mvkd   0xa0d9,*ar4+
    85ae:	a0d9 
    85af:	f162 	ld     #-198,16,b
    85b0:	ff3a 
    85b1:	7647 	st     #16,DP+0x47
    85b2:	0010 
    85b3:	6ff8 	ld     *(0x8d7),-7,a
    85b4:	08d7 
    85b5:	0c59 
    85b6:	f030 	and    #15,a
    85b7:	000f 
    85b8:	f000 	add    #4,a
    85b9:	0004 
    85ba:	f030 	and    #15,a
    85bb:	000f 
    85bc:	f000 	add    #23,a
    85bd:	0017 
    85be:	8046 	stl    a,DP+0x46
    85bf:	f073 	b      0x85f0
    85c0:	85f0 
    85c1:	f7b8 	ssbx   st1,sxm
    85c2:	f6b6 	rsbx   st1,frct
    85c3:	f6b9 	rsbx   st1,ovm
    85c4:	f6be 	rsbx   st1,cpl
    85c5:	f074 	call   0xb187
    85c6:	b187 
    85c7:	ea7b 	ld     #123,dp
    85c8:	f020 	ld     #-31174,a
    85c9:	863a 
    85ca:	8049 	stl    a,DP+0x49
    85cb:	7713 	stm    #16266,ar3
    85cc:	3f8a 
    85cd:	771a 	stm    #7,brc
    85ce:	0007 
    85cf:	f272 	rptbd  0x85d5
    85d0:	85d5 
    85d1:	7714 	stm    #16283,ar4
    85d2:	3f9b 
    85d3:	1083 	ld     *ar3,a
    85d4:	1c94 	xor    *ar4+,a
    85d5:	8093 	stl    a,*ar3+
    85d6:	6ff8 	ld     *(0x3fa8),1,a
    85d7:	3fa8 
    85d8:	0c41 
    85d9:	f000 	add    #-24375,a
    85da:	a0c9 
    85db:	8815 	stlm   a,ar5
    85dc:	7714 	stm    #15818,ar4
    85dd:	3dca 
    85de:	ec01 	rpt    #1
    85df:	e5ba 	mvdd   *ar5+,*ar4+
    85e0:	f162 	ld     #2040,16,b
    85e1:	07f8 
    85e2:	7647 	st     #16,DP+0x47
    85e3:	0010 
    85e4:	6ff8 	ld     *(0x8d7),-7,a
    85e5:	08d7 
    85e6:	0c59 
    85e7:	f030 	and    #15,a
    85e8:	000f 
    85e9:	f000 	add    #4,a
    85ea:	0004 
    85eb:	f030 	and    #15,a
    85ec:	000f 
    85ed:	f000 	add    #18,a
    85ee:	0012 
    85ef:	8046 	stl    a,DP+0x46
    85f0:	7717 	stm    #-31227,ar7
    85f1:	8605 
    85f2:	7716 	stm    #15821,ar6
    85f3:	3dcd 
    85f4:	ec01 	rpt    #1
    85f5:	7096 	mvkd   0xa0dc,*ar6+
    85f6:	a0dc 
    85f7:	7713 	stm    #16266,ar3
    85f8:	3f8a 
    85f9:	7715 	stm    #16273,ar5
    85fa:	3f91 
    85fb:	7714 	stm    #15818,ar4
    85fc:	3dca 
    85fd:	7716 	stm    #15821,ar6
    85fe:	3dcd 
    85ff:	4812 	ldm    ar2,a
    8600:	f000 	add    #16,a
    8601:	0010 
    8602:	8810 	stlm   a,ar0
    8603:	f073 	b      0x8608
    8604:	8608 
    8605:	f030 	and    #-1,a
    8606:	ffff 
    8607:	f500 	add    a,b
    8608:	f4aa 	cmpr   eq,ar2
    8609:	fc30 	rc     tc
    860a:	e809 	ld     #9,a
    860b:	0846 	sub    DP+0x46,a
    860c:	0047 	add    DP+0x47,a
    860d:	f843 	bc     0x8621,alt
    860e:	8621 
    860f:	e810 	ld     #16,a
    8610:	0847 	sub    DP+0x47,a
    8611:	8048 	stl    a,DP+0x48
    8612:	3248 	ld     DP+0x48,asm
    8613:	f782 	ld     b,asm
    8614:	0046 	add    DP+0x46,a
    8615:	8046 	stl    a,DP+0x46
    8616:	7647 	st     #16,DP+0x47
    8617:	0010 
    8618:	1049 	ld     DP+0x49,a
    8619:	6b49 	addm   #4,DP+0x49
    861a:	0004 
    861b:	f030 	and    #-1,a
    861c:	ffff 
    861d:	4a17 	pshm   ar7
    861e:	f6e2 	baccd  a
    861f:	f363 	and    #-1,16,b
    8620:	ffff 
    8621:	e81f 	ld     #31,a
    8622:	0846 	sub    DP+0x46,a
    8623:	8048 	stl    a,DP+0x48
    8624:	3248 	ld     DP+0x48,asm
    8625:	f782 	ld     b,asm
    8626:	f640 	ld     b,a
    8627:	61f8 	bitf   *(0x8d7),#2048
    8628:	08d7 
    8629:	0800 
    862a:	f063 	and    #-64,16,a
    862b:	ffc0 
    862c:	ff30 	xc     2,tc
    862d:	f060 	add    #6,16,a
    862e:	0006 
    862f:	ff20 	xc     2,ntc
    8630:	f060 	add    #4,16,a
    8631:	0004 
    8632:	8292 	sth    a,*ar2+
    8633:	7646 	st     #21,DP+0x46
    8634:	0015 
    8635:	1047 	ld     DP+0x47,a
    8636:	f273 	bd     0x8608
    8637:	8608 
    8638:	0048 	add    DP+0x48,a
    8639:	8047 	stl    a,DP+0x47
    863a:	1093 	ld     *ar3+,a
    863b:	fe00 	retd   
    863c:	7647 	st     #0,DP+0x47
    863d:	0000 
    863e:	1093 	ld     *ar3+,a
    863f:	fe00 	retd   
    8640:	7647 	st     #0,DP+0x47
    8641:	0000 
    8642:	1093 	ld     *ar3+,a
    8643:	fe00 	retd   
    8644:	7647 	st     #0,DP+0x47
    8645:	0000 
    8646:	1083 	ld     *ar3,a
    8647:	fe00 	retd   
    8648:	7647 	st     #7,DP+0x47
    8649:	0007 
    864a:	943e 	ld     *ar5,14,a
    864b:	fe00 	retd   
    864c:	7647 	st     #15,DP+0x47
    864d:	000f 
    864e:	1094 	ld     *ar4+,a
    864f:	fe00 	retd   
    8650:	7647 	st     #0,DP+0x47
    8651:	0000 
    8652:	1084 	ld     *ar4,a
    8653:	fe00 	retd   
    8654:	7647 	st     #6,DP+0x47
    8655:	0006 
    8656:	943f 	ld     *ar5,15,a
    8657:	fe00 	retd   
    8658:	7647 	st     #15,DP+0x47
    8659:	000f 
    865a:	9499 	ld     *ar3+,9,a
    865b:	fe00 	retd   
    865c:	7647 	st     #9,DP+0x47
    865d:	0009 
    865e:	1093 	ld     *ar3+,a
    865f:	fe00 	retd   
    8660:	7647 	st     #0,DP+0x47
    8661:	0000 
    8662:	1093 	ld     *ar3+,a
    8663:	fe00 	retd   
    8664:	7647 	st     #0,DP+0x47
    8665:	0000 
    8666:	1093 	ld     *ar3+,a
    8667:	fe00 	retd   
    8668:	7647 	st     #0,DP+0x47
    8669:	0000 
    866a:	1083 	ld     *ar3,a
    866b:	fe00 	retd   
    866c:	7647 	st     #14,DP+0x47
    866d:	000e 
    866e:	1086 	ld     *ar6,a
    866f:	fe00 	retd   
    8670:	7647 	st     #0,DP+0x47
    8671:	0000 
    8672:	1094 	ld     *ar4+,a
    8673:	fe00 	retd   
    8674:	7647 	st     #0,DP+0x47
    8675:	0000 
    8676:	1094 	ld     *ar4+,a
    8677:	fe00 	retd   
    8678:	7647 	st     #0,DP+0x47
    8679:	0000 
    867a:	1094 	ld     *ar4+,a
    867b:	fe00 	retd   
    867c:	7647 	st     #7,DP+0x47
    867d:	0007 
    867e:	1093 	ld     *ar3+,a
    867f:	fe00 	retd   
    8680:	7647 	st     #0,DP+0x47
    8681:	0000 
    8682:	1093 	ld     *ar3+,a
    8683:	fe00 	retd   
    8684:	7647 	st     #0,DP+0x47
    8685:	0000 
    8686:	1093 	ld     *ar3+,a
    8687:	fe00 	retd   
    8688:	7647 	st     #12,DP+0x47
    8689:	000c 
    868a:	1096 	ld     *ar6+,a
    868b:	fe00 	retd   
    868c:	7647 	st     #0,DP+0x47
    868d:	0000 
    868e:	1086 	ld     *ar6,a
    868f:	fe00 	retd   
    8690:	7647 	st     #0,DP+0x47
    8691:	0000 
    8692:	1086 	ld     *ar6,a
    8693:	fe00 	retd   
    8694:	7647 	st     #0,DP+0x47
    8695:	0000 
    8696:	1086 	ld     *ar6,a
    8697:	fe00 	retd   
    8698:	7647 	st     #0,DP+0x47
    8699:	0000 
    869a:	1086 	ld     *ar6,a
    869b:	fe00 	retd   
    869c:	7647 	st     #0,DP+0x47
    869d:	0000 
    869e:	f495 	nop    
    869f:	fe00 	retd   
    86a0:	f495 	nop    
    86a1:	f495 	nop    
    86a2:	f495 	nop    
    86a3:	fe00 	retd   
    86a4:	f495 	nop    
    86a5:	f495 	nop    
    86a6:	fc00 	ret    
    86a7:	f074 	call   0x8735
    86a8:	8735 
    86a9:	f4e4 	fret   
    86aa:	f074 	call   0x86ae
    86ab:	86ae 
    86ac:	f4e4 	fret   
    86ad:	0103 	add    DP+0x03,b
    86ae:	4a06 	pshm   st0
    86af:	f7b8 	ssbx   st1,sxm
    86b0:	4a07 	pshm   st1
    86b1:	f6be 	rsbx   st1,cpl
    86b2:	ea7b 	ld     #123,dp
    86b3:	61f8 	bitf   *(0x3fab),#1
    86b4:	3fab 
    86b5:	0001 
    86b6:	f930 	cc     0x8820,tc
    86b7:	8820 
    86b8:	61f8 	bitf   *(0x3fab),#2
    86b9:	3fab 
    86ba:	0002 
    86bb:	f930 	cc     0x8828,tc
    86bc:	8828 
    86bd:	61f8 	bitf   *(0x3fab),#4
    86be:	3fab 
    86bf:	0004 
    86c0:	f930 	cc     0x8832,tc
    86c1:	8832 
    86c2:	61f8 	bitf   *(0x3fab),#8
    86c3:	3fab 
    86c4:	0008 
    86c5:	f930 	cc     0x8849,tc
    86c6:	8849 
    86c7:	61f8 	bitf   *(0x3faa),#4
    86c8:	3faa 
    86c9:	0004 
    86ca:	f820 	bc     0x86ce,ntc
    86cb:	86ce 
    86cc:	f074 	call   0x8be2
    86cd:	8be2 
    86ce:	10f8 	ld     *(0x3faa),a
    86cf:	3faa 
    86d0:	f030 	and    #136,a
    86d1:	0088 
    86d2:	f845 	bc     0x86d8,aeq
    86d3:	86d8 
    86d4:	f074 	call   0x886b
    86d5:	886b 
    86d6:	f074 	call   0x895c
    86d7:	895c 
    86d8:	61f8 	bitf   *(0x3faa),#64
    86d9:	3faa 
    86da:	0040 
    86db:	f820 	bc     0x86e1,ntc
    86dc:	86e1 
    86dd:	f074 	call   0x886b
    86de:	886b 
    86df:	f074 	call   0x8b10
    86e0:	8b10 
    86e1:	61f8 	bitf   *(0x3faa),#4096
    86e2:	3faa 
    86e3:	1000 
    86e4:	f820 	bc     0x86ea,ntc
    86e5:	86ea 
    86e6:	f074 	call   0x89eb
    86e7:	89eb 
    86e8:	f074 	call   0x8878
    86e9:	8878 
    86ea:	61f8 	bitf   *(0x3faa),#16
    86eb:	3faa 
    86ec:	0010 
    86ed:	f820 	bc     0x86f3,ntc
    86ee:	86f3 
    86ef:	f074 	call   0x8a5c
    86f0:	8a5c 
    86f1:	f074 	call   0x8878
    86f2:	8878 
    86f3:	61f8 	bitf   *(0x3faa),#32
    86f4:	3faa 
    86f5:	0020 
    86f6:	f820 	bc     0x86fc,ntc
    86f7:	86fc 
    86f8:	f074 	call   0x8ad9
    86f9:	8ad9 
    86fa:	f074 	call   0x8878
    86fb:	8878 
    86fc:	61f8 	bitf   *(0x3faa),#256
    86fd:	3faa 
    86fe:	0100 
    86ff:	f820 	bc     0x8703,ntc
    8700:	8703 
    8701:	f074 	call   0x8c30
    8702:	8c30 
    8703:	61f8 	bitf   *(0x3faa),#512
    8704:	3faa 
    8705:	0200 
    8706:	f820 	bc     0x870c,ntc
    8707:	870c 
    8708:	f074 	call   0x8898
    8709:	8898 
    870a:	f074 	call   0x8cc1
    870b:	8cc1 
    870c:	61f8 	bitf   *(0x3faa),#1024
    870d:	3faa 
    870e:	0400 
    870f:	f820 	bc     0x8715,ntc
    8710:	8715 
    8711:	f074 	call   0x8a5c
    8712:	8a5c 
    8713:	f074 	call   0x8885
    8714:	8885 
    8715:	61f8 	bitf   *(0x3faa),#2048
    8716:	3faa 
    8717:	0800 
    8718:	f820 	bc     0x871e,ntc
    8719:	871e 
    871a:	f074 	call   0x8b4a
    871b:	8b4a 
    871c:	f074 	call   0x8885
    871d:	8885 
    871e:	61f8 	bitf   *(0x3faa),#8192
    871f:	3faa 
    8720:	2000 
    8721:	f930 	cc     0x8b9b,tc
    8722:	8b9b 
    8723:	61f8 	bitf   *(0x3faa),#1
    8724:	3faa 
    8725:	0001 
    8726:	f930 	cc     0x8900,tc
    8727:	8900 
    8728:	61f8 	bitf   *(0x3faa),#-32768
    8729:	3faa 
    872a:	8000 
    872b:	f930 	cc     0x8fb8,tc
    872c:	8fb8 
    872d:	61f8 	bitf   *(0x3faa),#16384
    872e:	3faa 
    872f:	4000 
    8730:	f930 	cc     0x8c7e,tc
    8731:	8c7e 
    8732:	8a07 	popm   st1
    8733:	8a06 	popm   st0
    8734:	fc00 	ret    
    8735:	4a06 	pshm   st0
    8736:	f7b8 	ssbx   st1,sxm
    8737:	4a07 	pshm   st1
    8738:	f6be 	rsbx   st1,cpl
    8739:	ea7b 	ld     #123,dp
    873a:	61f8 	bitf   *(0x3fae),#1
    873b:	3fae 
    873c:	0001 
    873d:	f930 	cc     0x90b0,tc
    873e:	90b0 
    873f:	61f8 	bitf   *(0x3fae),#2
    8740:	3fae 
    8741:	0002 
    8742:	f930 	cc     0x90b8,tc
    8743:	90b8 
    8744:	61f8 	bitf   *(0x3fae),#4
    8745:	3fae 
    8746:	0004 
    8747:	f930 	cc     0x90c8,tc
    8748:	90c8 
    8749:	61f8 	bitf   *(0x3fae),#8
    874a:	3fae 
    874b:	0008 
    874c:	f930 	cc     0x90ed,tc
    874d:	90ed 
    874e:	61f8 	bitf   *(0x3fad),#1
    874f:	3fad 
    8750:	0001 
    8751:	f930 	cc     0x914d,tc
    8752:	914d 
    8753:	61f8 	bitf   *(0x3fad),#-32768
    8754:	3fad 
    8755:	8000 
    8756:	f930 	cc     0xa0a0,tc
    8757:	a0a0 
    8758:	6810 	andm   #3327,DP+0x10
    8759:	0cff 
    875a:	61f8 	bitf   *(0x3fad),#4
    875b:	3fad 
    875c:	0004 
    875d:	f820 	bc     0x8780,ntc
    875e:	8780 
    875f:	f074 	call   0x91d0
    8760:	91d0 
    8761:	6110 	bitf   DP+0x10,#256
    8762:	0100 
    8763:	f820 	bc     0x8780,ntc
    8764:	8780 
    8765:	76f8 	st     #0,*(0x2bf8)
    8766:	2bf8 
    8767:	0000 
    8768:	10f8 	ld     *(0x3faf),a
    8769:	3faf 
    876a:	f844 	bc     0x8770,aneq
    876b:	8770 
    876c:	f074 	call   0x9112
    876d:	9112 
    876e:	f073 	b      0x8772
    876f:	8772 
    8770:	f074 	call   0x911c
    8771:	911c 
    8772:	f074 	call   0x972f
    8773:	972f 
    8774:	7712 	stm    #2529,ar2
    8775:	09e1 
    8776:	7713 	stm    #2544,ar3
    8777:	09f0 
    8778:	1092 	ld     *ar2+,a
    8779:	f040 	or     #4,a
    877a:	0004 
    877b:	8093 	stl    a,*ar3+
    877c:	e589 	mvdd   *ar2+,*ar3+
    877d:	e589 	mvdd   *ar2+,*ar3+
    877e:	f073 	b      0x878b
    877f:	878b 
    8780:	10f8 	ld     *(0x3fad),a
    8781:	3fad 
    8782:	f030 	and    #136,a
    8783:	0088 
    8784:	f944 	cc     0x924a,aneq
    8785:	924a 
    8786:	61f8 	bitf   *(0x3fad),#64
    8787:	3fad 
    8788:	0040 
    8789:	f930 	cc     0x9582,tc
    878a:	9582 
    878b:	61f8 	bitf   *(0x3fad),#256
    878c:	3fad 
    878d:	0100 
    878e:	f820 	bc     0x87b9,ntc
    878f:	87b9 
    8790:	f074 	call   0x91e9
    8791:	91e9 
    8792:	6110 	bitf   DP+0x10,#256
    8793:	0100 
    8794:	f820 	bc     0x87b9,ntc
    8795:	87b9 
    8796:	76f8 	st     #0,*(0x2bf8)
    8797:	2bf8 
    8798:	0000 
    8799:	10f8 	ld     *(0x3faf),a
    879a:	3faf 
    879b:	f010 	sub    #1,a
    879c:	0001 
    879d:	f845 	bc     0x87a3,aeq
    879e:	87a3 
    879f:	f074 	call   0x9136
    87a0:	9136 
    87a1:	f073 	b      0x87a5
    87a2:	87a5 
    87a3:	f074 	call   0x9126
    87a4:	9126 
    87a5:	f074 	call   0x97b8
    87a6:	97b8 
    87a7:	7713 	stm    #2544,ar3
    87a8:	09f0 
    87a9:	61f8 	bitf   *(0x3fae),#256
    87aa:	3fae 
    87ab:	0100 
    87ac:	7712 	stm    #2529,ar2
    87ad:	09e1 
    87ae:	ff30 	xc     2,tc
    87af:	7713 	stm    #2392,ar3
    87b0:	0958 
    87b1:	1092 	ld     *ar2+,a
    87b2:	f040 	or     #7,a
    87b3:	0007 
    87b4:	8093 	stl    a,*ar3+
    87b5:	e589 	mvdd   *ar2+,*ar3+
    87b6:	e589 	mvdd   *ar2+,*ar3+
    87b7:	f073 	b      0x87d9
    87b8:	87d9 
    87b9:	61f8 	bitf   *(0x3fad),#512
    87ba:	3fad 
    87bb:	0200 
    87bc:	f820 	bc     0x87d9,ntc
    87bd:	87d9 
    87be:	f074 	call   0x98bf
    87bf:	98bf 
    87c0:	61f8 	bitf   *(0x3fad),#256
    87c1:	3fad 
    87c2:	0100 
    87c3:	f920 	cc     0x920a,ntc
    87c4:	920a 
    87c5:	6110 	bitf   DP+0x10,#512
    87c6:	0200 
    87c7:	f820 	bc     0x87d9,ntc
    87c8:	87d9 
    87c9:	61f8 	bitf   *(0x3fae),#256
    87ca:	3fae 
    87cb:	0100 
    87cc:	7713 	stm    #2544,ar3
    87cd:	09f0 
    87ce:	ff30 	xc     2,tc
    87cf:	7713 	stm    #2392,ar3
    87d0:	0958 
    87d1:	1083 	ld     *ar3,a
    87d2:	f040 	or     #-16377,a
    87d3:	c007 
    87d4:	8093 	stl    a,*ar3+
    87d5:	7693 	st     #0,*ar3+
    87d6:	0000 
    87d7:	7693 	st     #0,*ar3+
    87d8:	0000 
    87d9:	61f8 	bitf   *(0x3fad),#4096
    87da:	3fad 
    87db:	1000 
    87dc:	f930 	cc     0x93a2,tc
    87dd:	93a2 
    87de:	61f8 	bitf   *(0x3fad),#16
    87df:	3fad 
    87e0:	0010 
    87e1:	f930 	cc     0x9453,tc
    87e2:	9453 
    87e3:	61f8 	bitf   *(0x3fad),#32
    87e4:	3fad 
    87e5:	0020 
    87e6:	f930 	cc     0x94f5,tc
    87e7:	94f5 
    87e8:	61f8 	bitf   *(0x3fad),#1024
    87e9:	3fad 
    87ea:	0400 
    87eb:	f930 	cc     0x9453,tc
    87ec:	9453 
    87ed:	61f8 	bitf   *(0x3fad),#2048
    87ee:	3fad 
    87ef:	0800 
    87f0:	f930 	cc     0x95dc,tc
    87f1:	95dc 
    87f2:	61f8 	bitf   *(0x3fad),#16384
    87f3:	3fad 
    87f4:	4000 
    87f5:	f930 	cc     0x9841,tc
    87f6:	9841 
    87f7:	61f8 	bitf   *(0x3fad),#8192
    87f8:	3fad 
    87f9:	2000 
    87fa:	f930 	cc     0x96ab,tc
    87fb:	96ab 
    87fc:	8a07 	popm   st1
    87fd:	8a06 	popm   st0
    87fe:	fc00 	ret    
    87ff:	f074 	call   0xa2c1
    8800:	a2c1 
    8801:	f4e4 	fret   
    8802:	f074 	call   0x9013
    8803:	9013 
    8804:	f4e4 	fret   
    8805:	f074 	call   0x8eb0
    8806:	8eb0 
    8807:	f4e4 	fret   
    8808:	f074 	call   0x8da3
    8809:	8da3 
    880a:	f4e4 	fret   
    880b:	f074 	call   0x9841
    880c:	9841 
    880d:	f4e4 	fret   
    880e:	f074 	call   0x99ef
    880f:	99ef 
    8810:	f4e4 	fret   
    8811:	f074 	call   0x9a78
    8812:	9a78 
    8813:	f4e4 	fret   
    8814:	f074 	call   0x9aaf
    8815:	9aaf 
    8816:	f4e4 	fret   
    8817:	f074 	call   0xa0c9
    8818:	a0c9 
    8819:	f4e4 	fret   
    881a:	f074 	call   0xa140
    881b:	a140 
    881c:	f4e4 	fret   
    881d:	f074 	call   0xa0ce
    881e:	a0ce 
    881f:	f4e4 	fret   
    8820:	761b 	st     #17024,DP+0x1b
    8821:	4280 
    8822:	7711 	stm    #17024,ar1
    8823:	4280 
    8824:	f273 	bd     0x8866
    8825:	8866 
    8826:	771a 	stm    #31,brc
    8827:	001f 
    8828:	7611 	st     #19456,DP+0x11
    8829:	4c00 
    882a:	7612 	st     #0,DP+0x12
    882b:	0000 
    882c:	7711 	stm    #19456,ar1
    882d:	4c00 
    882e:	f273 	bd     0x8866
    882f:	8866 
    8830:	771a 	stm    #63,brc
    8831:	003f 
    8832:	771a 	stm    #47,brc
    8833:	002f 
    8834:	61f8 	bitf   *(0x3fab),#256
    8835:	3fab 
    8836:	0100 
    8837:	f830 	bc     0x8841,tc
    8838:	8841 
    8839:	7617 	st     #19456,DP+0x17
    883a:	4c00 
    883b:	7618 	st     #0,DP+0x18
    883c:	0000 
    883d:	f273 	bd     0x8866
    883e:	8866 
    883f:	7711 	stm    #19456,ar1
    8840:	4c00 
    8841:	7619 	st     #19456,DP+0x19
    8842:	4c00 
    8843:	761a 	st     #0,DP+0x1a
    8844:	0000 
    8845:	f273 	bd     0x8866
    8846:	8866 
    8847:	7711 	stm    #19456,ar1
    8848:	4c00 
    8849:	771a 	stm    #175,brc
    884a:	00af 
    884b:	61f8 	bitf   *(0x3fab),#256
    884c:	3fab 
    884d:	0100 
    884e:	f830 	bc     0x8858,tc
    884f:	8858 
    8850:	7613 	st     #20224,DP+0x13
    8851:	4f00 
    8852:	7614 	st     #0,DP+0x14
    8853:	0000 
    8854:	f273 	bd     0x8866
    8855:	8866 
    8856:	7711 	stm    #20224,ar1
    8857:	4f00 
    8858:	7615 	st     #20224,DP+0x15
    8859:	4f00 
    885a:	7616 	st     #0,DP+0x16
    885b:	0000 
    885c:	f273 	bd     0x8866
    885d:	8866 
    885e:	7711 	stm    #20224,ar1
    885f:	4f00 
    8860:	7711 	stm    #11136,ar1
    8861:	2b80 
    8862:	f273 	bd     0x8866
    8863:	8866 
    8864:	771a 	stm    #63,brc
    8865:	003f 
    8866:	e800 	ld     #0,a
    8867:	f072 	rptb   0x8869
    8868:	8869 
    8869:	8091 	stl    a,*ar1+
    886a:	fc00 	ret    
    886b:	61f8 	bitf   *(0x3faa),#4
    886c:	3faa 
    886d:	0004 
    886e:	fc20 	rc     ntc
    886f:	7712 	stm    #11136,ar2
    8870:	2b80 
    8871:	7213 	mvdm   0x3d91,ar3
    8872:	3d91 
    8873:	f274 	calld  0x88d9
    8874:	88d9 
    8875:	7719 	stm    #64,bk
    8876:	0040 
    8877:	fc00 	ret    
    8878:	61f8 	bitf   *(0x3faa),#4
    8879:	3faa 
    887a:	0004 
    887b:	fc20 	rc     ntc
    887c:	7712 	stm    #11136,ar2
    887d:	2b80 
    887e:	7213 	mvdm   0x3d93,ar3
    887f:	3d93 
    8880:	f274 	calld  0x88d9
    8881:	88d9 
    8882:	7719 	stm    #176,bk
    8883:	00b0 
    8884:	fc00 	ret    
    8885:	61f8 	bitf   *(0x3faa),#256
    8886:	3faa 
    8887:	0100 
    8888:	fc20 	rc     ntc
    8889:	7712 	stm    #11136,ar2
    888a:	2b80 
    888b:	7213 	mvdm   0x3d93,ar3
    888c:	3d93 
    888d:	61f8 	bitf   *(0x3fab),#256
    888e:	3fab 
    888f:	0100 
    8890:	7719 	stm    #176,bk
    8891:	00b0 
    8892:	ff30 	xc     2,tc
    8893:	7213 	mvdm   0x3d95,ar3
    8894:	3d95 
    8895:	f074 	call   0x88ab
    8896:	88ab 
    8897:	fc00 	ret    
    8898:	61f8 	bitf   *(0x3faa),#256
    8899:	3faa 
    889a:	0100 
    889b:	fc20 	rc     ntc
    889c:	7712 	stm    #11136,ar2
    889d:	2b80 
    889e:	7213 	mvdm   0x3d97,ar3
    889f:	3d97 
    88a0:	61f8 	bitf   *(0x3fab),#256
    88a1:	3fab 
    88a2:	0100 
    88a3:	7719 	stm    #48,bk
    88a4:	0030 
    88a5:	ff30 	xc     2,tc
    88a6:	7213 	mvdm   0x3d99,ar3
    88a7:	3d99 
    88a8:	f074 	call   0x88ab
    88a9:	88ab 
    88aa:	fc00 	ret    
    88ab:	7710 	stm    #1,ar0
    88ac:	0001 
    88ad:	7711 	stm    #1,ar1
    88ae:	0001 
    88af:	f120 	ld     #21845,b
    88b0:	5555 
    88b1:	771a 	stm    #6,brc
    88b2:	0006 
    88b3:	f072 	rptb   0x88b8
    88b4:	88b8 
    88b5:	1083 	ld     *ar3,a
    88b6:	f280 	and    b,a
    88b7:	1a92 	or     *ar2+,a
    88b8:	80d3 	stl    a,*ar3+%
    88b9:	1083 	ld     *ar3,a
    88ba:	f030 	and    #16386,a
    88bb:	4002 
    88bc:	6e89 	banzd  0x88b1,*ar1-
    88bd:	88b1 
    88be:	1a92 	or     *ar2+,a
    88bf:	80d3 	stl    a,*ar3+%
    88c0:	771a 	stm    #15,brc
    88c1:	000f 
    88c2:	f072 	rptb   0x88c4
    88c3:	88c4 
    88c4:	e58d 	mvdd   *ar2+,*ar3+0%
    88c5:	7711 	stm    #1,ar1
    88c6:	0001 
    88c7:	f120 	ld     #-21846,b
    88c8:	aaaa 
    88c9:	771a 	stm    #6,brc
    88ca:	0006 
    88cb:	f072 	rptb   0x88d0
    88cc:	88d0 
    88cd:	1083 	ld     *ar3,a
    88ce:	f280 	and    b,a
    88cf:	1a92 	or     *ar2+,a
    88d0:	80d3 	stl    a,*ar3+%
    88d1:	1083 	ld     *ar3,a
    88d2:	f030 	and    #-32768,a
    88d3:	8000 
    88d4:	6e89 	banzd  0x88c9,*ar1-
    88d5:	88c9 
    88d6:	1a92 	or     *ar2+,a
    88d7:	80d3 	stl    a,*ar3+%
    88d8:	fc00 	ret    
    88d9:	7711 	stm    #3,ar1
    88da:	0003 
    88db:	f120 	ld     #21845,b
    88dc:	5555 
    88dd:	771a 	stm    #6,brc
    88de:	0006 
    88df:	f072 	rptb   0x88e4
    88e0:	88e4 
    88e1:	1083 	ld     *ar3,a
    88e2:	f280 	and    b,a
    88e3:	1a92 	or     *ar2+,a
    88e4:	80d3 	stl    a,*ar3+%
    88e5:	1083 	ld     *ar3,a
    88e6:	f030 	and    #16386,a
    88e7:	4002 
    88e8:	6e89 	banzd  0x88dd,*ar1-
    88e9:	88dd 
    88ea:	1a92 	or     *ar2+,a
    88eb:	80d3 	stl    a,*ar3+%
    88ec:	7711 	stm    #3,ar1
    88ed:	0003 
    88ee:	f120 	ld     #-21846,b
    88ef:	aaaa 
    88f0:	771a 	stm    #6,brc
    88f1:	0006 
    88f2:	f072 	rptb   0x88f7
    88f3:	88f7 
    88f4:	1083 	ld     *ar3,a
    88f5:	f280 	and    b,a
    88f6:	1a92 	or     *ar2+,a
    88f7:	80d3 	stl    a,*ar3+%
    88f8:	1083 	ld     *ar3,a
    88f9:	f030 	and    #-32768,a
    88fa:	8000 
    88fb:	6e89 	banzd  0x88f0,*ar1-
    88fc:	88f0 
    88fd:	1a92 	or     *ar2+,a
    88fe:	80d3 	stl    a,*ar3+%
    88ff:	fc00 	ret    
    8900:	7713 	stm    #16266,ar3
    8901:	3f8a 
    8902:	10f8 	ld     *(0x3fac),a
    8903:	3fac 
    8904:	f845 	bc     0x891c,aeq
    8905:	891c 
    8906:	f010 	sub    #1,a
    8907:	0001 
    8908:	f845 	bc     0x892a,aeq
    8909:	892a 
    890a:	f010 	sub    #1,a
    890b:	0001 
    890c:	f845 	bc     0x8943,aeq
    890d:	8943 
    890e:	7719 	stm    #32,bk
    890f:	0020 
    8910:	7212 	mvdm   0x3d9b,ar2
    8911:	3d9b 
    8912:	7710 	stm    #1,ar0
    8913:	0001 
    8914:	f171 	rptz   b,#6
    8915:	0006 
    8916:	e5c9 	mvdd   *ar2+0%,*ar3+
    8917:	e509 	mvdd   *ar2,*ar3+
    8918:	81d2 	stl    b,*ar2+%
    8919:	701b 	mvkd   0x12,DP+0x1b
    891a:	0012 
    891b:	fc00 	ret    
    891c:	7719 	stm    #64,bk
    891d:	0040 
    891e:	7212 	mvdm   0x3d91,ar2
    891f:	3d91 
    8920:	7710 	stm    #1,ar0
    8921:	0001 
    8922:	f171 	rptz   b,#6
    8923:	0006 
    8924:	e5c9 	mvdd   *ar2+0%,*ar3+
    8925:	e509 	mvdd   *ar2,*ar3+
    8926:	81d2 	stl    b,*ar2+%
    8927:	7011 	mvkd   0x12,DP+0x11
    8928:	0012 
    8929:	fc00 	ret    
    892a:	7212 	mvdm   0x3d93,ar2
    892b:	3d93 
    892c:	61f8 	bitf   *(0x3fab),#256
    892d:	3fab 
    892e:	0100 
    892f:	7719 	stm    #176,bk
    8930:	00b0 
    8931:	ff30 	xc     2,tc
    8932:	7212 	mvdm   0x3d95,ar2
    8933:	3d95 
    8934:	7710 	stm    #1,ar0
    8935:	0001 
    8936:	f171 	rptz   b,#6
    8937:	0006 
    8938:	e5c9 	mvdd   *ar2+0%,*ar3+
    8939:	e509 	mvdd   *ar2,*ar3+
    893a:	81d2 	stl    b,*ar2+%
    893b:	f830 	bc     0x8940,tc
    893c:	8940 
    893d:	7013 	mvkd   0x12,DP+0x13
    893e:	0012 
    893f:	fc00 	ret    
    8940:	7015 	mvkd   0x12,DP+0x15
    8941:	0012 
    8942:	fc00 	ret    
    8943:	7212 	mvdm   0x3d97,ar2
    8944:	3d97 
    8945:	61f8 	bitf   *(0x3fab),#256
    8946:	3fab 
    8947:	0100 
    8948:	7719 	stm    #48,bk
    8949:	0030 
    894a:	ff30 	xc     2,tc
    894b:	7212 	mvdm   0x3d99,ar2
    894c:	3d99 
    894d:	7710 	stm    #1,ar0
    894e:	0001 
    894f:	f171 	rptz   b,#6
    8950:	0006 
    8951:	e5c9 	mvdd   *ar2+0%,*ar3+
    8952:	e509 	mvdd   *ar2,*ar3+
    8953:	81d2 	stl    b,*ar2+%
    8954:	f830 	bc     0x8959,tc
    8955:	8959 
    8956:	7017 	mvkd   0x12,DP+0x17
    8957:	0012 
    8958:	fc00 	ret    
    8959:	7019 	mvkd   0x12,DP+0x19
    895a:	0012 
    895b:	fc00 	ret    
    895c:	4a06 	pshm   st0
    895d:	4a07 	pshm   st1
    895e:	ea00 	ld     #0,dp
    895f:	ed00 	ld     #0,asm
    8960:	f6b9 	rsbx   st1,ovm
    8961:	f6b8 	rsbx   st1,sxm
    8962:	f6b7 	rsbx   st1,c16
    8963:	f6b6 	rsbx   st1,frct
    8964:	7212 	mvdm   0x3d91,ar2
    8965:	3d91 
    8966:	7719 	stm    #64,bk
    8967:	0040 
    8968:	f495 	nop    
    8969:	6df2 	mar    *+ar2(0x7)%
    896a:	0007 
    896b:	6182 	bitf   *ar2,#1
    896c:	0001 
    896d:	f830 	bc     0x89e8,tc
    896e:	89e8 
    896f:	7712 	stm    #2599,ar2
    8970:	0a27 
    8971:	7714 	stm    #11258,ar4
    8972:	2bfa 
    8973:	ec10 	rpt    #16
    8974:	e58a 	mvdd   *ar2+,*ar4+
    8975:	61f8 	bitf   *(0x3faa),#128
    8976:	3faa 
    8977:	0080 
    8978:	fa20 	bcd    0x8985,ntc
    8979:	8985 
    897a:	7712 	stm    #11258,ar2
    897b:	2bfa 
    897c:	f274 	calld  0xa275
    897d:	a275 
    897e:	7713 	stm    #11200,ar3
    897f:	2bc0 
    8980:	7712 	stm    #11262,ar2
    8981:	2bfe 
    8982:	1182 	ld     *ar2,b
    8983:	f500 	add    a,b
    8984:	8182 	stl    b,*ar2
    8985:	f5bc 	ssbx   st0,tc
    8986:	7712 	stm    #11258,ar2
    8987:	2bfa 
    8988:	f274 	calld  0xa23f
    8989:	a23f 
    898a:	f162 	ld     #24576,16,b
    898b:	6000 
    898c:	7712 	stm    #11258,ar2
    898d:	2bfa 
    898e:	7714 	stm    #11136,ar4
    898f:	2b80 
    8990:	f0f3 	sftl   a,-13
    8991:	8813 	stlm   a,ar3
    8992:	7711 	stm    #5,ar1
    8993:	0005 
    8994:	771a 	stm    #15,brc
    8995:	000f 
    8996:	4492 	ld     *ar2+,16,a
    8997:	0092 	add    *ar2+,a
    8998:	f0e1 	sftl   a,1
    8999:	f072 	rptb   0x899c
    899a:	899c 
    899b:	f591 	rol    b
    899c:	f0e2 	sftl   a,2
    899d:	6e89 	banzd  0x8994,*ar1-
    899e:	8994 
    899f:	8194 	stl    b,*ar4+
    89a0:	f495 	nop    
    89a1:	f3fb 	sftl   b,-5
    89a2:	6d8c 	mar    *ar4-
    89a3:	f3e3 	sftl   b,3
    89a4:	4813 	ldm    ar3,a
    89a5:	f500 	add    a,b
    89a6:	6d8a 	mar    *ar2-
    89a7:	108a 	ld     *ar2-,a
    89a8:	f0f5 	sftl   a,-11
    89a9:	f591 	rol    b
    89aa:	f0fe 	sftl   a,-2
    89ab:	f591 	rol    b
    89ac:	8194 	stl    b,*ar4+
    89ad:	7711 	stm    #5,ar1
    89ae:	0005 
    89af:	f0fe 	sftl   a,-2
    89b0:	f591 	rol    b
    89b1:	771a 	stm    #14,brc
    89b2:	000e 
    89b3:	108a 	ld     *ar2-,a
    89b4:	3c8a 	add    *ar2-,16,a
    89b5:	f0ff 	sftl   a,-1
    89b6:	f072 	rptb   0x89b9
    89b7:	89b9 
    89b8:	f591 	rol    b
    89b9:	f0fe 	sftl   a,-2
    89ba:	6e89 	banzd  0x89b0,*ar1-
    89bb:	89b0 
    89bc:	8194 	stl    b,*ar4+
    89bd:	f495 	nop    
    89be:	6d8c 	mar    *ar4-
    89bf:	6884 	andm   #-128,*ar4
    89c0:	ff80 
    89c1:	7712 	stm    #11136,ar2
    89c2:	2b80 
    89c3:	7715 	stm    #11258,ar5
    89c4:	2bfa 
    89c5:	7714 	stm    #11200,ar4
    89c6:	2bc0 
    89c7:	f274 	calld  0x8eb0
    89c8:	8eb0 
    89c9:	7711 	stm    #11,ar1
    89ca:	000b 
    89cb:	7713 	stm    #2599,ar3
    89cc:	0a27 
    89cd:	7712 	stm    #11258,ar2
    89ce:	2bfa 
    89cf:	6deb 	mar    *+ar3(0xb)
    89d0:	000b 
    89d1:	10ea 	ld     *+ar2(0x17),a
    89d2:	0017 
    89d3:	1193 	ld     *ar3+,b
    89d4:	f330 	and    #63,b
    89d5:	003f 
    89d6:	f600 	add    b,a
    89d7:	8092 	stl    a,*ar2+
    89d8:	ec04 	rpt    #4
    89d9:	e598 	mvdd   *ar3+,*ar2+
    89da:	7716 	stm    #1,ar6
    89db:	0001 
    89dc:	7712 	stm    #0,ar2
    89dd:	0000 
    89de:	7215 	mvdm   0x3d91,ar5
    89df:	3d91 
    89e0:	7719 	stm    #64,bk
    89e1:	0040 
    89e2:	f274 	calld  0x8da3
    89e3:	8da3 
    89e4:	7714 	stm    #11258,ar4
    89e5:	2bfa 
    89e6:	f074 	call   0x9046
    89e7:	9046 
    89e8:	8a07 	popm   st1
    89e9:	8a06 	popm   st0
    89ea:	fc00 	ret    
    89eb:	4a06 	pshm   st0
    89ec:	4a07 	pshm   st1
    89ed:	ea00 	ld     #0,dp
    89ee:	ed00 	ld     #0,asm
    89ef:	f6b9 	rsbx   st1,ovm
    89f0:	f6b8 	rsbx   st1,sxm
    89f1:	f6b7 	rsbx   st1,c16
    89f2:	f6b6 	rsbx   st1,frct
    89f3:	7712 	stm    #2599,ar2
    89f4:	0a27 
    89f5:	7715 	stm    #11258,ar5
    89f6:	2bfa 
    89f7:	ec12 	rpt    #18
    89f8:	e58b 	mvdd   *ar2+,*ar5+
    89f9:	7712 	stm    #11258,ar2
    89fa:	2bfa 
    89fb:	7711 	stm    #18,ar1
    89fc:	0012 
    89fd:	f274 	calld  0xa2c1
    89fe:	a2c1 
    89ff:	771a 	stm    #15,brc
    8a00:	000f 
    8a01:	7715 	stm    #11258,ar5
    8a02:	2bfa 
    8a03:	7714 	stm    #11200,ar4
    8a04:	2bc0 
    8a05:	f274 	calld  0x8eb0
    8a06:	8eb0 
    8a07:	7711 	stm    #18,ar1
    8a08:	0012 
    8a09:	7712 	stm    #11258,ar2
    8a0a:	2bfa 
    8a0b:	e723 	mvmm   ar2,ar3
    8a0c:	7714 	stm    #1,ar4
    8a0d:	0001 
    8a0e:	7719 	stm    #5,bk
    8a0f:	0005 
    8a10:	7716 	stm    #31,ar6
    8a11:	001f 
    8a12:	e765 	mvmm   ar6,ar5
    8a13:	7717 	stm    #1,ar7
    8a14:	0001 
    8a15:	770e 	stm    #14,t
    8a16:	000e 
    8a17:	7711 	stm    #17,ar1
    8a18:	0011 
    8a19:	3417 	bitt   DP+0x17
    8a1a:	771a 	stm    #31,brc
    8a1b:	001f 
    8a1c:	4492 	ld     *ar2+,16,a
    8a1d:	f272 	rptbd  0x8a32
    8a1e:	8a32 
    8a1f:	0292 	adds   *ar2+,a
    8a20:	f0e1 	sftl   a,1
    8a21:	6cc4 	banz   0x8a2c,*ar4-%
    8a22:	8a2c 
    8a23:	7719 	stm    #5,bk
    8a24:	0005 
    8a25:	ff30 	xc     2,tc
    8a26:	7719 	stm    #4,bk
    8a27:	0004 
    8a28:	f273 	bd     0x8a32
    8a29:	8a32 
    8a2a:	6d97 	mar    *ar7+
    8a2b:	3417 	bitt   DP+0x17
    8a2c:	f591 	rol    b
    8a2d:	6c8d 	banz   0x8a32,*ar5-
    8a2e:	8a32 
    8a2f:	e765 	mvmm   ar6,ar5
    8a30:	8393 	sth    b,*ar3+
    8a31:	8193 	stl    b,*ar3+
    8a32:	f0e1 	sftl   a,1
    8a33:	6c89 	banz   0x8a1a,*ar1-
    8a34:	8a1a 
    8a35:	4482 	ld     *ar2,16,a
    8a36:	f0e1 	sftl   a,1
    8a37:	f591 	rol    b
    8a38:	f0e2 	sftl   a,2
    8a39:	f591 	rol    b
    8a3a:	f0e1 	sftl   a,1
    8a3b:	f591 	rol    b
    8a3c:	f0e1 	sftl   a,1
    8a3d:	f591 	rol    b
    8a3e:	f0e1 	sftl   a,1
    8a3f:	f591 	rol    b
    8a40:	f0e2 	sftl   a,2
    8a41:	f591 	rol    b
    8a42:	f0e2 	sftl   a,2
    8a43:	f591 	rol    b
    8a44:	f0e1 	sftl   a,1
    8a45:	f591 	rol    b
    8a46:	9918 	stl    b,8,*ar3
    8a47:	7215 	mvdm   0x3d93,ar5
    8a48:	3d93 
    8a49:	771a 	stm    #31,brc
    8a4a:	001f 
    8a4b:	f274 	calld  0x8f7f
    8a4c:	8f7f 
    8a4d:	7711 	stm    #3,ar1
    8a4e:	0003 
    8a4f:	f274 	calld  0x8f20
    8a50:	8f20 
    8a51:	7714 	stm    #11258,ar4
    8a52:	2bfa 
    8a53:	f274 	calld  0x8f9d
    8a54:	8f9d 
    8a55:	7711 	stm    #3,ar1
    8a56:	0003 
    8a57:	f074 	call   0x9076
    8a58:	9076 
    8a59:	8a07 	popm   st1
    8a5a:	8a06 	popm   st0
    8a5b:	fc00 	ret    
    8a5c:	4a06 	pshm   st0
    8a5d:	4a07 	pshm   st1
    8a5e:	ea00 	ld     #0,dp
    8a5f:	ed00 	ld     #0,asm
    8a60:	f6b9 	rsbx   st1,ovm
    8a61:	f6b8 	rsbx   st1,sxm
    8a62:	f6b7 	rsbx   st1,c16
    8a63:	f6b6 	rsbx   st1,frct
    8a64:	61f8 	bitf   *(0x3faa),#1024
    8a65:	3faa 
    8a66:	0400 
    8a67:	fa20 	bcd    0x8a72,ntc
    8a68:	8a72 
    8a69:	7712 	stm    #2599,ar2
    8a6a:	0a27 
    8a6b:	61f8 	bitf   *(0x3fab),#256
    8a6c:	3fab 
    8a6d:	0100 
    8a6e:	f820 	bc     0x8a72,ntc
    8a6f:	8a72 
    8a70:	7712 	stm    #2417,ar2
    8a71:	0971 
    8a72:	7715 	stm    #11258,ar5
    8a73:	2bfa 
    8a74:	ec0e 	rpt    #14
    8a75:	e58b 	mvdd   *ar2+,*ar5+
    8a76:	7712 	stm    #11258,ar2
    8a77:	2bfa 
    8a78:	7711 	stm    #14,ar1
    8a79:	000e 
    8a7a:	68e2 	andm   #0,*ar2(0xf)
    8a7b:	000f 
    8a7c:	0000 
    8a7d:	f274 	calld  0xa2c1
    8a7e:	a2c1 
    8a7f:	771a 	stm    #15,brc
    8a80:	000f 
    8a81:	7715 	stm    #11258,ar5
    8a82:	2bfa 
    8a83:	7714 	stm    #11200,ar4
    8a84:	2bc0 
    8a85:	f274 	calld  0x8eb0
    8a86:	8eb0 
    8a87:	7711 	stm    #15,ar1
    8a88:	000f 
    8a89:	7712 	stm    #11258,ar2
    8a8a:	2bfa 
    8a8b:	e723 	mvmm   ar2,ar3
    8a8c:	7714 	stm    #11,ar4
    8a8d:	000b 
    8a8e:	7719 	stm    #15,bk
    8a8f:	000f 
    8a90:	7716 	stm    #31,ar6
    8a91:	001f 
    8a92:	e765 	mvmm   ar6,ar5
    8a93:	7711 	stm    #15,ar1
    8a94:	000f 
    8a95:	771a 	stm    #31,brc
    8a96:	001f 
    8a97:	4492 	ld     *ar2+,16,a
    8a98:	f272 	rptbd  0x8aa6
    8a99:	8aa6 
    8a9a:	0292 	adds   *ar2+,a
    8a9b:	f0e1 	sftl   a,1
    8a9c:	6cc4 	banz   0x8aa0,*ar4-%
    8a9d:	8aa0 
    8a9e:	f073 	b      0x8aa6
    8a9f:	8aa6 
    8aa0:	f591 	rol    b
    8aa1:	6c8d 	banz   0x8aa6,*ar5-
    8aa2:	8aa6 
    8aa3:	e765 	mvmm   ar6,ar5
    8aa4:	8393 	sth    b,*ar3+
    8aa5:	8193 	stl    b,*ar3+
    8aa6:	f0e1 	sftl   a,1
    8aa7:	6c89 	banz   0x8a95,*ar1-
    8aa8:	8a95 
    8aa9:	f3e2 	sftl   b,2
    8aaa:	8383 	sth    b,*ar3
    8aab:	6883 	andm   #-256,*ar3
    8aac:	ff00 
    8aad:	61f8 	bitf   *(0x3faa),#1024
    8aae:	3faa 
    8aaf:	0400 
    8ab0:	fa20 	bcd    0x8ac0,ntc
    8ab1:	8ac0 
    8ab2:	7215 	mvdm   0x3d93,ar5
    8ab3:	3d93 
    8ab4:	61f8 	bitf   *(0x3fab),#256
    8ab5:	3fab 
    8ab6:	0100 
    8ab7:	771a 	stm    #15,brc
    8ab8:	000f 
    8ab9:	7711 	stm    #1,ar1
    8aba:	0001 
    8abb:	ff30 	xc     2,tc
    8abc:	7215 	mvdm   0x3d95,ar5
    8abd:	3d95 
    8abe:	f073 	b      0x8ac4
    8abf:	8ac4 
    8ac0:	771a 	stm    #31,brc
    8ac1:	001f 
    8ac2:	7711 	stm    #3,ar1
    8ac3:	0003 
    8ac4:	f074 	call   0x8f7f
    8ac5:	8f7f 
    8ac6:	f274 	calld  0x8f20
    8ac7:	8f20 
    8ac8:	7714 	stm    #11258,ar4
    8ac9:	2bfa 
    8aca:	61f8 	bitf   *(0x3faa),#1024
    8acb:	3faa 
    8acc:	0400 
    8acd:	7711 	stm    #3,ar1
    8ace:	0003 
    8acf:	ff30 	xc     2,tc
    8ad0:	7711 	stm    #1,ar1
    8ad1:	0001 
    8ad2:	f074 	call   0x8f9d
    8ad3:	8f9d 
    8ad4:	f074 	call   0x9076
    8ad5:	9076 
    8ad6:	8a07 	popm   st1
    8ad7:	8a06 	popm   st0
    8ad8:	fc00 	ret    
    8ad9:	4a06 	pshm   st0
    8ada:	4a07 	pshm   st1
    8adb:	ea00 	ld     #0,dp
    8adc:	ed00 	ld     #0,asm
    8add:	f6b9 	rsbx   st1,ovm
    8ade:	f6b8 	rsbx   st1,sxm
    8adf:	f6b7 	rsbx   st1,c16
    8ae0:	f6b6 	rsbx   st1,frct
    8ae1:	7712 	stm    #2599,ar2
    8ae2:	0a27 
    8ae3:	7715 	stm    #11258,ar5
    8ae4:	2bfa 
    8ae5:	ec07 	rpt    #7
    8ae6:	e58b 	mvdd   *ar2+,*ar5+
    8ae7:	7712 	stm    #11258,ar2
    8ae8:	2bfa 
    8ae9:	7711 	stm    #7,ar1
    8aea:	0007 
    8aeb:	4a12 	pshm   ar2
    8aec:	f274 	calld  0xa2c1
    8aed:	a2c1 
    8aee:	771a 	stm    #15,brc
    8aef:	000f 
    8af0:	f074 	call   0xa2d0
    8af1:	a2d0 
    8af2:	8a12 	popm   ar2
    8af3:	7716 	stm    #1,ar6
    8af4:	0001 
    8af5:	7713 	stm    #11200,ar3
    8af6:	2bc0 
    8af7:	f274 	calld  0x8d21
    8af8:	8d21 
    8af9:	7715 	stm    #11257,ar5
    8afa:	2bf9 
    8afb:	7215 	mvdm   0x3d93,ar5
    8afc:	3d93 
    8afd:	771a 	stm    #31,brc
    8afe:	001f 
    8aff:	7711 	stm    #3,ar1
    8b00:	0003 
    8b01:	f074 	call   0x8f7f
    8b02:	8f7f 
    8b03:	f274 	calld  0x8f20
    8b04:	8f20 
    8b05:	7714 	stm    #11258,ar4
    8b06:	2bfa 
    8b07:	7711 	stm    #3,ar1
    8b08:	0003 
    8b09:	f074 	call   0x8f9d
    8b0a:	8f9d 
    8b0b:	f074 	call   0x9076
    8b0c:	9076 
    8b0d:	8a07 	popm   st1
    8b0e:	8a06 	popm   st0
    8b0f:	fc00 	ret    
    8b10:	4a06 	pshm   st0
    8b11:	4a07 	pshm   st1
    8b12:	ea00 	ld     #0,dp
    8b13:	ed00 	ld     #0,asm
    8b14:	f6b9 	rsbx   st1,ovm
    8b15:	f6b8 	rsbx   st1,sxm
    8b16:	f6b7 	rsbx   st1,c16
    8b17:	f6b6 	rsbx   st1,frct
    8b18:	7212 	mvdm   0x3d91,ar2
    8b19:	3d91 
    8b1a:	7719 	stm    #64,bk
    8b1b:	0040 
    8b1c:	f495 	nop    
    8b1d:	6df2 	mar    *+ar2(0x7)%
    8b1e:	0007 
    8b1f:	6182 	bitf   *ar2,#1
    8b20:	0001 
    8b21:	f830 	bc     0x8b47,tc
    8b22:	8b47 
    8b23:	7712 	stm    #2599,ar2
    8b24:	0a27 
    8b25:	7715 	stm    #11258,ar5
    8b26:	2bfa 
    8b27:	ec04 	rpt    #4
    8b28:	e58b 	mvdd   *ar2+,*ar5+
    8b29:	7712 	stm    #11258,ar2
    8b2a:	2bfa 
    8b2b:	7711 	stm    #4,ar1
    8b2c:	0004 
    8b2d:	f274 	calld  0xa2c1
    8b2e:	a2c1 
    8b2f:	771a 	stm    #15,brc
    8b30:	000f 
    8b31:	7716 	stm    #0,ar6
    8b32:	0000 
    8b33:	7713 	stm    #11200,ar3
    8b34:	2bc0 
    8b35:	f274 	calld  0x8d21
    8b36:	8d21 
    8b37:	7715 	stm    #11257,ar5
    8b38:	2bf9 
    8b39:	7716 	stm    #1,ar6
    8b3a:	0001 
    8b3b:	7215 	mvdm   0x3d91,ar5
    8b3c:	3d91 
    8b3d:	7719 	stm    #64,bk
    8b3e:	0040 
    8b3f:	7712 	stm    #0,ar2
    8b40:	0000 
    8b41:	f274 	calld  0x8da3
    8b42:	8da3 
    8b43:	7714 	stm    #11258,ar4
    8b44:	2bfa 
    8b45:	f074 	call   0x9046
    8b46:	9046 
    8b47:	8a07 	popm   st1
    8b48:	8a06 	popm   st0
    8b49:	fc00 	ret    
    8b4a:	4a06 	pshm   st0
    8b4b:	4a07 	pshm   st1
    8b4c:	ea00 	ld     #0,dp
    8b4d:	ed00 	ld     #0,asm
    8b4e:	f6b9 	rsbx   st1,ovm
    8b4f:	f6b8 	rsbx   st1,sxm
    8b50:	f6b7 	rsbx   st1,c16
    8b51:	f6b6 	rsbx   st1,frct
    8b52:	61f8 	bitf   *(0x3fab),#256
    8b53:	3fab 
    8b54:	0100 
    8b55:	7712 	stm    #2599,ar2
    8b56:	0a27 
    8b57:	ff30 	xc     2,tc
    8b58:	7712 	stm    #2417,ar2
    8b59:	0971 
    8b5a:	7713 	stm    #11258,ar3
    8b5b:	2bfa 
    8b5c:	ec08 	rpt    #8
    8b5d:	e589 	mvdd   *ar2+,*ar3+
    8b5e:	7712 	stm    #11258,ar2
    8b5f:	2bfa 
    8b60:	7711 	stm    #8,ar1
    8b61:	0008 
    8b62:	f274 	calld  0xa2c1
    8b63:	a2c1 
    8b64:	771a 	stm    #15,brc
    8b65:	000f 
    8b66:	e800 	ld     #0,a
    8b67:	e724 	mvmm   ar2,ar4
    8b68:	6dec 	mar    *+ar4(0x9)
    8b69:	0009 
    8b6a:	e743 	mvmm   ar4,ar3
    8b6b:	6d8c 	mar    *ar4-
    8b6c:	771a 	stm    #4,brc
    8b6d:	0004 
    8b6e:	f072 	rptb   0x8b72
    8b6f:	8b72 
    8b70:	906c 	add    *ar4-,12,a
    8b71:	808b 	stl    a,*ar3-
    8b72:	f0f0 	sftl   a,-16
    8b73:	f57c 	sfta   a,-4,b
    8b74:	f2c4 	xor    b,4,a
    8b75:	f3e8 	sftl   b,8
    8b76:	f2a0 	or     b,a
    8b77:	8083 	stl    a,*ar3
    8b78:	7716 	stm    #1,ar6
    8b79:	0001 
    8b7a:	7713 	stm    #11200,ar3
    8b7b:	2bc0 
    8b7c:	f274 	calld  0x8d21
    8b7d:	8d21 
    8b7e:	7715 	stm    #11257,ar5
    8b7f:	2bf9 
    8b80:	61f8 	bitf   *(0x3fab),#256
    8b81:	3fab 
    8b82:	0100 
    8b83:	7215 	mvdm   0x3d93,ar5
    8b84:	3d93 
    8b85:	ff30 	xc     2,tc
    8b86:	7215 	mvdm   0x3d95,ar5
    8b87:	3d95 
    8b88:	771a 	stm    #15,brc
    8b89:	000f 
    8b8a:	7711 	stm    #1,ar1
    8b8b:	0001 
    8b8c:	f074 	call   0x8f7f
    8b8d:	8f7f 
    8b8e:	f274 	calld  0x8f20
    8b8f:	8f20 
    8b90:	7714 	stm    #11258,ar4
    8b91:	2bfa 
    8b92:	7711 	stm    #1,ar1
    8b93:	0001 
    8b94:	f074 	call   0x8f9d
    8b95:	8f9d 
    8b96:	f074 	call   0x9076
    8b97:	9076 
    8b98:	8a07 	popm   st1
    8b99:	8a06 	popm   st0
    8b9a:	fc00 	ret    
    8b9b:	4a06 	pshm   st0
    8b9c:	4a07 	pshm   st1
    8b9d:	ea00 	ld     #0,dp
    8b9e:	ed00 	ld     #0,asm
    8b9f:	f6b9 	rsbx   st1,ovm
    8ba0:	f6b8 	rsbx   st1,sxm
    8ba1:	f6b7 	rsbx   st1,c16
    8ba2:	f6b6 	rsbx   st1,frct
    8ba3:	7712 	stm    #2569,ar2
    8ba4:	0a09 
    8ba5:	7713 	stm    #11258,ar3
    8ba6:	2bfa 
    8ba7:	ec0b 	rpt    #11
    8ba8:	e589 	mvdd   *ar2+,*ar3+
    8ba9:	7712 	stm    #11258,ar2
    8baa:	2bfa 
    8bab:	7711 	stm    #11,ar1
    8bac:	000b 
    8bad:	f274 	calld  0xa2c1
    8bae:	a2c1 
    8baf:	771a 	stm    #15,brc
    8bb0:	000f 
    8bb1:	e800 	ld     #0,a
    8bb2:	e726 	mvmm   ar2,ar6
    8bb3:	80e2 	stl    a,*ar2(0xc)
    8bb4:	000c 
    8bb5:	80e2 	stl    a,*ar2(0xd)
    8bb6:	000d 
    8bb7:	80e2 	stl    a,*ar2(0xe)
    8bb8:	000e 
    8bb9:	f162 	ld     #1154,16,b
    8bba:	0482 
    8bbb:	f340 	or     #9,b
    8bbc:	0009 
    8bbd:	7715 	stm    #11200,ar5
    8bbe:	2bc0 
    8bbf:	f274 	calld  0x9013
    8bc0:	9013 
    8bc1:	7711 	stm    #11,ar1
    8bc2:	000b 
    8bc3:	e763 	mvmm   ar6,ar3
    8bc4:	45eb 	ld     *+ar3(0xb),16,b
    8bc5:	000b 
    8bc6:	f1b0 	or     a,-16,b
    8bc7:	8393 	sth    b,*ar3+
    8bc8:	8193 	stl    b,*ar3+
    8bc9:	8083 	stl    a,*ar3
    8bca:	e762 	mvmm   ar6,ar2
    8bcb:	7715 	stm    #11258,ar5
    8bcc:	2bfa 
    8bcd:	7714 	stm    #11200,ar4
    8bce:	2bc0 
    8bcf:	f274 	calld  0x8eb0
    8bd0:	8eb0 
    8bd1:	7711 	stm    #14,ar1
    8bd2:	000e 
    8bd3:	7716 	stm    #1,ar6
    8bd4:	0001 
    8bd5:	7215 	mvdm   0x3d9b,ar5
    8bd6:	3d9b 
    8bd7:	7719 	stm    #32,bk
    8bd8:	0020 
    8bd9:	7712 	stm    #1,ar2
    8bda:	0001 
    8bdb:	f274 	calld  0x8da3
    8bdc:	8da3 
    8bdd:	7714 	stm    #11258,ar4
    8bde:	2bfa 
    8bdf:	8a07 	popm   st1
    8be0:	8a06 	popm   st0
    8be1:	fc00 	ret    
    8be2:	4a06 	pshm   st0
    8be3:	4a07 	pshm   st1
    8be4:	ea00 	ld     #0,dp
    8be5:	ed00 	ld     #0,asm
    8be6:	f6b9 	rsbx   st1,ovm
    8be7:	f6b8 	rsbx   st1,sxm
    8be8:	f6b7 	rsbx   st1,c16
    8be9:	f6b6 	rsbx   st1,frct
    8bea:	7712 	stm    #2584,ar2
    8beb:	0a18 
    8bec:	7713 	stm    #11258,ar3
    8bed:	2bfa 
    8bee:	ec0b 	rpt    #11
    8bef:	e589 	mvdd   *ar2+,*ar3+
    8bf0:	7712 	stm    #11258,ar2
    8bf1:	2bfa 
    8bf2:	7711 	stm    #11,ar1
    8bf3:	000b 
    8bf4:	f274 	calld  0xa2c1
    8bf5:	a2c1 
    8bf6:	771a 	stm    #15,brc
    8bf7:	000f 
    8bf8:	e800 	ld     #0,a
    8bf9:	e726 	mvmm   ar2,ar6
    8bfa:	80e2 	stl    a,*ar2(0xc)
    8bfb:	000c 
    8bfc:	80e2 	stl    a,*ar2(0xd)
    8bfd:	000d 
    8bfe:	80e2 	stl    a,*ar2(0xe)
    8bff:	000e 
    8c00:	f162 	ld     #1154,16,b
    8c01:	0482 
    8c02:	f340 	or     #9,b
    8c03:	0009 
    8c04:	7715 	stm    #11200,ar5
    8c05:	2bc0 
    8c06:	f274 	calld  0x9013
    8c07:	9013 
    8c08:	7711 	stm    #11,ar1
    8c09:	000b 
    8c0a:	e763 	mvmm   ar6,ar3
    8c0b:	45eb 	ld     *+ar3(0xb),16,b
    8c0c:	000b 
    8c0d:	f1b0 	or     a,-16,b
    8c0e:	8393 	sth    b,*ar3+
    8c0f:	8193 	stl    b,*ar3+
    8c10:	8083 	stl    a,*ar3
    8c11:	e762 	mvmm   ar6,ar2
    8c12:	7715 	stm    #11258,ar5
    8c13:	2bfa 
    8c14:	7714 	stm    #11200,ar4
    8c15:	2bc0 
    8c16:	f274 	calld  0x8eb0
    8c17:	8eb0 
    8c18:	7711 	stm    #14,ar1
    8c19:	000e 
    8c1a:	7715 	stm    #11136,ar5
    8c1b:	2b80 
    8c1c:	7719 	stm    #64,bk
    8c1d:	0040 
    8c1e:	771a 	stm    #63,brc
    8c1f:	003f 
    8c20:	f272 	rptbd  0x8c24
    8c21:	8c24 
    8c22:	e800 	ld     #0,a
    8c23:	f495 	nop    
    8c24:	80d5 	stl    a,*ar5+%
    8c25:	7716 	stm    #1,ar6
    8c26:	0001 
    8c27:	7712 	stm    #1,ar2
    8c28:	0001 
    8c29:	f274 	calld  0x8da3
    8c2a:	8da3 
    8c2b:	7714 	stm    #11258,ar4
    8c2c:	2bfa 
    8c2d:	8a07 	popm   st1
    8c2e:	8a06 	popm   st0
    8c2f:	fc00 	ret    
    8c30:	4a06 	pshm   st0
    8c31:	4a07 	pshm   st1
    8c32:	ea00 	ld     #0,dp
    8c33:	ed00 	ld     #0,asm
    8c34:	f6b9 	rsbx   st1,ovm
    8c35:	f6b8 	rsbx   st1,sxm
    8c36:	f6b7 	rsbx   st1,c16
    8c37:	f6b6 	rsbx   st1,frct
    8c38:	7712 	stm    #2584,ar2
    8c39:	0a18 
    8c3a:	7713 	stm    #11258,ar3
    8c3b:	2bfa 
    8c3c:	ec0b 	rpt    #11
    8c3d:	e589 	mvdd   *ar2+,*ar3+
    8c3e:	7712 	stm    #11258,ar2
    8c3f:	2bfa 
    8c40:	7711 	stm    #11,ar1
    8c41:	000b 
    8c42:	f274 	calld  0xa2c1
    8c43:	a2c1 
    8c44:	771a 	stm    #15,brc
    8c45:	000f 
    8c46:	e800 	ld     #0,a
    8c47:	e726 	mvmm   ar2,ar6
    8c48:	80e2 	stl    a,*ar2(0xc)
    8c49:	000c 
    8c4a:	80e2 	stl    a,*ar2(0xd)
    8c4b:	000d 
    8c4c:	80e2 	stl    a,*ar2(0xe)
    8c4d:	000e 
    8c4e:	f162 	ld     #1154,16,b
    8c4f:	0482 
    8c50:	f340 	or     #9,b
    8c51:	0009 
    8c52:	7715 	stm    #11200,ar5
    8c53:	2bc0 
    8c54:	f274 	calld  0x9013
    8c55:	9013 
    8c56:	7711 	stm    #11,ar1
    8c57:	000b 
    8c58:	e763 	mvmm   ar6,ar3
    8c59:	45eb 	ld     *+ar3(0xb),16,b
    8c5a:	000b 
    8c5b:	f1b0 	or     a,-16,b
    8c5c:	8393 	sth    b,*ar3+
    8c5d:	8193 	stl    b,*ar3+
    8c5e:	8083 	stl    a,*ar3
    8c5f:	e762 	mvmm   ar6,ar2
    8c60:	7715 	stm    #11258,ar5
    8c61:	2bfa 
    8c62:	7714 	stm    #11200,ar4
    8c63:	2bc0 
    8c64:	f274 	calld  0x8eb0
    8c65:	8eb0 
    8c66:	7711 	stm    #14,ar1
    8c67:	000e 
    8c68:	7716 	stm    #0,ar6
    8c69:	0000 
    8c6a:	7715 	stm    #11136,ar5
    8c6b:	2b80 
    8c6c:	7719 	stm    #48,bk
    8c6d:	0030 
    8c6e:	771a 	stm    #47,brc
    8c6f:	002f 
    8c70:	f272 	rptbd  0x8c74
    8c71:	8c74 
    8c72:	e800 	ld     #0,a
    8c73:	f495 	nop    
    8c74:	80d5 	stl    a,*ar5+%
    8c75:	7712 	stm    #1,ar2
    8c76:	0001 
    8c77:	f274 	calld  0x8da3
    8c78:	8da3 
    8c79:	7714 	stm    #11258,ar4
    8c7a:	2bfa 
    8c7b:	8a07 	popm   st1
    8c7c:	8a06 	popm   st0
    8c7d:	fc00 	ret    
    8c7e:	4a06 	pshm   st0
    8c7f:	4a07 	pshm   st1
    8c80:	ea00 	ld     #0,dp
    8c81:	ed00 	ld     #0,asm
    8c82:	f6b9 	rsbx   st1,ovm
    8c83:	f6b8 	rsbx   st1,sxm
    8c84:	f6b7 	rsbx   st1,c16
    8c85:	f6b6 	rsbx   st1,frct
    8c86:	7712 	stm    #2618,ar2
    8c87:	0a3a 
    8c88:	7182 	mvdk   *ar2,0x2bfa
    8c89:	2bfa 
    8c8a:	7712 	stm    #11258,ar2
    8c8b:	2bfa 
    8c8c:	771a 	stm    #7,brc
    8c8d:	0007 
    8c8e:	f272 	rptbd  0x8c93
    8c8f:	8c93 
    8c90:	1082 	ld     *ar2,a
    8c91:	f0f8 	sftl   a,-8
    8c92:	f490 	ror    a
    8c93:	f591 	rol    b
    8c94:	f3e8 	sftl   b,8
    8c95:	6882 	andm   #255,*ar2
    8c96:	00ff 
    8c97:	0182 	add    *ar2,b
    8c98:	8182 	stl    b,*ar2
    8c99:	4a12 	pshm   ar2
    8c9a:	9488 	ld     *ar2+,8,a
    8c9b:	808a 	stl    a,*ar2-
    8c9c:	6882 	andm   #-256,*ar2
    8c9d:	ff00 
    8c9e:	f162 	ld     #-17408,16,b
    8c9f:	bc00 
    8ca0:	771a 	stm    #7,brc
    8ca1:	0007 
    8ca2:	4492 	ld     *ar2+,16,a
    8ca3:	f072 	rptb   0x8ca9
    8ca4:	8ca9 
    8ca5:	f0e1 	sftl   a,1
    8ca6:	f495 	nop    
    8ca7:	f495 	nop    
    8ca8:	fd0c 	xc     1,c
    8ca9:	f2c0 	xor    b,a
    8caa:	f0f0 	sftl   a,-16
    8cab:	f050 	xor    #65535,a
    8cac:	ffff 
    8cad:	8a12 	popm   ar2
    8cae:	f495 	nop    
    8caf:	4592 	ld     *ar2+,16,b
    8cb0:	1c8a 	xor    *ar2-,a
    8cb1:	f1a8 	or     a,8,b
    8cb2:	f363 	and    #-4,16,b
    8cb3:	fffc 
    8cb4:	8392 	sth    b,*ar2+
    8cb5:	818a 	stl    b,*ar2-
    8cb6:	7715 	stm    #16266,ar5
    8cb7:	3f8a 
    8cb8:	7714 	stm    #11200,ar4
    8cb9:	2bc0 
    8cba:	f274 	calld  0x8eb0
    8cbb:	8eb0 
    8cbc:	7711 	stm    #1,ar1
    8cbd:	0001 
    8cbe:	8a07 	popm   st1
    8cbf:	8a06 	popm   st0
    8cc0:	fc00 	ret    
    8cc1:	4a06 	pshm   st0
    8cc2:	4a07 	pshm   st1
    8cc3:	ea00 	ld     #0,dp
    8cc4:	ed00 	ld     #0,asm
    8cc5:	f6b9 	rsbx   st1,ovm
    8cc6:	f6b8 	rsbx   st1,sxm
    8cc7:	f6b7 	rsbx   st1,c16
    8cc8:	f6b6 	rsbx   st1,frct
    8cc9:	61f8 	bitf   *(0x3fab),#256
    8cca:	3fab 
    8ccb:	0100 
    8ccc:	7212 	mvdm   0x3d97,ar2
    8ccd:	3d97 
    8cce:	ff30 	xc     2,tc
    8ccf:	7212 	mvdm   0x3d99,ar2
    8cd0:	3d99 
    8cd1:	7719 	stm    #48,bk
    8cd2:	0030 
    8cd3:	f495 	nop    
    8cd4:	6df2 	mar    *+ar2(0x7)%
    8cd5:	0007 
    8cd6:	6182 	bitf   *ar2,#1
    8cd7:	0001 
    8cd8:	f830 	bc     0x8d1e,tc
    8cd9:	8d1e 
    8cda:	61f8 	bitf   *(0x3fab),#256
    8cdb:	3fab 
    8cdc:	0100 
    8cdd:	7712 	stm    #2599,ar2
    8cde:	0a27 
    8cdf:	ff30 	xc     2,tc
    8ce0:	7712 	stm    #2417,ar2
    8ce1:	0971 
    8ce2:	7714 	stm    #11258,ar4
    8ce3:	2bfa 
    8ce4:	ec07 	rpt    #7
    8ce5:	e58a 	mvdd   *ar2+,*ar4+
    8ce6:	f5bc 	ssbx   st0,tc
    8ce7:	7712 	stm    #11258,ar2
    8ce8:	2bfa 
    8ce9:	f274 	calld  0xa25e
    8cea:	a25e 
    8ceb:	f162 	ld     #24576,16,b
    8cec:	6000 
    8ced:	7712 	stm    #11258,ar2
    8cee:	2bfa 
    8cef:	7714 	stm    #11136,ar4
    8cf0:	2b80 
    8cf1:	ec04 	rpt    #4
    8cf2:	e58a 	mvdd   *ar2+,*ar4+
    8cf3:	4582 	ld     *ar2,16,b
    8cf4:	f0e1 	sftl   a,1
    8cf5:	f500 	add    a,b
    8cf6:	8394 	sth    b,*ar4+
    8cf7:	8184 	stl    b,*ar4
    8cf8:	7712 	stm    #11136,ar2
    8cf9:	2b80 
    8cfa:	7714 	stm    #11200,ar4
    8cfb:	2bc0 
    8cfc:	f274 	calld  0x8ed4
    8cfd:	8ed4 
    8cfe:	7715 	stm    #11258,ar5
    8cff:	2bfa 
    8d00:	61f8 	bitf   *(0x3fab),#256
    8d01:	3fab 
    8d02:	0100 
    8d03:	7713 	stm    #2599,ar3
    8d04:	0a27 
    8d05:	ff30 	xc     2,tc
    8d06:	7713 	stm    #2417,ar3
    8d07:	0971 
    8d08:	7712 	stm    #11271,ar2
    8d09:	2c07 
    8d0a:	6deb 	mar    *+ar3(0x6)
    8d0b:	0006 
    8d0c:	1082 	ld     *ar2,a
    8d0d:	0093 	add    *ar3+,a
    8d0e:	8092 	stl    a,*ar2+
    8d0f:	e598 	mvdd   *ar3+,*ar2+
    8d10:	61f8 	bitf   *(0x3fab),#256
    8d11:	3fab 
    8d12:	0100 
    8d13:	7213 	mvdm   0x3d97,ar3
    8d14:	3d97 
    8d15:	ff30 	xc     2,tc
    8d16:	7213 	mvdm   0x3d99,ar3
    8d17:	3d99 
    8d18:	f274 	calld  0x8e5f
    8d19:	8e5f 
    8d1a:	7712 	stm    #11258,ar2
    8d1b:	2bfa 
    8d1c:	f074 	call   0x9059
    8d1d:	9059 
    8d1e:	8a07 	popm   st1
    8d1f:	8a06 	popm   st0
    8d20:	fc00 	ret    
    8d21:	770e 	stm    #24,t
    8d22:	0018 
    8d23:	4a13 	pshm   ar3
    8d24:	e764 	mvmm   ar6,ar4
    8d25:	7693 	st     #0,*ar3+
    8d26:	0000 
    8d27:	1492 	ld     *ar2+,ts,a
    8d28:	9088 	add    *ar2+,8,a
    8d29:	6f82 	add    *ar2,-8,a
    8d2a:	0c18 
    8d2b:	7711 	stm    #7,ar1
    8d2c:	0007 
    8d2d:	771a 	stm    #4,brc
    8d2e:	0004 
    8d2f:	f072 	rptb   0x8d33
    8d30:	8d33 
    8d31:	f461 	sfta   a,1
    8d32:	f591 	rol    b
    8d33:	f3e2 	sftl   b,2
    8d34:	6e89 	banzd  0x8d2d,*ar1-
    8d35:	8d2d 
    8d36:	f3e1 	sftl   b,1
    8d37:	8193 	stl    b,*ar3+
    8d38:	1492 	ld     *ar2+,ts,a
    8d39:	f468 	sfta   a,8
    8d3a:	3c92 	add    *ar2+,16,a
    8d3b:	0092 	add    *ar2+,a
    8d3c:	7711 	stm    #7,ar1
    8d3d:	0007 
    8d3e:	771a 	stm    #4,brc
    8d3f:	0004 
    8d40:	f072 	rptb   0x8d44
    8d41:	8d44 
    8d42:	f461 	sfta   a,1
    8d43:	f591 	rol    b
    8d44:	f3e2 	sftl   b,2
    8d45:	6e89 	banzd  0x8d3e,*ar1-
    8d46:	8d3e 
    8d47:	f3e1 	sftl   b,1
    8d48:	8193 	stl    b,*ar3+
    8d49:	6c8c 	banz   0x8d27,*ar4-
    8d4a:	8d27 
    8d4b:	8a13 	popm   ar3
    8d4c:	7714 	stm    #17,ar4
    8d4d:	0011 
    8d4e:	6deb 	mar    *+ar3(0x1)
    8d4f:	0001 
    8d50:	6e86 	banzd  0x8d56,*ar6
    8d51:	8d56 
    8d52:	771a 	stm    #15,brc
    8d53:	000f 
    8d54:	771a 	stm    #7,brc
    8d55:	0007 
    8d56:	f272 	rptbd  0x8da1
    8d57:	8da1 
    8d58:	7711 	stm    #-16,ar1
    8d59:	fff0 
    8d5a:	4493 	ld     *ar3+,16,a
    8d5b:	9091 	add    *ar3+,1,a
    8d5c:	f560 	sfta   a,0,b
    8d5d:	f2df 	xor    b,-1,a
    8d5e:	f2de 	xor    b,-2,a
    8d5f:	f2dd 	xor    b,-3,a
    8d60:	f2d7 	xor    b,-9,a
    8d61:	f2d4 	xor    b,-12,a
    8d62:	f2d9 	xor    b,-7,a
    8d63:	f2d3 	xor    b,-13,a
    8d64:	f2db 	xor    b,-5,a
    8d65:	f2d8 	xor    b,-8,a
    8d66:	f2d5 	xor    b,-11,a
    8d67:	f2d2 	xor    b,-14,a
    8d68:	45e3 	ld     *ar3(0xfffd),16,b
    8d69:	fffd 
    8d6a:	f2c3 	xor    b,3,a
    8d6b:	f2c2 	xor    b,2,a
    8d6c:	f2c1 	xor    b,1,a
    8d6d:	f2c6 	xor    b,6,a
    8d6e:	f2c4 	xor    b,4,a
    8d6f:	f2c8 	xor    b,8,a
    8d70:	f2c7 	xor    b,7,a
    8d71:	f2cc 	xor    b,12,a
    8d72:	f2ca 	xor    b,10,a
    8d73:	f47e 	sfta   a,-2
    8d74:	f46a 	sfta   a,10
    8d75:	f478 	sfta   a,-8
    8d76:	6e86 	banzd  0x8d8d,*ar6
    8d77:	8d8d 
    8d78:	7717 	stm    #0,ar7
    8d79:	0000 
    8d7a:	f0ff 	sftl   a,-1
    8d7b:	80f8 	stl    a,*(0x61)
    8d7c:	0061 
    8d7d:	f0e1 	sftl   a,1
    8d7e:	7717 	stm    #1,ar7
    8d7f:	0001 
    8d80:	7710 	stm    #4,ar0
    8d81:	0004 
    8d82:	f0e1 	sftl   a,1
    8d83:	f591 	rol    b
    8d84:	f0e1 	sftl   a,1
    8d85:	f591 	rol    b
    8d86:	f0e1 	sftl   a,1
    8d87:	6e88 	banzd  0x8d82,*ar0-
    8d88:	8d82 
    8d89:	f591 	rol    b
    8d8a:	f3e3 	sftl   b,3
    8d8b:	f2e2 	sftl   b,2,a
    8d8c:	f0bd 	or     a,-3
    8d8d:	4585 	ld     *ar5,16,b
    8d8e:	3284 	ld     *ar4,asm
    8d8f:	f580 	add    a,asm,b
    8d90:	8395 	sth    b,*ar5+
    8d91:	8495 	stl    a,asm,*ar5+
    8d92:	6de9 	mar    *+ar1(0x10)
    8d93:	0010 
    8d94:	3284 	ld     *ar4,asm
    8d95:	8485 	stl    a,asm,*ar5
    8d96:	6de9 	mar    *+ar1(0xfff2)
    8d97:	fff2 
    8d98:	6e8f 	banzd  0x8d80,*ar7-
    8d99:	8d80 
    8d9a:	44f8 	ld     *(0x61),16,a
    8d9b:	0061 
    8d9c:	6c81 	banz   0x8da1,*ar1
    8d9d:	8da1 
    8d9e:	7711 	stm    #-16,ar1
    8d9f:	fff0 
    8da0:	6d8d 	mar    *ar5-
    8da1:	f495 	nop    
    8da2:	fc00 	ret    
    8da3:	ea00 	ld     #0,dp
    8da4:	3019 	ld     DP+0x19,t
    8da5:	7713 	stm    #11200,ar3
    8da6:	2bc0 
    8da7:	771a 	stm    #28,brc
    8da8:	001c 
    8da9:	f272 	rptbd  0x8db1
    8daa:	8db1 
    8dab:	f120 	ld     #-256,b
    8dac:	ff00 
    8dad:	1084 	ld     *ar4,a
    8dae:	f280 	and    b,a
    8daf:	8093 	stl    a,*ar3+
    8db0:	94a8 	ld     *ar4+,8,a
    8db1:	8093 	stl    a,*ar3+
    8db2:	7714 	stm    #11200,ar4
    8db3:	2bc0 
    8db4:	4a15 	pshm   ar5
    8db5:	7711 	stm    #3,ar1
    8db6:	0003 
    8db7:	771a 	stm    #6,brc
    8db8:	0006 
    8db9:	f272 	rptbd  0x8dbe
    8dba:	8dbe 
    8dbb:	7710 	stm    #1,ar0
    8dbc:	0001 
    8dbd:	68dd 	andm   #21845,*ar5+0%
    8dbe:	5555 
    8dbf:	6e89 	banzd  0x8db7,*ar1-
    8dc0:	8db7 
    8dc1:	68dd 	andm   #32766,*ar5+0%
    8dc2:	7ffe 
    8dc3:	7711 	stm    #1,ar1
    8dc4:	0001 
    8dc5:	771a 	stm    #6,brc
    8dc6:	0006 
    8dc7:	f272 	rptbd  0x8dcc
    8dc8:	8dcc 
    8dc9:	7710 	stm    #1,ar0
    8dca:	0001 
    8dcb:	68dd 	andm   #-21846,*ar5+0%
    8dcc:	aaaa 
    8dcd:	6e89 	banzd  0x8dc5,*ar1-
    8dce:	8dc5 
    8dcf:	68dd 	andm   #-16388,*ar5+0%
    8dd0:	bffc 
    8dd1:	6c86 	banz   0x8dd5,*ar6
    8dd2:	8dd5 
    8dd3:	6df5 	mar    *+ar5(0x10)%
    8dd4:	0010 
    8dd5:	7711 	stm    #1,ar1
    8dd6:	0001 
    8dd7:	771a 	stm    #6,brc
    8dd8:	0006 
    8dd9:	f272 	rptbd  0x8dde
    8dda:	8dde 
    8ddb:	7710 	stm    #1,ar0
    8ddc:	0001 
    8ddd:	68dd 	andm   #-21846,*ar5+0%
    8dde:	aaaa 
    8ddf:	6e89 	banzd  0x8dd7,*ar1-
    8de0:	8dd7 
    8de1:	68dd 	andm   #-16388,*ar5+0%
    8de2:	bffc 
    8de3:	8a15 	popm   ar5
    8de4:	7710 	stm    #8,ar0
    8de5:	0008 
    8de6:	7713 	stm    #3,ar3
    8de7:	0003 
    8de8:	7711 	stm    #6,ar1
    8de9:	0006 
    8dea:	771a 	stm    #7,brc
    8deb:	0007 
    8dec:	f272 	rptbd  0x8df4
    8ded:	8df4 
    8dee:	7719 	stm    #57,bk
    8def:	0039 
    8df0:	4584 	ld     *ar4,16,b
    8df1:	f3e1 	sftl   b,1
    8df2:	f491 	rol    a
    8df3:	f0e1 	sftl   a,1
    8df4:	83dc 	sth    b,*ar4+0%
    8df5:	8c19 	st     t,DP+0x19
    8df6:	6e89 	banzd  0x8dea,*ar1-
    8df7:	8dea 
    8df8:	1c85 	xor    *ar5,a
    8df9:	80d5 	stl    a,*ar5+%
    8dfa:	7719 	stm    #57,bk
    8dfb:	0039 
    8dfc:	4584 	ld     *ar4,16,b
    8dfd:	f3e1 	sftl   b,1
    8dfe:	83dc 	sth    b,*ar4+0%
    8dff:	8c19 	st     t,DP+0x19
    8e00:	f491 	rol    a
    8e01:	f0ef 	sftl   a,15
    8e02:	1c85 	xor    *ar5,a
    8e03:	4912 	ldm    ar2,b
    8e04:	f2a0 	or     b,a
    8e05:	80d5 	stl    a,*ar5+%
    8e06:	6e8b 	banzd  0x8de8,*ar3-
    8e07:	8de8 
    8e08:	6dec 	mar    *+ar4(0x7)
    8e09:	0007 
    8e0a:	7710 	stm    #8,ar0
    8e0b:	0008 
    8e0c:	7713 	stm    #1,ar3
    8e0d:	0001 
    8e0e:	7711 	stm    #6,ar1
    8e0f:	0006 
    8e10:	771a 	stm    #7,brc
    8e11:	0007 
    8e12:	f272 	rptbd  0x8e1a
    8e13:	8e1a 
    8e14:	7719 	stm    #57,bk
    8e15:	0039 
    8e16:	4584 	ld     *ar4,16,b
    8e17:	f0e1 	sftl   a,1
    8e18:	f3e1 	sftl   b,1
    8e19:	f491 	rol    a
    8e1a:	83dc 	sth    b,*ar4+0%
    8e1b:	8c19 	st     t,DP+0x19
    8e1c:	6e89 	banzd  0x8e10,*ar1-
    8e1d:	8e10 
    8e1e:	1c85 	xor    *ar5,a
    8e1f:	80d5 	stl    a,*ar5+%
    8e20:	7719 	stm    #57,bk
    8e21:	0039 
    8e22:	4584 	ld     *ar4,16,b
    8e23:	f0e1 	sftl   a,1
    8e24:	f3e1 	sftl   b,1
    8e25:	f491 	rol    a
    8e26:	f0ee 	sftl   a,14
    8e27:	1c85 	xor    *ar5,a
    8e28:	83dc 	sth    b,*ar4+0%
    8e29:	8c19 	st     t,DP+0x19
    8e2a:	f495 	nop    
    8e2b:	4912 	ldm    ar2,b
    8e2c:	f2a1 	or     b,1,a
    8e2d:	80d5 	stl    a,*ar5+%
    8e2e:	6e8b 	banzd  0x8e0e,*ar3-
    8e2f:	8e0e 
    8e30:	6dec 	mar    *+ar4(0x7)
    8e31:	0007 
    8e32:	6c86 	banz   0x8e36,*ar6
    8e33:	8e36 
    8e34:	6df5 	mar    *+ar5(0x10)%
    8e35:	0010 
    8e36:	7710 	stm    #8,ar0
    8e37:	0008 
    8e38:	7713 	stm    #1,ar3
    8e39:	0001 
    8e3a:	7711 	stm    #6,ar1
    8e3b:	0006 
    8e3c:	771a 	stm    #7,brc
    8e3d:	0007 
    8e3e:	f272 	rptbd  0x8e46
    8e3f:	8e46 
    8e40:	7719 	stm    #57,bk
    8e41:	0039 
    8e42:	4584 	ld     *ar4,16,b
    8e43:	f0e1 	sftl   a,1
    8e44:	f3e1 	sftl   b,1
    8e45:	f491 	rol    a
    8e46:	83dc 	sth    b,*ar4+0%
    8e47:	8c19 	st     t,DP+0x19
    8e48:	6e89 	banzd  0x8e3c,*ar1-
    8e49:	8e3c 
    8e4a:	1c85 	xor    *ar5,a
    8e4b:	80d5 	stl    a,*ar5+%
    8e4c:	7719 	stm    #57,bk
    8e4d:	0039 
    8e4e:	4584 	ld     *ar4,16,b
    8e4f:	f0e1 	sftl   a,1
    8e50:	f3e1 	sftl   b,1
    8e51:	f491 	rol    a
    8e52:	f0ee 	sftl   a,14
    8e53:	1c85 	xor    *ar5,a
    8e54:	83dc 	sth    b,*ar4+0%
    8e55:	8c19 	st     t,DP+0x19
    8e56:	f495 	nop    
    8e57:	4912 	ldm    ar2,b
    8e58:	f2a1 	or     b,1,a
    8e59:	80d5 	stl    a,*ar5+%
    8e5a:	6e8b 	banzd  0x8e3a,*ar3-
    8e5b:	8e3a 
    8e5c:	6dec 	mar    *+ar4(0x7)
    8e5d:	0007 
    8e5e:	fc00 	ret    
    8e5f:	7719 	stm    #48,bk
    8e60:	0030 
    8e61:	7711 	stm    #1,ar1
    8e62:	0001 
    8e63:	771a 	stm    #6,brc
    8e64:	0006 
    8e65:	f272 	rptbd  0x8e6a
    8e66:	8e6a 
    8e67:	7710 	stm    #1,ar0
    8e68:	0001 
    8e69:	68db 	andm   #21845,*ar3+0%
    8e6a:	5555 
    8e6b:	6e89 	banzd  0x8e63,*ar1-
    8e6c:	8e63 
    8e6d:	68db 	andm   #32766,*ar3+0%
    8e6e:	7ffe 
    8e6f:	7711 	stm    #1,ar1
    8e70:	0001 
    8e71:	771a 	stm    #6,brc
    8e72:	0006 
    8e73:	f072 	rptb   0x8e76
    8e74:	8e76 
    8e75:	68db 	andm   #-21846,*ar3+0%
    8e76:	aaaa 
    8e77:	6e89 	banzd  0x8e71,*ar1-
    8e78:	8e71 
    8e79:	68db 	andm   #-16388,*ar3+0%
    8e7a:	bffc 
    8e7b:	6df3 	mar    *+ar3(0xffe0)%
    8e7c:	ffe0 
    8e7d:	ea00 	ld     #0,dp
    8e7e:	ed05 	ld     #5,asm
    8e7f:	f7b8 	ssbx   st1,sxm
    8e80:	7660 	st     #-9349,DP+0x60
    8e81:	db7b 
    8e82:	7661 	st     #1,DP+0x61
    8e83:	0001 
    8e84:	7711 	stm    #14,ar1
    8e85:	000e 
    8e86:	7714 	stm    #11200,ar4
    8e87:	2bc0 
    8e88:	1060 	ld     DP+0x60,a
    8e89:	8815 	stlm   a,ar5
    8e8a:	f495 	nop    
    8e8b:	ec07 	rpt    #7
    8e8c:	e5ba 	mvdd   *ar5+,*ar4+
    8e8d:	6b60 	addm   #8,DP+0x60
    8e8e:	0008 
    8e8f:	6dec 	mar    *+ar4(0xfff8)
    8e90:	fff8 
    8e91:	771a 	stm    #7,brc
    8e92:	0007 
    8e93:	f272 	rptbd  0x8ea8
    8e94:	8ea8 
    8e95:	4492 	ld     *ar2+,16,a
    8e96:	f467 	sfta   a,7
    8e97:	1384 	ldu    *ar4,b
    8e98:	6f10 	sth    b,6,DP+0x10
    8e99:	0d66 
    8e9a:	f461 	sfta   a,1
    8e9b:	3094 	ld     *ar4+,t
    8e9c:	6dcb 	mar    *ar3-0%
    8e9d:	1561 	ld     DP+0x61,ts,b
    8e9e:	911b 	add    *ar3,11,b
    8e9f:	9fd3 	saccd  b,*ar3+0%,alt
    8ea0:	6b0e 	addm   #-1,DP+0x0e
    8ea1:	ffff 
    8ea2:	f461 	sfta   a,1
    8ea3:	6df0 	mar    *+ar0(0x20)%
    8ea4:	0020 
    8ea5:	6dcb 	mar    *ar3-0%
    8ea6:	1561 	ld     DP+0x61,ts,b
    8ea7:	911b 	add    *ar3,11,b
    8ea8:	9fd3 	saccd  b,*ar3+0%,alt
    8ea9:	6e89 	banzd  0x8e88,*ar1-
    8eaa:	8e88 
    8eab:	6dec 	mar    *+ar4(0xfff8)
    8eac:	fff8 
    8ead:	fe00 	retd   
    8eae:	f6b8 	rsbx   st1,sxm
    8eaf:	f495 	nop    
    8eb0:	4a11 	pshm   ar1
    8eb1:	4a14 	pshm   ar4
    8eb2:	771a 	stm    #15,brc
    8eb3:	000f 
    8eb4:	4492 	ld     *ar2+,16,a
    8eb5:	f072 	rptb   0x8eb9
    8eb6:	8eb9 
    8eb7:	f0e1 	sftl   a,1
    8eb8:	f591 	rol    b
    8eb9:	f3e1 	sftl   b,1
    8eba:	6e89 	banzd  0x8eb2,*ar1-
    8ebb:	8eb2 
    8ebc:	8394 	sth    b,*ar4+
    8ebd:	8194 	stl    b,*ar4+
    8ebe:	8a14 	popm   ar4
    8ebf:	8a1a 	popm   brc
    8ec0:	770e 	stm    #24,t
    8ec1:	0018 
    8ec2:	4494 	ld     *ar4+,16,a
    8ec3:	f072 	rptb   0x8ecf
    8ec4:	8ecf 
    8ec5:	0284 	adds   *ar4,a
    8ec6:	f540 	ld     a,b
    8ec7:	f2da 	xor    b,-6,a
    8ec8:	f2d8 	xor    b,-8,a
    8ec9:	f0df 	xor    a,-1
    8eca:	f2dd 	xor    b,-3,a
    8ecb:	8295 	sth    a,*ar5+
    8ecc:	8095 	stl    a,*ar5+
    8ecd:	1494 	ld     *ar4+,ts,a
    8ece:	f468 	sfta   a,8
    8ecf:	3c94 	add    *ar4+,16,a
    8ed0:	6d8d 	mar    *ar5-
    8ed1:	fe00 	retd   
    8ed2:	6885 	andm   #-64,*ar5
    8ed3:	ffc0 
    8ed4:	7711 	stm    #6,ar1
    8ed5:	0006 
    8ed6:	4a14 	pshm   ar4
    8ed7:	771a 	stm    #15,brc
    8ed8:	000f 
    8ed9:	4492 	ld     *ar2+,16,a
    8eda:	f072 	rptb   0x8ede
    8edb:	8ede 
    8edc:	f0e1 	sftl   a,1
    8edd:	f591 	rol    b
    8ede:	f3e1 	sftl   b,1
    8edf:	6e89 	banzd  0x8ed7,*ar1-
    8ee0:	8ed7 
    8ee1:	8394 	sth    b,*ar4+
    8ee2:	8194 	stl    b,*ar4+
    8ee3:	8a14 	popm   ar4
    8ee4:	771a 	stm    #12,brc
    8ee5:	000c 
    8ee6:	1084 	ld     *ar4,a
    8ee7:	f072 	rptb   0x8ef3
    8ee8:	8ef3 
    8ee9:	f540 	ld     a,b
    8eea:	f2dc 	xor    b,-4,a
    8eeb:	f2da 	xor    b,-6,a
    8eec:	f2d4 	xor    b,-12,a
    8eed:	f0df 	xor    a,-1
    8eee:	f2d6 	xor    b,-10,a
    8eef:	f2d7 	xor    b,-9,a
    8ef0:	f2dd 	xor    b,-3,a
    8ef1:	8095 	stl    a,*ar5+
    8ef2:	4494 	ld     *ar4+,16,a
    8ef3:	0084 	add    *ar4,a
    8ef4:	6dea 	mar    *+ar2(0xfffe)
    8ef5:	fffe 
    8ef6:	948f 	ld     *ar2+,15,a
    8ef7:	6f82 	add    *ar2,-1,a
    8ef8:	0c1f 
    8ef9:	f540 	ld     a,b
    8efa:	f2df 	xor    b,-1,a
    8efb:	f2dc 	xor    b,-4,a
    8efc:	f2da 	xor    b,-6,a
    8efd:	ea00 	ld     #0,dp
    8efe:	f0f3 	sftl   a,-13
    8eff:	e900 	ld     #0,b
    8f00:	f490 	ror    a
    8f01:	f590 	ror    b
    8f02:	f3fe 	sftl   b,-2
    8f03:	f490 	ror    a
    8f04:	f590 	ror    b
    8f05:	f3fe 	sftl   b,-2
    8f06:	8361 	sth    b,DP+0x61
    8f07:	f490 	ror    a
    8f08:	f591 	rol    b
    8f09:	8160 	stl    b,DP+0x60
    8f0a:	6d8d 	mar    *ar5-
    8f0b:	94bd 	ld     *ar5+,13,a
    8f0c:	808d 	stl    a,*ar5-
    8f0d:	f551 	ld     a,-15,b
    8f0e:	f330 	and    #6144,b
    8f0f:	1800 
    8f10:	f0e6 	sftl   a,6
    8f11:	f0f9 	sftl   a,-7
    8f12:	f2af 	or     b,15,a
    8f13:	f0e3 	sftl   a,3
    8f14:	458d 	ld     *ar5-,16,b
    8f15:	f591 	rol    b
    8f16:	f490 	ror    a
    8f17:	1195 	ld     *ar5+,b
    8f18:	f590 	ror    b
    8f19:	f490 	ror    a
    8f1a:	3c61 	add    DP+0x61,16,a
    8f1b:	828d 	sth    a,*ar5-
    8f1c:	f3e1 	sftl   b,1
    8f1d:	fe00 	retd   
    8f1e:	0160 	add    DP+0x60,b
    8f1f:	8185 	stl    b,*ar5
    8f20:	ea00 	ld     #0,dp
    8f21:	7719 	stm    #176,bk
    8f22:	00b0 
    8f23:	4a15 	pshm   ar5
    8f24:	7210 	mvdm   0x15,ar0
    8f25:	0015 
    8f26:	6810 	andm   #-256,DP+0x10
    8f27:	ff00 
    8f28:	7660 	st     #15,DP+0x60
    8f29:	000f 
    8f2a:	7662 	st     #1,DP+0x62
    8f2b:	0001 
    8f2c:	7663 	st     #19,DP+0x63
    8f2d:	0013 
    8f2e:	7664 	st     #-1,DP+0x64
    8f2f:	ffff 
    8f30:	7665 	st     #0,DP+0x65
    8f31:	0000 
    8f32:	6dad 	mar    *ar5-0
    8f33:	7315 	mvmd   ar5,0x61
    8f34:	0061 
    8f35:	e706 	mvmm   ar0,ar6
    8f36:	e800 	ld     #0,a
    8f37:	8812 	stlm   a,ar2
    8f38:	8813 	stlm   a,ar3
    8f39:	8815 	stlm   a,ar5
    8f3a:	8817 	stlm   a,ar7
    8f3b:	7710 	stm    #19,ar0
    8f3c:	0013 
    8f3d:	7711 	stm    #28,ar1
    8f3e:	001c 
    8f3f:	1184 	ld     *ar4,b
    8f40:	771a 	stm    #15,brc
    8f41:	000f 
    8f42:	f072 	rptb   0x8f69
    8f43:	8f69 
    8f44:	3063 	ld     DP+0x63,t
    8f45:	4812 	ldm    ar2,a
    8f46:	0213 	adds   DP+0x13,a
    8f47:	f46c 	sfta   a,12
    8f48:	0412 	add    DP+0x12,ts,a
    8f49:	0415 	add    DP+0x15,ts,a
    8f4a:	3c61 	add    DP+0x61,16,a
    8f4b:	8210 	sth    a,DP+0x10
    8f4c:	f0f4 	sftl   a,-12
    8f4d:	1860 	and    DP+0x60,a
    8f4e:	3065 	ld     DP+0x65,t
    8f4f:	6dde 	mar    *ar6+0%
    8f50:	340b 	bitt   DP+0x0b
    8f51:	f3e1 	sftl   b,1
    8f52:	1c60 	xor    DP+0x60,a
    8f53:	800e 	stl    a,DP+0x0e
    8f54:	1064 	ld     DP+0x64,a
    8f55:	0c62 	sub    DP+0x62,ts,a
    8f56:	1886 	and    *ar6,a
    8f57:	fd30 	xc     1,tc
    8f58:	0462 	add    DP+0x62,ts,a
    8f59:	80ce 	stl    a,*ar6-0%
    8f5a:	7719 	stm    #19,bk
    8f5b:	0013 
    8f5c:	7710 	stm    #19,ar0
    8f5d:	0013 
    8f5e:	6dd2 	mar    *ar2+%
    8f5f:	7719 	stm    #114,bk
    8f60:	0072 
    8f61:	f495 	nop    
    8f62:	6ddb 	mar    *ar3+0%
    8f63:	6dd7 	mar    *ar7+%
    8f64:	6017 	cmpm   DP+0x17,#0
    8f65:	0000 
    8f66:	7719 	stm    #176,bk
    8f67:	00b0 
    8f68:	fd30 	xc     1,tc
    8f69:	6d95 	mar    *ar5+
    8f6a:	6d94 	mar    *ar4+
    8f6b:	6c89 	banz   0x8f3f,*ar1-
    8f6c:	8f3f 
    8f6d:	8a15 	popm   ar5
    8f6e:	7710 	stm    #8,ar0
    8f6f:	0008 
    8f70:	6df5 	mar    *+ar5(0x7)%
    8f71:	0007 
    8f72:	771a 	stm    #3,brc
    8f73:	0003 
    8f74:	f072 	rptb   0x8f77
    8f75:	8f77 
    8f76:	68dd 	andm   #-2,*ar5+0%
    8f77:	fffe 
    8f78:	771a 	stm    #3,brc
    8f79:	0003 
    8f7a:	f072 	rptb   0x8f7d
    8f7b:	8f7d 
    8f7c:	68dd 	andm   #-4,*ar5+0%
    8f7d:	fffc 
    8f7e:	fc00 	ret    
    8f7f:	7719 	stm    #176,bk
    8f80:	00b0 
    8f81:	e752 	mvmm   ar5,ar2
    8f82:	6df2 	mar    *+ar2(0x7)%
    8f83:	0007 
    8f84:	6182 	bitf   *ar2,#2
    8f85:	0002 
    8f86:	fe20 	rcd    ntc
    8f87:	7714 	stm    #11200,ar4
    8f88:	2bc0 
    8f89:	6df2 	mar    *+ar2(0xfff9)%
    8f8a:	fff9 
    8f8b:	f272 	rptbd  0x8f8f
    8f8c:	8f8f 
    8f8d:	7710 	stm    #1,ar0
    8f8e:	0001 
    8f8f:	e5ca 	mvdd   *ar2+0%,*ar4+
    8f90:	7714 	stm    #11200,ar4
    8f91:	2bc0 
    8f92:	771a 	stm    #6,brc
    8f93:	0006 
    8f94:	f072 	rptb   0x8f97
    8f95:	8f97 
    8f96:	6894 	andm   #21845,*ar4+
    8f97:	5555 
    8f98:	6e89 	banzd  0x8f92,*ar1-
    8f99:	8f92 
    8f9a:	6894 	andm   #16386,*ar4+
    8f9b:	4002 
    8f9c:	fc00 	ret    
    8f9d:	6df5 	mar    *+ar5(0xffc0)%
    8f9e:	ffc0 
    8f9f:	6185 	bitf   *ar5,#2
    8fa0:	0002 
    8fa1:	fe20 	rcd    ntc
    8fa2:	7714 	stm    #11200,ar4
    8fa3:	2bc0 
    8fa4:	6df5 	mar    *+ar5(0xfff9)%
    8fa5:	fff9 
    8fa6:	f120 	ld     #-21846,b
    8fa7:	aaaa 
    8fa8:	771a 	stm    #6,brc
    8fa9:	0006 
    8faa:	f072 	rptb   0x8faf
    8fab:	8faf 
    8fac:	1085 	ld     *ar5,a
    8fad:	f280 	and    b,a
    8fae:	1a94 	or     *ar4+,a
    8faf:	80d5 	stl    a,*ar5+%
    8fb0:	1085 	ld     *ar5,a
    8fb1:	f030 	and    #-16385,a
    8fb2:	bfff 
    8fb3:	6e89 	banzd  0x8fa8,*ar1-
    8fb4:	8fa8 
    8fb5:	1a94 	or     *ar4+,a
    8fb6:	80d5 	stl    a,*ar5+%
    8fb7:	fc00 	ret    
    8fb8:	4a06 	pshm   st0
    8fb9:	4a07 	pshm   st1
    8fba:	ea00 	ld     #0,dp
    8fbb:	ed00 	ld     #0,asm
    8fbc:	f6b9 	rsbx   st1,ovm
    8fbd:	f6b8 	rsbx   st1,sxm
    8fbe:	f6b7 	rsbx   st1,c16
    8fbf:	f6b6 	rsbx   st1,frct
    8fc0:	7712 	stm    #17279,ar2
    8fc1:	437f 
    8fc2:	7713 	stm    #11258,ar3
    8fc3:	2bfa 
    8fc4:	ec07 	rpt    #7
    8fc5:	e589 	mvdd   *ar2+,*ar3+
    8fc6:	7712 	stm    #11258,ar2
    8fc7:	2bfa 
    8fc8:	7711 	stm    #7,ar1
    8fc9:	0007 
    8fca:	f274 	calld  0xa2c1
    8fcb:	a2c1 
    8fcc:	771a 	stm    #15,brc
    8fcd:	000f 
    8fce:	7712 	stm    #11258,ar2
    8fcf:	2bfa 
    8fd0:	7713 	stm    #16266,ar3
    8fd1:	3f8a 
    8fd2:	61e3 	bitf   *ar3(0x7),#1
    8fd3:	0007 
    8fd4:	0001 
    8fd5:	fa20 	bcd    0x8fde,ntc
    8fd6:	8fde 
    8fd7:	f120 	ld     #21845,b
    8fd8:	5555 
    8fd9:	e724 	mvmm   ar2,ar4
    8fda:	f074 	call   0x9009
    8fdb:	9009 
    8fdc:	f073 	b      0x8fe1
    8fdd:	8fe1 
    8fde:	e734 	mvmm   ar3,ar4
    8fdf:	f074 	call   0x9009
    8fe0:	9009 
    8fe1:	f030 	and    #32767,a
    8fe2:	7fff 
    8fe3:	8084 	stl    a,*ar4
    8fe4:	61e3 	bitf   *ar3(0x7),#2
    8fe5:	0007 
    8fe6:	0002 
    8fe7:	fa20 	bcd    0x8ff0,ntc
    8fe8:	8ff0 
    8fe9:	f120 	ld     #-21846,b
    8fea:	aaaa 
    8feb:	e724 	mvmm   ar2,ar4
    8fec:	f074 	call   0x9009
    8fed:	9009 
    8fee:	f073 	b      0x8ff3
    8fef:	8ff3 
    8ff0:	e734 	mvmm   ar3,ar4
    8ff1:	f074 	call   0x9009
    8ff2:	9009 
    8ff3:	f030 	and    #-16385,a
    8ff4:	bfff 
    8ff5:	8084 	stl    a,*ar4
    8ff6:	771a 	stm    #7,brc
    8ff7:	0007 
    8ff8:	f072 	rptb   0x8ffd
    8ff9:	8ffd 
    8ffa:	1092 	ld     *ar2+,a
    8ffb:	1183 	ld     *ar3,b
    8ffc:	f2a0 	or     b,a
    8ffd:	8093 	stl    a,*ar3+
    8ffe:	10e3 	ld     *ar3(0xffff),a
    8fff:	ffff 
    9000:	f030 	and    #-16381,a
    9001:	c003 
    9002:	f002 	add    #1,2,a
    9003:	0001 
    9004:	80e3 	stl    a,*ar3(0xffff)
    9005:	ffff 
    9006:	8a07 	popm   st1
    9007:	8a06 	popm   st0
    9008:	fc00 	ret    
    9009:	771a 	stm    #6,brc
    900a:	0006 
    900b:	f272 	rptbd  0x9011
    900c:	9011 
    900d:	1084 	ld     *ar4,a
    900e:	f495 	nop    
    900f:	f280 	and    b,a
    9010:	8094 	stl    a,*ar4+
    9011:	1084 	ld     *ar4,a
    9012:	fc00 	ret    
    9013:	7714 	stm    #96,ar4
    9014:	0060 
    9015:	4a15 	pshm   ar5
    9016:	f6b8 	rsbx   st1,sxm
    9017:	ed00 	ld     #0,asm
    9018:	7684 	st     #256,*ar4
    9019:	0100 
    901a:	770e 	stm    #256,t
    901b:	0100 
    901c:	f071 	rptz   a,#15
    901d:	000f 
    901e:	d02b 	st     a,*ar5+ || mac    *ar4,a
    901f:	8a15 	popm   ar5
    9020:	7719 	stm    #16,bk
    9021:	0010 
    9022:	f495 	nop    
    9023:	6ded 	mar    *+ar5(0x8)
    9024:	0008 
    9025:	30d5 	ld     *ar5+%,t
    9026:	7684 	st     #1,*ar4
    9027:	0001 
    9028:	4492 	ld     *ar2+,16,a
    9029:	f468 	sfta   a,8
    902a:	9088 	add    *ar2+,8,a
    902b:	6f82 	add    *ar2,-8,a
    902c:	0c18 
    902d:	771a 	stm    #7,brc
    902e:	0007 
    902f:	f072 	rptb   0x9037
    9030:	9037 
    9031:	3482 	bitt   *ar2
    9032:	f461 	sfta   a,1
    9033:	30d5 	ld     *ar5+%,t
    9034:	fd30 	xc     1,tc
    9035:	1a84 	or     *ar4,a
    9036:	fd0c 	xc     1,c
    9037:	f2c0 	xor    b,a
    9038:	6d92 	mar    *ar2+
    9039:	6e89 	banzd  0x902f,*ar1-
    903a:	902f 
    903b:	771a 	stm    #15,brc
    903c:	000f 
    903d:	7684 	st     #-1,*ar4
    903e:	ffff 
    903f:	4584 	ld     *ar4,16,b
    9040:	0184 	add    *ar4,b
    9041:	f768 	sfta   b,8
    9042:	6f84 	add    *ar4,-8,b
    9043:	0f18 
    9044:	f2c0 	xor    b,a
    9045:	fc00 	ret    
    9046:	7712 	stm    #2596,ar2
    9047:	0a24 
    9048:	7213 	mvdm   0x3d91,ar3
    9049:	3d91 
    904a:	10f8 	ld     *(0x3d92),a
    904b:	3d92 
    904c:	e901 	ld     #1,b
    904d:	01f8 	add    *(0x3d92),b
    904e:	3d92 
    904f:	f330 	and    #1,b
    9050:	0001 
    9051:	81f8 	stl    b,*(0x3d92)
    9052:	3d92 
    9053:	771a 	stm    #7,brc
    9054:	0007 
    9055:	f273 	bd     0x9095
    9056:	9095 
    9057:	7719 	stm    #64,bk
    9058:	0040 
    9059:	7712 	stm    #2596,ar2
    905a:	0a24 
    905b:	7213 	mvdm   0x3d97,ar3
    905c:	3d97 
    905d:	7715 	stm    #15768,ar5
    905e:	3d98 
    905f:	61f8 	bitf   *(0x3fab),#256
    9060:	3fab 
    9061:	0100 
    9062:	f820 	bc     0x906a,ntc
    9063:	906a 
    9064:	7712 	stm    #2414,ar2
    9065:	096e 
    9066:	7213 	mvdm   0x3d99,ar3
    9067:	3d99 
    9068:	7715 	stm    #15770,ar5
    9069:	3d9a 
    906a:	1085 	ld     *ar5,a
    906b:	e901 	ld     #1,b
    906c:	0185 	add    *ar5,b
    906d:	f330 	and    #1,b
    906e:	0001 
    906f:	8185 	stl    b,*ar5
    9070:	771a 	stm    #3,brc
    9071:	0003 
    9072:	f273 	bd     0x9095
    9073:	9095 
    9074:	7719 	stm    #48,bk
    9075:	0030 
    9076:	7712 	stm    #2596,ar2
    9077:	0a24 
    9078:	7213 	mvdm   0x3d93,ar3
    9079:	3d93 
    907a:	7715 	stm    #15764,ar5
    907b:	3d94 
    907c:	61f8 	bitf   *(0x3fab),#256
    907d:	3fab 
    907e:	0100 
    907f:	f820 	bc     0x9087,ntc
    9080:	9087 
    9081:	7712 	stm    #2414,ar2
    9082:	096e 
    9083:	7213 	mvdm   0x3d95,ar3
    9084:	3d95 
    9085:	7715 	stm    #15766,ar5
    9086:	3d96 
    9087:	1085 	ld     *ar5,a
    9088:	6b85 	addm   #1,*ar5
    9089:	0001 
    908a:	f110 	sub    #5,a,b
    908b:	0005 
    908c:	771a 	stm    #21,brc
    908d:	0015 
    908e:	ff4a 	xc     2,bgeq
    908f:	7685 	st     #0,*ar5
    9090:	0000 
    9091:	f273 	bd     0x9095
    9092:	9095 
    9093:	7719 	stm    #176,bk
    9094:	00b0 
    9095:	f000 	add    #2,a
    9096:	0002 
    9097:	880e 	stlm   a,t
    9098:	7710 	stm    #8,ar0
    9099:	0008 
    909a:	6ddb 	mar    *ar3+0%
    909b:	6dc3 	mar    *ar3-%
    909c:	6182 	bitf   *ar2,#-32768
    909d:	8000 
    909e:	e801 	ld     #1,a
    909f:	f48f 	norm   a
    90a0:	f820 	bc     0x90a8,ntc
    90a1:	90a8 
    90a2:	f072 	rptb   0x90a6
    90a3:	90a6 
    90a4:	1183 	ld     *ar3,b
    90a5:	f1a0 	or     a,b
    90a6:	81db 	stl    b,*ar3+0%
    90a7:	fc00 	ret    
    90a8:	f272 	rptbd  0x90ae
    90a9:	90ae 
    90aa:	f050 	xor    #65535,a
    90ab:	ffff 
    90ac:	1183 	ld     *ar3,b
    90ad:	f180 	and    a,b
    90ae:	81db 	stl    b,*ar3+0%
    90af:	fc00 	ret    
    90b0:	760e 	st     #16896,DP+0x0e
    90b1:	4200 
    90b2:	7711 	stm    #16896,ar1
    90b3:	4200 
    90b4:	f273 	bd     0x8866
    90b5:	8866 
    90b6:	771a 	stm    #115,brc
    90b7:	0073 
    90b8:	7608 	st     #0,DP+0x08
    90b9:	0000 
    90ba:	7711 	stm    #15744,ar1
    90bb:	3d80 
    90bc:	f274 	calld  0x8866
    90bd:	8866 
    90be:	771a 	stm    #3,brc
    90bf:	0003 
    90c0:	7609 	st     #19712,DP+0x09
    90c1:	4d00 
    90c2:	7711 	stm    #19712,ar1
    90c3:	4d00 
    90c4:	f273 	bd     0x8866
    90c5:	8866 
    90c6:	771a 	stm    #231,brc
    90c7:	00e7 
    90c8:	61f8 	bitf   *(0x3fae),#256
    90c9:	3fae 
    90ca:	0100 
    90cb:	f830 	bc     0x90dd,tc
    90cc:	90dd 
    90cd:	7608 	st     #0,DP+0x08
    90ce:	0000 
    90cf:	7711 	stm    #15744,ar1
    90d0:	3d80 
    90d1:	f274 	calld  0x8866
    90d2:	8866 
    90d3:	771a 	stm    #3,brc
    90d4:	0003 
    90d5:	760c 	st     #19712,DP+0x0c
    90d6:	4d00 
    90d7:	771a 	stm    #173,brc
    90d8:	00ad 
    90d9:	f273 	bd     0x8866
    90da:	8866 
    90db:	7711 	stm    #19712,ar1
    90dc:	4d00 
    90dd:	760f 	st     #0,DP+0x0f
    90de:	0000 
    90df:	7711 	stm    #15748,ar1
    90e0:	3d84 
    90e1:	f274 	calld  0x8866
    90e2:	8866 
    90e3:	771a 	stm    #3,brc
    90e4:	0003 
    90e5:	760d 	st     #19712,DP+0x0d
    90e6:	4d00 
    90e7:	771a 	stm    #173,brc
    90e8:	00ad 
    90e9:	f273 	bd     0x8866
    90ea:	8866 
    90eb:	7711 	stm    #19712,ar1
    90ec:	4d00 
    90ed:	61f8 	bitf   *(0x3fae),#256
    90ee:	3fae 
    90ef:	0100 
    90f0:	f830 	bc     0x9102,tc
    90f1:	9102 
    90f2:	7608 	st     #0,DP+0x08
    90f3:	0000 
    90f4:	7711 	stm    #15744,ar1
    90f5:	3d80 
    90f6:	f274 	calld  0x8866
    90f7:	8866 
    90f8:	771a 	stm    #3,brc
    90f9:	0003 
    90fa:	760a 	st     #19456,DP+0x0a
    90fb:	4c00 
    90fc:	771a 	stm    #637,brc
    90fd:	027d 
    90fe:	f273 	bd     0x8866
    90ff:	8866 
    9100:	7711 	stm    #19456,ar1
    9101:	4c00 
    9102:	760f 	st     #0,DP+0x0f
    9103:	0000 
    9104:	7711 	stm    #15748,ar1
    9105:	3d84 
    9106:	f274 	calld  0x8866
    9107:	8866 
    9108:	771a 	stm    #3,brc
    9109:	0003 
    910a:	760b 	st     #19456,DP+0x0b
    910b:	4c00 
    910c:	771a 	stm    #637,brc
    910d:	027d 
    910e:	f273 	bd     0x8866
    910f:	8866 
    9110:	7711 	stm    #19456,ar1
    9111:	4c00 
    9112:	7712 	stm    #11495,ar2
    9113:	2ce7 
    9114:	7213 	mvdm   0x3d89,ar3
    9115:	3d89 
    9116:	771a 	stm    #231,brc
    9117:	00e7 
    9118:	f273 	bd     0x9146
    9119:	9146 
    911a:	7719 	stm    #232,bk
    911b:	00e8 
    911c:	7712 	stm    #11495,ar2
    911d:	2ce7 
    911e:	7213 	mvdm   0x3d8a,ar3
    911f:	3d8a 
    9120:	771a 	stm    #231,brc
    9121:	00e7 
    9122:	f273 	bd     0x9146
    9123:	9146 
    9124:	7719 	stm    #638,bk
    9125:	027e 
    9126:	7712 	stm    #11437,ar2
    9127:	2cad 
    9128:	61f8 	bitf   *(0x3fae),#256
    9129:	3fae 
    912a:	0100 
    912b:	7213 	mvdm   0x3d8a,ar3
    912c:	3d8a 
    912d:	ff30 	xc     2,tc
    912e:	7213 	mvdm   0x3d8b,ar3
    912f:	3d8b 
    9130:	771a 	stm    #173,brc
    9131:	00ad 
    9132:	f273 	bd     0x9146
    9133:	9146 
    9134:	7719 	stm    #638,bk
    9135:	027e 
    9136:	7712 	stm    #11437,ar2
    9137:	2cad 
    9138:	61f8 	bitf   *(0x3fae),#256
    9139:	3fae 
    913a:	0100 
    913b:	7213 	mvdm   0x3d8c,ar3
    913c:	3d8c 
    913d:	ff30 	xc     2,tc
    913e:	7213 	mvdm   0x3d8d,ar3
    913f:	3d8d 
    9140:	771a 	stm    #173,brc
    9141:	00ad 
    9142:	f273 	bd     0x9146
    9143:	9146 
    9144:	7719 	stm    #174,bk
    9145:	00ae 
    9146:	6dc3 	mar    *ar3-%
    9147:	7710 	stm    #-1,ar0
    9148:	ffff 
    9149:	f072 	rptb   0x914b
    914a:	914b 
    914b:	e5d4 	mvdd   *ar3+0%,*ar2-
    914c:	fc00 	ret    
    914d:	10f8 	ld     *(0x3faf),a
    914e:	3faf 
    914f:	f845 	bc     0x9169,aeq
    9150:	9169 
    9151:	f010 	sub    #1,a
    9152:	0001 
    9153:	f845 	bc     0x9176,aeq
    9154:	9176 
    9155:	f010 	sub    #1,a
    9156:	0001 
    9157:	f845 	bc     0x9196,aeq
    9158:	9196 
    9159:	7719 	stm    #116,bk
    915a:	0074 
    915b:	7212 	mvdm   0x3d8e,ar2
    915c:	3d8e 
    915d:	7713 	stm    #3279,ar3
    915e:	0ccf 
    915f:	7710 	stm    #1,ar0
    9160:	0001 
    9161:	771a 	stm    #28,brc
    9162:	001c 
    9163:	f072 	rptb   0x9165
    9164:	9165 
    9165:	e59c 	mvdd   *ar3+,*ar2+0%
    9166:	700e 	mvkd   0x12,DP+0x0e
    9167:	0012 
    9168:	fc00 	ret    
    9169:	7212 	mvdm   0x3d89,ar2
    916a:	3d89 
    916b:	7714 	stm    #15752,ar4
    916c:	3d88 
    916d:	7715 	stm    #15744,ar5
    916e:	3d80 
    916f:	f274 	calld  0x91b6
    9170:	91b6 
    9171:	7719 	stm    #232,bk
    9172:	00e8 
    9173:	7009 	mvkd   0x12,DP+0x09
    9174:	0012 
    9175:	fc00 	ret    
    9176:	7212 	mvdm   0x3d8a,ar2
    9177:	3d8a 
    9178:	7714 	stm    #15752,ar4
    9179:	3d88 
    917a:	7715 	stm    #15744,ar5
    917b:	3d80 
    917c:	61f8 	bitf   *(0x3fae),#256
    917d:	3fae 
    917e:	0100 
    917f:	f820 	bc     0x9187,ntc
    9180:	9187 
    9181:	7212 	mvdm   0x3d8b,ar2
    9182:	3d8b 
    9183:	7714 	stm    #15759,ar4
    9184:	3d8f 
    9185:	7715 	stm    #15748,ar5
    9186:	3d84 
    9187:	f274 	calld  0x91b6
    9188:	91b6 
    9189:	7719 	stm    #638,bk
    918a:	027e 
    918b:	61f8 	bitf   *(0x3fae),#256
    918c:	3fae 
    918d:	0100 
    918e:	f830 	bc     0x9193,tc
    918f:	9193 
    9190:	700a 	mvkd   0x12,DP+0x0a
    9191:	0012 
    9192:	fc00 	ret    
    9193:	700b 	mvkd   0x12,DP+0x0b
    9194:	0012 
    9195:	fc00 	ret    
    9196:	7212 	mvdm   0x3d8c,ar2
    9197:	3d8c 
    9198:	7714 	stm    #15752,ar4
    9199:	3d88 
    919a:	7715 	stm    #15744,ar5
    919b:	3d80 
    919c:	61f8 	bitf   *(0x3fae),#256
    919d:	3fae 
    919e:	0100 
    919f:	f820 	bc     0x91a7,ntc
    91a0:	91a7 
    91a1:	7212 	mvdm   0x3d8d,ar2
    91a2:	3d8d 
    91a3:	7714 	stm    #15759,ar4
    91a4:	3d8f 
    91a5:	7715 	stm    #15748,ar5
    91a6:	3d84 
    91a7:	f274 	calld  0x91b6
    91a8:	91b6 
    91a9:	7719 	stm    #174,bk
    91aa:	00ae 
    91ab:	61f8 	bitf   *(0x3fae),#256
    91ac:	3fae 
    91ad:	0100 
    91ae:	f830 	bc     0x91b3,tc
    91af:	91b3 
    91b0:	700c 	mvkd   0x12,DP+0x0c
    91b1:	0012 
    91b2:	fc00 	ret    
    91b3:	700d 	mvkd   0x12,DP+0x0d
    91b4:	0012 
    91b5:	fc00 	ret    
    91b6:	7713 	stm    #3278,ar3
    91b7:	0cce 
    91b8:	969f 	bit    *ar3+,15
    91b9:	1084 	ld     *ar4,a
    91ba:	f492 	roltc  a
    91bb:	8084 	stl    a,*ar4
    91bc:	7710 	stm    #1,ar0
    91bd:	0001 
    91be:	771a 	stm    #27,brc
    91bf:	001b 
    91c0:	f072 	rptb   0x91c2
    91c1:	91c2 
    91c2:	e59c 	mvdd   *ar3+,*ar2+0%
    91c3:	e51c 	mvdd   *ar3,*ar2+0%
    91c4:	5695 	dld    *ar5+,a
    91c5:	f0e8 	sftl   a,8
    91c6:	138d 	ldu    *ar5-,b
    91c7:	f2b8 	or     b,-8,a
    91c8:	6d8d 	mar    *ar5-
    91c9:	4e95 	dst    a,*ar5+
    91ca:	5785 	dld    *ar5,b
    91cb:	e8ff 	ld     #255,a
    91cc:	1883 	and    *ar3,a
    91cd:	f2a8 	or     b,8,a
    91ce:	4e85 	dst    a,*ar5
    91cf:	fc00 	ret    
    91d0:	f074 	call   0x922b
    91d1:	922b 
    91d2:	5692 	dld    *ar2+,a
    91d3:	f0fc 	sftl   a,-4
    91d4:	771a 	stm    #3,brc
    91d5:	0003 
    91d6:	f072 	rptb   0x91d9
    91d7:	91d9 
    91d8:	f074 	call   0x9240
    91d9:	9240 
    91da:	5682 	dld    *ar2,a
    91db:	771a 	stm    #3,brc
    91dc:	0003 
    91dd:	f072 	rptb   0x91e0
    91de:	91e0 
    91df:	f074 	call   0x9240
    91e0:	9240 
    91e1:	10e3 	ld     *ar3(0x1),a
    91e2:	0001 
    91e3:	08f8 	sub    *(0xc79),a
    91e4:	0c79 
    91e5:	fc46 	rc     agt
    91e6:	6910 	orm    #256,DP+0x10
    91e7:	0100 
    91e8:	fc00 	ret    
    91e9:	f074 	call   0x922b
    91ea:	922b 
    91eb:	5692 	dld    *ar2+,a
    91ec:	f0fc 	sftl   a,-4
    91ed:	771a 	stm    #1,brc
    91ee:	0001 
    91ef:	f072 	rptb   0x91f2
    91f0:	91f2 
    91f1:	f074 	call   0x9240
    91f2:	9240 
    91f3:	5682 	dld    *ar2,a
    91f4:	771a 	stm    #3,brc
    91f5:	0003 
    91f6:	f072 	rptb   0x91f9
    91f7:	91f9 
    91f8:	f074 	call   0x9240
    91f9:	9240 
    91fa:	1082 	ld     *ar2,a
    91fb:	f0fc 	sftl   a,-4
    91fc:	771a 	stm    #1,brc
    91fd:	0001 
    91fe:	f072 	rptb   0x9201
    91ff:	9201 
    9200:	f074 	call   0x9240
    9201:	9240 
    9202:	10e3 	ld     *ar3(0x1),a
    9203:	0001 
    9204:	08f8 	sub    *(0xc79),a
    9205:	0c79 
    9206:	fc46 	rc     agt
    9207:	6910 	orm    #256,DP+0x10
    9208:	0100 
    9209:	fc00 	ret    
    920a:	f074 	call   0x922b
    920b:	922b 
    920c:	6dea 	mar    *+ar2(0x2)
    920d:	0002 
    920e:	5682 	dld    *ar2,a
    920f:	f0fc 	sftl   a,-4
    9210:	771a 	stm    #3,brc
    9211:	0003 
    9212:	f072 	rptb   0x9215
    9213:	9215 
    9214:	f074 	call   0x9240
    9215:	9240 
    9216:	5682 	dld    *ar2,a
    9217:	771a 	stm    #1,brc
    9218:	0001 
    9219:	f072 	rptb   0x921c
    921a:	921c 
    921b:	f074 	call   0x9240
    921c:	9240 
    921d:	10e3 	ld     *ar3(0x1),a
    921e:	0001 
    921f:	6ff8 	ld     *(0xc79),2,b
    9220:	0c79 
    9221:	0d42 
    9222:	6ff8 	add    *(0xc79),1,b
    9223:	0c79 
    9224:	0f01 
    9225:	f77d 	sfta   b,-3
    9226:	f620 	sub    b,a
    9227:	fc46 	rc     agt
    9228:	6910 	orm    #512,DP+0x10
    9229:	0200 
    922a:	fc00 	ret    
    922b:	7713 	stm    #11264,ar3
    922c:	2c00 
    922d:	7693 	st     #15,*ar3+
    922e:	000f 
    922f:	7693 	st     #0,*ar3+
    9230:	0000 
    9231:	7712 	stm    #-9065,ar2
    9232:	dc97 
    9233:	ec0f 	rpt    #15
    9234:	e589 	mvdd   *ar2+,*ar3+
    9235:	7713 	stm    #11264,ar3
    9236:	2c00 
    9237:	61f8 	bitf   *(0x3fae),#256
    9238:	3fae 
    9239:	0100 
    923a:	7712 	stm    #15744,ar2
    923b:	3d80 
    923c:	ff30 	xc     2,tc
    923d:	7712 	stm    #15748,ar2
    923e:	3d84 
    923f:	fc00 	ret    
    9240:	f1e0 	sftl   a,0,b
    9241:	1993 	and    *ar3+,b
    9242:	8910 	stlm   b,ar0
    9243:	1193 	ld     *ar3+,b
    9244:	f0f8 	sftl   a,-8
    9245:	6db3 	mar    *ar3+0
    9246:	01ab 	add    *ar3-0,b
    9247:	fe00 	retd   
    9248:	6d8b 	mar    *ar3-
    9249:	818b 	stl    b,*ar3-
    924a:	4a06 	pshm   st0
    924b:	4a07 	pshm   st1
    924c:	ea00 	ld     #0,dp
    924d:	ed00 	ld     #0,asm
    924e:	f6b9 	rsbx   st1,ovm
    924f:	f7b8 	ssbx   st1,sxm
    9250:	f6b7 	rsbx   st1,c16
    9251:	f6b6 	rsbx   st1,frct
    9252:	f7b8 	ssbx   st1,sxm
    9253:	7716 	stm    #1,ar6
    9254:	0001 
    9255:	7719 	stm    #232,bk
    9256:	00e8 
    9257:	7213 	mvdm   0x3d89,ar3
    9258:	3d89 
    9259:	f274 	calld  0x99ef
    925a:	99ef 
    925b:	7714 	stm    #10752,ar4
    925c:	2a00 
    925d:	f7b7 	ssbx   st1,c16
    925e:	7711 	stm    #10752,ar1
    925f:	2a00 
    9260:	7716 	stm    #11394,ar6
    9261:	2c82 
    9262:	7717 	stm    #11586,ar7
    9263:	2d42 
    9264:	7719 	stm    #32,bk
    9265:	0020 
    9266:	7710 	stm    #9,ar0
    9267:	0009 
    9268:	7715 	stm    #11264,ar5
    9269:	2c00 
    926a:	7714 	stm    #11280,ar4
    926b:	2c10 
    926c:	7713 	stm    #11288,ar3
    926d:	2c18 
    926e:	7695 	st     #0,*ar5+
    926f:	0000 
    9270:	f020 	ld     #-8192,a
    9271:	e000 
    9272:	ec0e 	rpt    #14
    9273:	8095 	stl    a,*ar5+
    9274:	6ded 	mar    *+ar5(0xfff0)
    9275:	fff0 
    9276:	771a 	stm    #28,brc
    9277:	001c 
    9278:	f274 	calld  0x9a78
    9279:	9a78 
    927a:	7660 	st     #1,DP+0x60
    927b:	0001 
    927c:	771a 	stm    #132,brc
    927d:	0084 
    927e:	f274 	calld  0x9a78
    927f:	9a78 
    9280:	7660 	st     #0,DP+0x60
    9281:	0000 
    9282:	771a 	stm    #26,brc
    9283:	001a 
    9284:	f274 	calld  0x9a78
    9285:	9a78 
    9286:	7660 	st     #1,DP+0x60
    9287:	0001 
    9288:	7716 	stm    #2544,ar6
    9289:	09f0 
    928a:	7696 	st     #-15872,*ar6+
    928b:	c200 
    928c:	7086 	mvkd   0x2c10,*ar6
    928d:	2c10 
    928e:	7716 	stm    #11582,ar6
    928f:	2d3e 
    9290:	f071 	rptz   a,#6
    9291:	0006 
    9292:	809e 	stl    a,*+ar6
    9293:	7711 	stm    #11,ar1
    9294:	000b 
    9295:	f274 	calld  0x9aaf
    9296:	9aaf 
    9297:	7712 	stm    #11393,ar2
    9298:	2c81 
    9299:	f6b7 	rsbx   st1,c16
    929a:	ea00 	ld     #0,dp
    929b:	7712 	stm    #11382,ar2
    929c:	2c76 
    929d:	771a 	stm    #31,brc
    929e:	001f 
    929f:	f272 	rptbd  0x92a4
    92a0:	92a4 
    92a1:	4592 	ld     *ar2+,16,b
    92a2:	038a 	adds   *ar2-,b
    92a3:	f590 	ror    b
    92a4:	f491 	rol    a
    92a5:	7712 	stm    #11602,ar2
    92a6:	2d52 
    92a7:	7714 	stm    #10756,ar4
    92a8:	2a04 
    92a9:	7715 	stm    #11398,ar5
    92aa:	2c86 
    92ab:	7713 	stm    #11586,ar3
    92ac:	2d42 
    92ad:	7665 	st     #1,DP+0x65
    92ae:	0001 
    92af:	7661 	st     #-25812,DP+0x61
    92b0:	9b2c 
    92b1:	f274 	calld  0x9ad3
    92b2:	9ad3 
    92b3:	771a 	stm    #12,brc
    92b4:	000c 
    92b5:	7712 	stm    #11392,ar2
    92b6:	2c80 
    92b7:	771a 	stm    #31,brc
    92b8:	001f 
    92b9:	f272 	rptbd  0x92be
    92ba:	92be 
    92bb:	4592 	ld     *ar2+,16,b
    92bc:	038a 	adds   *ar2-,b
    92bd:	f590 	ror    b
    92be:	f491 	rol    a
    92bf:	7712 	stm    #11810,ar2
    92c0:	2e22 
    92c1:	7714 	stm    #11076,ar4
    92c2:	2b44 
    92c3:	7715 	stm    #11558,ar5
    92c4:	2d26 
    92c5:	7713 	stm    #11611,ar3
    92c6:	2d5b 
    92c7:	f274 	calld  0x9ad3
    92c8:	9ad3 
    92c9:	771a 	stm    #12,brc
    92ca:	000c 
    92cb:	f6b8 	rsbx   st1,sxm
    92cc:	7712 	stm    #11382,ar2
    92cd:	2c76 
    92ce:	7715 	stm    #11394,ar5
    92cf:	2c82 
    92d0:	7714 	stm    #11264,ar4
    92d1:	2c00 
    92d2:	f274 	calld  0x8eb0
    92d3:	8eb0 
    92d4:	7711 	stm    #11,ar1
    92d5:	000b 
    92d6:	7712 	stm    #11130,ar2
    92d7:	2b7a 
    92d8:	7713 	stm    #11264,ar3
    92d9:	2c00 
    92da:	ec05 	rpt    #5
    92db:	e589 	mvdd   *ar2+,*ar3+
    92dc:	6dea 	mar    *+ar2(0xfffa)
    92dd:	fffa 
    92de:	f071 	rptz   a,#5
    92df:	0005 
    92e0:	8092 	stl    a,*ar2+
    92e1:	f7b8 	ssbx   st1,sxm
    92e2:	7715 	stm    #10752,ar5
    92e3:	2a00 
    92e4:	7712 	stm    #11394,ar2
    92e5:	2c82 
    92e6:	7719 	stm    #8,bk
    92e7:	0008 
    92e8:	7714 	stm    #11248,ar4
    92e9:	2bf0 
    92ea:	f274 	calld  0xa0c9
    92eb:	a0c9 
    92ec:	7711 	stm    #23,ar1
    92ed:	0017 
    92ee:	7712 	stm    #11130,ar2
    92ef:	2b7a 
    92f0:	7713 	stm    #11264,ar3
    92f1:	2c00 
    92f2:	ec05 	rpt    #5
    92f3:	e598 	mvdd   *ar3+,*ar2+
    92f4:	7316 	mvmd   ar6,0x9f2
    92f5:	09f2 
    92f6:	7716 	stm    #11382,ar6
    92f7:	2c76 
    92f8:	7714 	stm    #2547,ar4
    92f9:	09f3 
    92fa:	7715 	stm    #11259,ar5
    92fb:	2bfb 
    92fc:	4a14 	pshm   ar4
    92fd:	f6b8 	rsbx   st1,sxm
    92fe:	e760 	mvmm   ar6,ar0
    92ff:	10e8 	ld     *+ar0(0xb),a
    9300:	000b 
    9301:	f0f9 	sftl   a,-7
    9302:	8080 	stl    a,*ar0
    9303:	7711 	stm    #5,ar1
    9304:	0005 
    9305:	7719 	stm    #16,bk
    9306:	0010 
    9307:	7712 	stm    #11264,ar2
    9308:	2c00 
    9309:	ed00 	ld     #0,asm
    930a:	7713 	stm    #96,ar3
    930b:	0060 
    930c:	7683 	st     #256,*ar3
    930d:	0100 
    930e:	770e 	stm    #256,t
    930f:	0100 
    9310:	f071 	rptz   a,#15
    9311:	000f 
    9312:	d018 	st     a,*ar2+ || mac    *ar3,a
    9313:	7712 	stm    #11264,ar2
    9314:	2c00 
    9315:	30d2 	ld     *ar2+%,t
    9316:	1088 	ld     *ar0-,a
    9317:	771a 	stm    #8,brc
    9318:	0008 
    9319:	f072 	rptb   0x931f
    931a:	931f 
    931b:	3486 	bitt   *ar6
    931c:	f592 	roltc  b
    931d:	30d2 	ld     *ar2+%,t
    931e:	f0ff 	sftl   a,-1
    931f:	f591 	rol    b
    9320:	1088 	ld     *ar0-,a
    9321:	771a 	stm    #6,brc
    9322:	0006 
    9323:	f072 	rptb   0x9329
    9324:	9329 
    9325:	3486 	bitt   *ar6
    9326:	f592 	roltc  b
    9327:	30d2 	ld     *ar2+%,t
    9328:	f0ff 	sftl   a,-1
    9329:	f591 	rol    b
    932a:	6d96 	mar    *ar6+
    932b:	6e89 	banzd  0x9317,*ar1-
    932c:	9317 
    932d:	8394 	sth    b,*ar4+
    932e:	8194 	stl    b,*ar4+
    932f:	f3f3 	sftl   b,-13
    9330:	6d90 	mar    *ar0+
    9331:	1080 	ld     *ar0,a
    9332:	f0ff 	sftl   a,-1
    9333:	f591 	rol    b
    9334:	f0ee 	sftl   a,14
    9335:	f0ee 	sftl   a,14
    9336:	f591 	rol    b
    9337:	f0f0 	sftl   a,-16
    9338:	f0f3 	sftl   a,-13
    9339:	f591 	rol    b
    933a:	6d8c 	mar    *ar4-
    933b:	992a 	stl    b,10,*ar4
    933c:	8a14 	popm   ar4
    933d:	f495 	nop    
    933e:	ec03 	rpt    #3
    933f:	e5ab 	mvdd   *ar4+,*ar5+
    9340:	6d8d 	mar    *ar5-
    9341:	1185 	ld     *ar5,b
    9342:	f330 	and    #-16384,b
    9343:	c000 
    9344:	f1ab 	or     a,11,b
    9345:	8185 	stl    b,*ar5
    9346:	f162 	ld     #24576,16,b
    9347:	6000 
    9348:	f4bc 	rsbx   st0,tc
    9349:	f274 	calld  0xa23f
    934a:	a23f 
    934b:	7712 	stm    #11259,ar2
    934c:	2bfb 
    934d:	f844 	bc     0x9352,aneq
    934e:	9352 
    934f:	76f8 	st     #0,*(0x2bf8)
    9350:	2bf8 
    9351:	0000 
    9352:	f845 	bc     0x9357,aeq
    9353:	9357 
    9354:	76f8 	st     #1,*(0x2bf8)
    9355:	2bf8 
    9356:	0001 
    9357:	61f8 	bitf   *(0x3fad),#128
    9358:	3fad 
    9359:	0080 
    935a:	fa20 	bcd    0x9378,ntc
    935b:	9378 
    935c:	7712 	stm    #11130,ar2
    935d:	2b7a 
    935e:	f7b8 	ssbx   st1,sxm
    935f:	f274 	calld  0xa1ae
    9360:	a1ae 
    9361:	7713 	stm    #11130,ar3
    9362:	2b7a 
    9363:	f6b8 	rsbx   st1,sxm
    9364:	7712 	stm    #2547,ar2
    9365:	09f3 
    9366:	f274 	calld  0xa275
    9367:	a275 
    9368:	7713 	stm    #11264,ar3
    9369:	2c00 
    936a:	11f8 	ld     *(0x9f7),b
    936b:	09f7 
    936c:	f330 	and    #-32641,b
    936d:	807f 
    936e:	fa44 	bcd    0x9378,aneq
    936f:	9378 
    9370:	81f8 	stl    b,*(0x9f7)
    9371:	09f7 
    9372:	11f8 	ld     *(0x9f0),b
    9373:	09f0 
    9374:	f310 	sub    #512,b
    9375:	0200 
    9376:	81f8 	stl    b,*(0x9f0)
    9377:	09f0 
    9378:	7712 	stm    #2558,ar2
    9379:	09fe 
    937a:	7713 	stm    #11130,ar3
    937b:	2b7a 
    937c:	1182 	ld     *ar2,b
    937d:	f3f6 	sftl   b,-10
    937e:	f3e4 	sftl   b,4
    937f:	7711 	stm    #2,ar1
    9380:	0002 
    9381:	771a 	stm    #21,brc
    9382:	0015 
    9383:	f072 	rptb   0x9387
    9384:	9387 
    9385:	4493 	ld     *ar3+,16,a
    9386:	f0e1 	sftl   a,1
    9387:	f591 	rol    b
    9388:	771a 	stm    #31,brc
    9389:	001f 
    938a:	6e89 	banzd  0x9383,*ar1-
    938b:	9383 
    938c:	8392 	sth    b,*ar2+
    938d:	8192 	stl    b,*ar2+
    938e:	6d8a 	mar    *ar2-
    938f:	6882 	andm   #-256,*ar2
    9390:	ff00 
    9391:	f7b8 	ssbx   st1,sxm
    9392:	f074 	call   0xa2fb
    9393:	a2fb 
    9394:	61f8 	bitf   *(0x3fad),#128
    9395:	3fad 
    9396:	0080 
    9397:	f820 	bc     0x939d,ntc
    9398:	939d 
    9399:	f074 	call   0xa1ff
    939a:	a1ff 
    939b:	f073 	b      0x939f
    939c:	939f 
    939d:	f074 	call   0xa1b9
    939e:	a1b9 
    939f:	8a07 	popm   st1
    93a0:	8a06 	popm   st0
    93a1:	fc00 	ret    
    93a2:	4a06 	pshm   st0
    93a3:	4a07 	pshm   st1
    93a4:	ea00 	ld     #0,dp
    93a5:	ed00 	ld     #0,asm
    93a6:	f6b9 	rsbx   st1,ovm
    93a7:	f7b8 	ssbx   st1,sxm
    93a8:	f6b7 	rsbx   st1,c16
    93a9:	f6b6 	rsbx   st1,frct
    93aa:	7216 	mvdm   0x3d8a,ar6
    93ab:	3d8a 
    93ac:	f7b8 	ssbx   st1,sxm
    93ad:	f274 	calld  0x9f95
    93ae:	9f95 
    93af:	7714 	stm    #10752,ar4
    93b0:	2a00 
    93b1:	7713 	stm    #11207,ar3
    93b2:	2bc7 
    93b3:	7715 	stm    #11243,ar5
    93b4:	2beb 
    93b5:	7714 	stm    #11797,ar4
    93b6:	2e15 
    93b7:	e800 	ld     #0,a
    93b8:	808c 	stl    a,*ar4-
    93b9:	e556 	mvdd   *ar3-,*ar4-
    93ba:	e556 	mvdd   *ar3-,*ar4-
    93bb:	808c 	stl    a,*ar4-
    93bc:	771a 	stm    #4,brc
    93bd:	0004 
    93be:	f272 	rptbd  0x93cd
    93bf:	93cd 
    93c0:	e556 	mvdd   *ar3-,*ar4-
    93c1:	808c 	stl    a,*ar4-
    93c2:	ec03 	rpt    #3
    93c3:	e556 	mvdd   *ar3-,*ar4-
    93c4:	808c 	stl    a,*ar4-
    93c5:	ec02 	rpt    #2
    93c6:	e556 	mvdd   *ar3-,*ar4-
    93c7:	808c 	stl    a,*ar4-
    93c8:	ec02 	rpt    #2
    93c9:	e556 	mvdd   *ar3-,*ar4-
    93ca:	808c 	stl    a,*ar4-
    93cb:	ec03 	rpt    #3
    93cc:	e556 	mvdd   *ar3-,*ar4-
    93cd:	808c 	stl    a,*ar4-
    93ce:	771a 	stm    #26,brc
    93cf:	001a 
    93d0:	f272 	rptbd  0x93df
    93d1:	93df 
    93d2:	e754 	mvmm   ar5,ar4
    93d3:	f495 	nop    
    93d4:	ec03 	rpt    #3
    93d5:	e556 	mvdd   *ar3-,*ar4-
    93d6:	808c 	stl    a,*ar4-
    93d7:	ec02 	rpt    #2
    93d8:	e556 	mvdd   *ar3-,*ar4-
    93d9:	808c 	stl    a,*ar4-
    93da:	ec02 	rpt    #2
    93db:	e556 	mvdd   *ar3-,*ar4-
    93dc:	808c 	stl    a,*ar4-
    93dd:	ec03 	rpt    #3
    93de:	e556 	mvdd   *ar3-,*ar4-
    93df:	808c 	stl    a,*ar4-
    93e0:	ec03 	rpt    #3
    93e1:	e556 	mvdd   *ar3-,*ar4-
    93e2:	8084 	stl    a,*ar4
    93e3:	f7b7 	ssbx   st1,c16
    93e4:	7711 	stm    #10752,ar1
    93e5:	2a00 
    93e6:	7716 	stm    #11394,ar6
    93e7:	2c82 
    93e8:	7719 	stm    #32,bk
    93e9:	0020 
    93ea:	7710 	stm    #9,ar0
    93eb:	0009 
    93ec:	7715 	stm    #11264,ar5
    93ed:	2c00 
    93ee:	7714 	stm    #11280,ar4
    93ef:	2c10 
    93f0:	7713 	stm    #11288,ar3
    93f1:	2c18 
    93f2:	7695 	st     #0,*ar5+
    93f3:	0000 
    93f4:	f020 	ld     #-8192,a
    93f5:	e000 
    93f6:	ec0e 	rpt    #14
    93f7:	8095 	stl    a,*ar5+
    93f8:	6ded 	mar    *+ar5(0xfff0)
    93f9:	fff0 
    93fa:	7660 	st     #0,DP+0x60
    93fb:	0000 
    93fc:	7711 	stm    #10752,ar1
    93fd:	2a00 
    93fe:	f274 	calld  0x9a78
    93ff:	9a78 
    9400:	771a 	stm    #245,brc
    9401:	00f5 
    9402:	7711 	stm    #11702,ar1
    9403:	2db6 
    9404:	f274 	calld  0x9a78
    9405:	9a78 
    9406:	771a 	stm    #47,brc
    9407:	002f 
    9408:	7712 	stm    #2544,ar2
    9409:	09f0 
    940a:	7692 	st     #-16384,*ar2+
    940b:	c000 
    940c:	7082 	mvkd   0x2c00,*ar2
    940d:	2c00 
    940e:	7716 	stm    #11687,ar6
    940f:	2da7 
    9410:	f071 	rptz   a,#13
    9411:	000d 
    9412:	809e 	stl    a,*+ar6
    9413:	7712 	stm    #2547,ar2
    9414:	09f3 
    9415:	6b12 	addm   #18,DP+0x12
    9416:	0012 
    9417:	f274 	calld  0x9aaf
    9418:	9aaf 
    9419:	7711 	stm    #18,ar1
    941a:	0012 
    941b:	f6b7 	rsbx   st1,c16
    941c:	f6b8 	rsbx   st1,sxm
    941d:	7712 	stm    #2547,ar2
    941e:	09f3 
    941f:	7715 	stm    #11394,ar5
    9420:	2c82 
    9421:	7714 	stm    #11264,ar4
    9422:	2c00 
    9423:	f274 	calld  0x8eb0
    9424:	8eb0 
    9425:	7711 	stm    #18,ar1
    9426:	0012 
    9427:	7712 	stm    #11798,ar2
    9428:	2e16 
    9429:	f071 	rptz   a,#3
    942a:	0003 
    942b:	8092 	stl    a,*ar2+
    942c:	7712 	stm    #11702,ar2
    942d:	2db6 
    942e:	7715 	stm    #11244,ar5
    942f:	2bec 
    9430:	ec03 	rpt    #3
    9431:	e58b 	mvdd   *ar2+,*ar5+
    9432:	f7b8 	ssbx   st1,sxm
    9433:	7715 	stm    #10752,ar5
    9434:	2a00 
    9435:	7712 	stm    #11394,ar2
    9436:	2c82 
    9437:	7719 	stm    #1,bk
    9438:	0001 
    9439:	7714 	stm    #11248,ar4
    943a:	2bf0 
    943b:	f274 	calld  0xa0c9
    943c:	a0c9 
    943d:	7711 	stm    #30,ar1
    943e:	001e 
    943f:	6d8a 	mar    *ar2-
    9440:	7715 	stm    #11706,ar5
    9441:	2dba 
    9442:	f274 	calld  0xa0ce
    9443:	a0ce 
    9444:	7711 	stm    #5,ar1
    9445:	0005 
    9446:	7316 	mvmd   ar6,0x9f2
    9447:	09f2 
    9448:	7712 	stm    #2547,ar2
    9449:	09f3 
    944a:	7711 	stm    #18,ar1
    944b:	0012 
    944c:	f274 	calld  0xa2c1
    944d:	a2c1 
    944e:	771a 	stm    #15,brc
    944f:	000f 
    9450:	8a07 	popm   st1
    9451:	8a06 	popm   st0
    9452:	fc00 	ret    
    9453:	4a06 	pshm   st0
    9454:	4a07 	pshm   st1
    9455:	ea00 	ld     #0,dp
    9456:	ed00 	ld     #0,asm
    9457:	f6b9 	rsbx   st1,ovm
    9458:	f7b8 	ssbx   st1,sxm
    9459:	f6b7 	rsbx   st1,c16
    945a:	f6b6 	rsbx   st1,frct
    945b:	61f8 	bitf   *(0x3fae),#256
    945c:	3fae 
    945d:	0100 
    945e:	7216 	mvdm   0x3d8a,ar6
    945f:	3d8a 
    9460:	ff30 	xc     2,tc
    9461:	7216 	mvdm   0x3d8b,ar6
    9462:	3d8b 
    9463:	f7b8 	ssbx   st1,sxm
    9464:	f274 	calld  0x9f95
    9465:	9f95 
    9466:	7714 	stm    #10752,ar4
    9467:	2a00 
    9468:	7713 	stm    #11207,ar3
    9469:	2bc7 
    946a:	7714 	stm    #11239,ar4
    946b:	2be7 
    946c:	ec0a 	rpt    #10
    946d:	e556 	mvdd   *ar3-,*ar4-
    946e:	771a 	stm    #30,brc
    946f:	001e 
    9470:	f272 	rptbd  0x9477
    9471:	9477 
    9472:	768c 	st     #0,*ar4-
    9473:	0000 
    9474:	ec0d 	rpt    #13
    9475:	e556 	mvdd   *ar3-,*ar4-
    9476:	768c 	st     #0,*ar4-
    9477:	0000 
    9478:	f7b7 	ssbx   st1,c16
    9479:	7711 	stm    #10752,ar1
    947a:	2a00 
    947b:	7716 	stm    #11394,ar6
    947c:	2c82 
    947d:	7719 	stm    #32,bk
    947e:	0020 
    947f:	7710 	stm    #9,ar0
    9480:	0009 
    9481:	7715 	stm    #11264,ar5
    9482:	2c00 
    9483:	7714 	stm    #11280,ar4
    9484:	2c10 
    9485:	7713 	stm    #11288,ar3
    9486:	2c18 
    9487:	7695 	st     #0,*ar5+
    9488:	0000 
    9489:	f020 	ld     #-8192,a
    948a:	e000 
    948b:	ec0e 	rpt    #14
    948c:	8095 	stl    a,*ar5+
    948d:	6ded 	mar    *+ar5(0xfff0)
    948e:	fff0 
    948f:	7660 	st     #0,DP+0x60
    9490:	0000 
    9491:	f274 	calld  0x9a78
    9492:	9a78 
    9493:	771a 	stm    #243,brc
    9494:	00f3 
    9495:	61f8 	bitf   *(0x3fae),#256
    9496:	3fae 
    9497:	0100 
    9498:	7712 	stm    #2544,ar2
    9499:	09f0 
    949a:	ff30 	xc     2,tc
    949b:	7712 	stm    #2392,ar2
    949c:	0958 
    949d:	7692 	st     #-16384,*ar2+
    949e:	c000 
    949f:	7082 	mvkd   0x2c00,*ar2
    94a0:	2c00 
    94a1:	7710 	stm    #14,ar0
    94a2:	000e 
    94a3:	61f8 	bitf   *(0x3fae),#256
    94a4:	3fae 
    94a5:	0100 
    94a6:	7712 	stm    #2547,ar2
    94a7:	09f3 
    94a8:	ff30 	xc     2,tc
    94a9:	7712 	stm    #2395,ar2
    94aa:	095b 
    94ab:	7711 	stm    #14,ar1
    94ac:	000e 
    94ad:	6db2 	mar    *ar2+0
    94ae:	f274 	calld  0x9aaf
    94af:	9aaf 
    94b0:	7716 	stm    #11637,ar6
    94b1:	2d75 
    94b2:	f6b7 	rsbx   st1,c16
    94b3:	f6b8 	rsbx   st1,sxm
    94b4:	61f8 	bitf   *(0x3fae),#256
    94b5:	3fae 
    94b6:	0100 
    94b7:	7712 	stm    #2547,ar2
    94b8:	09f3 
    94b9:	ff30 	xc     2,tc
    94ba:	7712 	stm    #2395,ar2
    94bb:	095b 
    94bc:	76e2 	st     #0,*ar2(0xf)
    94bd:	000f 
    94be:	0000 
    94bf:	7715 	stm    #11394,ar5
    94c0:	2c82 
    94c1:	7714 	stm    #11264,ar4
    94c2:	2c00 
    94c3:	f274 	calld  0x8eb0
    94c4:	8eb0 
    94c5:	7711 	stm    #15,ar1
    94c6:	000f 
    94c7:	7712 	stm    #11240,ar2
    94c8:	2be8 
    94c9:	f071 	rptz   a,#7
    94ca:	0007 
    94cb:	8092 	stl    a,*ar2+
    94cc:	f7b8 	ssbx   st1,sxm
    94cd:	7715 	stm    #10752,ar5
    94ce:	2a00 
    94cf:	7712 	stm    #11394,ar2
    94d0:	2c82 
    94d1:	7719 	stm    #1,bk
    94d2:	0001 
    94d3:	7714 	stm    #11248,ar4
    94d4:	2bf0 
    94d5:	f274 	calld  0xa0c9
    94d6:	a0c9 
    94d7:	7711 	stm    #30,ar1
    94d8:	001e 
    94d9:	61f8 	bitf   *(0x3fae),#256
    94da:	3fae 
    94db:	0100 
    94dc:	f495 	nop    
    94dd:	f495 	nop    
    94de:	ff20 	xc     2,ntc
    94df:	7316 	mvmd   ar6,0x9f2
    94e0:	09f2 
    94e1:	ff30 	xc     2,tc
    94e2:	7316 	mvmd   ar6,0x95a
    94e3:	095a 
    94e4:	61f8 	bitf   *(0x3fae),#256
    94e5:	3fae 
    94e6:	0100 
    94e7:	7712 	stm    #2547,ar2
    94e8:	09f3 
    94e9:	ff30 	xc     2,tc
    94ea:	7712 	stm    #2395,ar2
    94eb:	095b 
    94ec:	7711 	stm    #14,ar1
    94ed:	000e 
    94ee:	f274 	calld  0xa2c1
    94ef:	a2c1 
    94f0:	771a 	stm    #15,brc
    94f1:	000f 
    94f2:	8a07 	popm   st1
    94f3:	8a06 	popm   st0
    94f4:	fc00 	ret    
    94f5:	4a06 	pshm   st0
    94f6:	4a07 	pshm   st1
    94f7:	ea00 	ld     #0,dp
    94f8:	ed00 	ld     #0,asm
    94f9:	f6b9 	rsbx   st1,ovm
    94fa:	f7b8 	ssbx   st1,sxm
    94fb:	f6b7 	rsbx   st1,c16
    94fc:	f6b6 	rsbx   st1,frct
    94fd:	f7b8 	ssbx   st1,sxm
    94fe:	7216 	mvdm   0x3d8a,ar6
    94ff:	3d8a 
    9500:	f274 	calld  0x9f95
    9501:	9f95 
    9502:	7714 	stm    #10752,ar4
    9503:	2a00 
    9504:	f7b7 	ssbx   st1,c16
    9505:	4a17 	pshm   ar7
    9506:	7717 	stm    #7,ar7
    9507:	0007 
    9508:	7765 	stm    #10752,MMR(101)
    9509:	2a00 
    950a:	7764 	stm    #2547,MMR(100)
    950b:	09f3 
    950c:	6b64 	addm   #0,DP+0x64
    950d:	0000 
    950e:	76f8 	st     #0,*(0x2bf9)
    950f:	2bf9 
    9510:	0000 
    9511:	7716 	stm    #11394,ar6
    9512:	2c82 
    9513:	7211 	mvdm   0x65,ar1
    9514:	0065 
    9515:	7712 	stm    #0,ar2
    9516:	0000 
    9517:	f274 	calld  0xa033
    9518:	a033 
    9519:	771a 	stm    #18,brc
    951a:	0012 
    951b:	10f8 	ld     *(0x2bf9),a
    951c:	2bf9 
    951d:	00f8 	add    *(0x2c10),a
    951e:	2c10 
    951f:	80f8 	stl    a,*(0x2bf9)
    9520:	2bf9 
    9521:	7716 	stm    #11412,ar6
    9522:	2c94 
    9523:	f071 	rptz   a,#0
    9524:	0000 
    9525:	809e 	stl    a,*+ar6
    9526:	7212 	mvdm   0x64,ar2
    9527:	0064 
    9528:	f274 	calld  0x9aaf
    9529:	9aaf 
    952a:	7711 	stm    #0,ar1
    952b:	0000 
    952c:	6b65 	addm   #57,DP+0x65
    952d:	0039 
    952e:	6b64 	addm   #1,DP+0x64
    952f:	0001 
    9530:	6c8f 	banz   0x9511,*ar7-
    9531:	9511 
    9532:	8a17 	popm   ar7
    9533:	f6b7 	rsbx   st1,c16
    9534:	7713 	stm    #2544,ar3
    9535:	09f0 
    9536:	7693 	st     #-16384,*ar3+
    9537:	c000 
    9538:	10f8 	ld     *(0x2bf9),a
    9539:	2bf9 
    953a:	8083 	stl    a,*ar3
    953b:	f6b8 	rsbx   st1,sxm
    953c:	7713 	stm    #2547,ar3
    953d:	09f3 
    953e:	770e 	stm    #1,t
    953f:	0001 
    9540:	e734 	mvmm   ar3,ar4
    9541:	4493 	ld     *ar3+,16,a
    9542:	771a 	stm    #7,brc
    9543:	0007 
    9544:	f072 	rptb   0x954b
    9545:	954b 
    9546:	0493 	add    *ar3+,ts,a
    9547:	6b0e 	addm   #1,DP+0x0e
    9548:	0001 
    9549:	8294 	sth    a,*ar4+
    954a:	f0e8 	sftl   a,8
    954b:	f0e8 	sftl   a,8
    954c:	68f8 	andm   #-256,*(0x9fa)
    954d:	09fa 
    954e:	ff00 
    954f:	7713 	stm    #2547,ar3
    9550:	09f3 
    9551:	7712 	stm    #11264,ar2
    9552:	2c00 
    9553:	ec07 	rpt    #7
    9554:	e598 	mvdd   *ar3+,*ar2+
    9555:	f274 	calld  0xa2d0
    9556:	a2d0 
    9557:	6dea 	mar    *+ar2(0xfff8)
    9558:	fff8 
    9559:	7712 	stm    #11264,ar2
    955a:	2c00 
    955b:	7716 	stm    #1,ar6
    955c:	0001 
    955d:	7713 	stm    #11274,ar3
    955e:	2c0a 
    955f:	f274 	calld  0x8d21
    9560:	8d21 
    9561:	7715 	stm    #11394,ar5
    9562:	2c82 
    9563:	7712 	stm    #11208,ar2
    9564:	2bc8 
    9565:	f071 	rptz   a,#7
    9566:	0007 
    9567:	8092 	stl    a,*ar2+
    9568:	f7b8 	ssbx   st1,sxm
    9569:	7715 	stm    #10752,ar5
    956a:	2a00 
    956b:	7712 	stm    #11395,ar2
    956c:	2c83 
    956d:	7719 	stm    #1,bk
    956e:	0001 
    956f:	7714 	stm    #11248,ar4
    9570:	2bf0 
    9571:	f274 	calld  0xa0c9
    9572:	a0c9 
    9573:	7711 	stm    #28,ar1
    9574:	001c 
    9575:	7316 	mvmd   ar6,0x9f2
    9576:	09f2 
    9577:	7712 	stm    #2547,ar2
    9578:	09f3 
    9579:	7711 	stm    #7,ar1
    957a:	0007 
    957b:	f274 	calld  0xa2c1
    957c:	a2c1 
    957d:	771a 	stm    #15,brc
    957e:	000f 
    957f:	8a07 	popm   st1
    9580:	8a06 	popm   st0
    9581:	fc00 	ret    
    9582:	4a06 	pshm   st0
    9583:	4a07 	pshm   st1
    9584:	ea00 	ld     #0,dp
    9585:	ed00 	ld     #0,asm
    9586:	f6b9 	rsbx   st1,ovm
    9587:	f7b8 	ssbx   st1,sxm
    9588:	f6b7 	rsbx   st1,c16
    9589:	f6b6 	rsbx   st1,frct
    958a:	f7b8 	ssbx   st1,sxm
    958b:	7716 	stm    #1,ar6
    958c:	0001 
    958d:	7213 	mvdm   0x3d89,ar3
    958e:	3d89 
    958f:	f274 	calld  0x99ef
    9590:	99ef 
    9591:	7714 	stm    #10752,ar4
    9592:	2a00 
    9593:	f7b7 	ssbx   st1,c16
    9594:	7711 	stm    #10752,ar1
    9595:	2a00 
    9596:	7716 	stm    #11394,ar6
    9597:	2c82 
    9598:	7712 	stm    #1,ar2
    9599:	0001 
    959a:	f274 	calld  0xa033
    959b:	a033 
    959c:	771a 	stm    #75,brc
    959d:	004b 
    959e:	7716 	stm    #2544,ar6
    959f:	09f0 
    95a0:	7696 	st     #-16384,*ar6+
    95a1:	c000 
    95a2:	7086 	mvkd   0x2c00,*ar6
    95a3:	2c00 
    95a4:	7716 	stm    #11469,ar6
    95a5:	2ccd 
    95a6:	f071 	rptz   a,#7
    95a7:	0007 
    95a8:	809e 	stl    a,*+ar6
    95a9:	7712 	stm    #2547,ar2
    95aa:	09f3 
    95ab:	6b12 	addm   #4,DP+0x12
    95ac:	0004 
    95ad:	f274 	calld  0x9aaf
    95ae:	9aaf 
    95af:	7711 	stm    #4,ar1
    95b0:	0004 
    95b1:	f6b7 	rsbx   st1,c16
    95b2:	f6b8 	rsbx   st1,sxm
    95b3:	7712 	stm    #2547,ar2
    95b4:	09f3 
    95b5:	7716 	stm    #0,ar6
    95b6:	0000 
    95b7:	7713 	stm    #11264,ar3
    95b8:	2c00 
    95b9:	f274 	calld  0x8d21
    95ba:	8d21 
    95bb:	7715 	stm    #11394,ar5
    95bc:	2c82 
    95bd:	7712 	stm    #11208,ar2
    95be:	2bc8 
    95bf:	f071 	rptz   a,#7
    95c0:	0007 
    95c1:	8092 	stl    a,*ar2+
    95c2:	f7b8 	ssbx   st1,sxm
    95c3:	7715 	stm    #10752,ar5
    95c4:	2a00 
    95c5:	7712 	stm    #11395,ar2
    95c6:	2c83 
    95c7:	7719 	stm    #1,bk
    95c8:	0001 
    95c9:	7714 	stm    #11248,ar4
    95ca:	2bf0 
    95cb:	f274 	calld  0xa0c9
    95cc:	a0c9 
    95cd:	7711 	stm    #28,ar1
    95ce:	001c 
    95cf:	7316 	mvmd   ar6,0x9f2
    95d0:	09f2 
    95d1:	7712 	stm    #2547,ar2
    95d2:	09f3 
    95d3:	7711 	stm    #4,ar1
    95d4:	0004 
    95d5:	f274 	calld  0xa2c1
    95d6:	a2c1 
    95d7:	771a 	stm    #15,brc
    95d8:	000f 
    95d9:	8a07 	popm   st1
    95da:	8a06 	popm   st0
    95db:	fc00 	ret    
    95dc:	4a06 	pshm   st0
    95dd:	4a07 	pshm   st1
    95de:	ea00 	ld     #0,dp
    95df:	ed00 	ld     #0,asm
    95e0:	f6b9 	rsbx   st1,ovm
    95e1:	f7b8 	ssbx   st1,sxm
    95e2:	f6b7 	rsbx   st1,c16
    95e3:	f6b6 	rsbx   st1,frct
    95e4:	f7b8 	ssbx   st1,sxm
    95e5:	61f8 	bitf   *(0x3fae),#256
    95e6:	3fae 
    95e7:	0100 
    95e8:	7216 	mvdm   0x3d8a,ar6
    95e9:	3d8a 
    95ea:	ff30 	xc     2,tc
    95eb:	7216 	mvdm   0x3d8b,ar6
    95ec:	3d8b 
    95ed:	f274 	calld  0x9f95
    95ee:	9f95 
    95ef:	7714 	stm    #10752,ar4
    95f0:	2a00 
    95f1:	f7b7 	ssbx   st1,c16
    95f2:	7711 	stm    #10752,ar1
    95f3:	2a00 
    95f4:	7716 	stm    #11394,ar6
    95f5:	2c82 
    95f6:	7712 	stm    #0,ar2
    95f7:	0000 
    95f8:	f274 	calld  0xa033
    95f9:	a033 
    95fa:	771a 	stm    #75,brc
    95fb:	004b 
    95fc:	70f8 	mvkd   0x2c00,*(0x2bf9)
    95fd:	2bf9 
    95fe:	2c00 
    95ff:	7716 	stm    #11469,ar6
    9600:	2ccd 
    9601:	f071 	rptz   a,#7
    9602:	0007 
    9603:	809e 	stl    a,*+ar6
    9604:	61f8 	bitf   *(0x3fae),#256
    9605:	3fae 
    9606:	0100 
    9607:	7712 	stm    #2547,ar2
    9608:	09f3 
    9609:	ff30 	xc     2,tc
    960a:	7712 	stm    #2395,ar2
    960b:	095b 
    960c:	6b12 	addm   #4,DP+0x12
    960d:	0004 
    960e:	f274 	calld  0x9aaf
    960f:	9aaf 
    9610:	7711 	stm    #4,ar1
    9611:	0004 
    9612:	7711 	stm    #10980,ar1
    9613:	2ae4 
    9614:	7716 	stm    #11394,ar6
    9615:	2c82 
    9616:	7712 	stm    #0,ar2
    9617:	0000 
    9618:	f274 	calld  0xa033
    9619:	a033 
    961a:	771a 	stm    #75,brc
    961b:	004b 
    961c:	10f8 	ld     *(0x2bf9),a
    961d:	2bf9 
    961e:	00f8 	add    *(0x2c00),a
    961f:	2c00 
    9620:	61f8 	bitf   *(0x3fae),#256
    9621:	3fae 
    9622:	0100 
    9623:	7716 	stm    #2544,ar6
    9624:	09f0 
    9625:	ff30 	xc     2,tc
    9626:	7716 	stm    #2392,ar6
    9627:	0958 
    9628:	7696 	st     #-16384,*ar6+
    9629:	c000 
    962a:	8086 	stl    a,*ar6
    962b:	7716 	stm    #11469,ar6
    962c:	2ccd 
    962d:	f071 	rptz   a,#7
    962e:	0007 
    962f:	809e 	stl    a,*+ar6
    9630:	61f8 	bitf   *(0x3fae),#256
    9631:	3fae 
    9632:	0100 
    9633:	7712 	stm    #2547,ar2
    9634:	09f3 
    9635:	ff30 	xc     2,tc
    9636:	7712 	stm    #2395,ar2
    9637:	095b 
    9638:	6b12 	addm   #9,DP+0x12
    9639:	0009 
    963a:	f274 	calld  0x9aaf
    963b:	9aaf 
    963c:	7711 	stm    #4,ar1
    963d:	0004 
    963e:	f6b7 	rsbx   st1,c16
    963f:	f6b8 	rsbx   st1,sxm
    9640:	61f8 	bitf   *(0x3fae),#256
    9641:	3fae 
    9642:	0100 
    9643:	7713 	stm    #2547,ar3
    9644:	09f3 
    9645:	ff30 	xc     2,tc
    9646:	7713 	stm    #2395,ar3
    9647:	095b 
    9648:	771a 	stm    #4,brc
    9649:	0004 
    964a:	6deb 	mar    *+ar3(0x4)
    964b:	0004 
    964c:	e734 	mvmm   ar3,ar4
    964d:	4493 	ld     *ar3+,16,a
    964e:	771a 	stm    #4,brc
    964f:	0004 
    9650:	f072 	rptb   0x9655
    9651:	9655 
    9652:	9098 	add    *ar3+,8,a
    9653:	8294 	sth    a,*ar4+
    9654:	f0e8 	sftl   a,8
    9655:	f0e8 	sftl   a,8
    9656:	61f8 	bitf   *(0x3fae),#256
    9657:	3fae 
    9658:	0100 
    9659:	7714 	stm    #2547,ar4
    965a:	09f3 
    965b:	ff30 	xc     2,tc
    965c:	7714 	stm    #2395,ar4
    965d:	095b 
    965e:	7713 	stm    #11264,ar3
    965f:	2c00 
    9660:	ec08 	rpt    #8
    9661:	e5a9 	mvdd   *ar4+,*ar3+
    9662:	e800 	ld     #0,a
    9663:	7714 	stm    #11273,ar4
    9664:	2c09 
    9665:	e743 	mvmm   ar4,ar3
    9666:	6d8c 	mar    *ar4-
    9667:	771a 	stm    #4,brc
    9668:	0004 
    9669:	f072 	rptb   0x966d
    966a:	966d 
    966b:	906c 	add    *ar4-,12,a
    966c:	808b 	stl    a,*ar3-
    966d:	f0f0 	sftl   a,-16
    966e:	f57c 	sfta   a,-4,b
    966f:	f2c4 	xor    b,4,a
    9670:	f3e8 	sftl   b,8
    9671:	f2a0 	or     b,a
    9672:	8083 	stl    a,*ar3
    9673:	7712 	stm    #11264,ar2
    9674:	2c00 
    9675:	7716 	stm    #1,ar6
    9676:	0001 
    9677:	7713 	stm    #11274,ar3
    9678:	2c0a 
    9679:	f274 	calld  0x8d21
    967a:	8d21 
    967b:	7715 	stm    #11394,ar5
    967c:	2c82 
    967d:	7712 	stm    #11208,ar2
    967e:	2bc8 
    967f:	f071 	rptz   a,#7
    9680:	0007 
    9681:	8092 	stl    a,*ar2+
    9682:	f7b8 	ssbx   st1,sxm
    9683:	7715 	stm    #10752,ar5
    9684:	2a00 
    9685:	7712 	stm    #11395,ar2
    9686:	2c83 
    9687:	7719 	stm    #1,bk
    9688:	0001 
    9689:	7714 	stm    #11248,ar4
    968a:	2bf0 
    968b:	f274 	calld  0xa0c9
    968c:	a0c9 
    968d:	7711 	stm    #28,ar1
    968e:	001c 
    968f:	61f8 	bitf   *(0x3fae),#256
    9690:	3fae 
    9691:	0100 
    9692:	f495 	nop    
    9693:	f495 	nop    
    9694:	ff20 	xc     2,ntc
    9695:	7316 	mvmd   ar6,0x9f2
    9696:	09f2 
    9697:	ff30 	xc     2,tc
    9698:	7316 	mvmd   ar6,0x95a
    9699:	095a 
    969a:	61f8 	bitf   *(0x3fae),#256
    969b:	3fae 
    969c:	0100 
    969d:	7712 	stm    #2547,ar2
    969e:	09f3 
    969f:	ff30 	xc     2,tc
    96a0:	7712 	stm    #2395,ar2
    96a1:	095b 
    96a2:	7711 	stm    #8,ar1
    96a3:	0008 
    96a4:	f274 	calld  0xa2c1
    96a5:	a2c1 
    96a6:	771a 	stm    #15,brc
    96a7:	000f 
    96a8:	8a07 	popm   st1
    96a9:	8a06 	popm   st0
    96aa:	fc00 	ret    
    96ab:	4a06 	pshm   st0
    96ac:	4a07 	pshm   st1
    96ad:	ea00 	ld     #0,dp
    96ae:	ed00 	ld     #0,asm
    96af:	f6b9 	rsbx   st1,ovm
    96b0:	f7b8 	ssbx   st1,sxm
    96b1:	f6b7 	rsbx   st1,c16
    96b2:	f6b6 	rsbx   st1,frct
    96b3:	f7b8 	ssbx   st1,sxm
    96b4:	7716 	stm    #1,ar6
    96b5:	0001 
    96b6:	7719 	stm    #116,bk
    96b7:	0074 
    96b8:	7213 	mvdm   0x3d8e,ar3
    96b9:	3d8e 
    96ba:	f274 	calld  0x99ef
    96bb:	99ef 
    96bc:	7714 	stm    #10752,ar4
    96bd:	2a00 
    96be:	f7b7 	ssbx   st1,c16
    96bf:	7711 	stm    #10752,ar1
    96c0:	2a00 
    96c1:	7716 	stm    #11394,ar6
    96c2:	2c82 
    96c3:	7719 	stm    #32,bk
    96c4:	0020 
    96c5:	7710 	stm    #9,ar0
    96c6:	0009 
    96c7:	7715 	stm    #11264,ar5
    96c8:	2c00 
    96c9:	7714 	stm    #11280,ar4
    96ca:	2c10 
    96cb:	7713 	stm    #11288,ar3
    96cc:	2c18 
    96cd:	7695 	st     #0,*ar5+
    96ce:	0000 
    96cf:	f020 	ld     #-8192,a
    96d0:	e000 
    96d1:	ec0e 	rpt    #14
    96d2:	8095 	stl    a,*ar5+
    96d3:	6ded 	mar    *+ar5(0xfff0)
    96d4:	fff0 
    96d5:	7660 	st     #0,DP+0x60
    96d6:	0000 
    96d7:	f274 	calld  0x9a78
    96d8:	9a78 
    96d9:	771a 	stm    #227,brc
    96da:	00e3 
    96db:	7711 	stm    #2514,ar1
    96dc:	09d2 
    96dd:	7691 	st     #-32768,*ar1+
    96de:	8000 
    96df:	7081 	mvkd   0x2c00,*ar1
    96e0:	2c00 
    96e1:	7711 	stm    #13,ar1
    96e2:	000d 
    96e3:	7712 	stm    #11324,ar2
    96e4:	2c3c 
    96e5:	6b12 	addm   #13,DP+0x12
    96e6:	000d 
    96e7:	f274 	calld  0x9aaf
    96e8:	9aaf 
    96e9:	7716 	stm    #11621,ar6
    96ea:	2d65 
    96eb:	f6b7 	rsbx   st1,c16
    96ec:	f6b8 	rsbx   st1,sxm
    96ed:	7712 	stm    #11324,ar2
    96ee:	2c3c 
    96ef:	76e2 	st     #0,*ar2(0xe)
    96f0:	000e 
    96f1:	0000 
    96f2:	7715 	stm    #11394,ar5
    96f3:	2c82 
    96f4:	7714 	stm    #11264,ar4
    96f5:	2c00 
    96f6:	f274 	calld  0x8eb0
    96f7:	8eb0 
    96f8:	7711 	stm    #14,ar1
    96f9:	000e 
    96fa:	7712 	stm    #11208,ar2
    96fb:	2bc8 
    96fc:	f071 	rptz   a,#7
    96fd:	0007 
    96fe:	8092 	stl    a,*ar2+
    96ff:	f7b8 	ssbx   st1,sxm
    9700:	7715 	stm    #10752,ar5
    9701:	2a00 
    9702:	7712 	stm    #11394,ar2
    9703:	2c82 
    9704:	7719 	stm    #1,bk
    9705:	0001 
    9706:	7714 	stm    #11248,ar4
    9707:	2bf0 
    9708:	f274 	calld  0xa0c9
    9709:	a0c9 
    970a:	7711 	stm    #28,ar1
    970b:	001c 
    970c:	7316 	mvmd   ar6,0x9d4
    970d:	09d4 
    970e:	7712 	stm    #11324,ar2
    970f:	2c3c 
    9710:	7715 	stm    #11264,ar5
    9711:	2c00 
    9712:	f274 	calld  0xa140
    9713:	a140 
    9714:	7711 	stm    #13,ar1
    9715:	000d 
    9716:	7713 	stm    #2514,ar3
    9717:	09d2 
    9718:	1183 	ld     *ar3,b
    9719:	f1a5 	or     a,5,b
    971a:	8183 	stl    b,*ar3
    971b:	68f8 	andm   #-256,*(0x2c47)
    971c:	2c47 
    971d:	ff00 
    971e:	7712 	stm    #11324,ar2
    971f:	2c3c 
    9720:	7713 	stm    #2517,ar3
    9721:	09d5 
    9722:	ec0b 	rpt    #11
    9723:	e589 	mvdd   *ar2+,*ar3+
    9724:	7712 	stm    #2517,ar2
    9725:	09d5 
    9726:	7711 	stm    #11,ar1
    9727:	000b 
    9728:	f274 	calld  0xa2c1
    9729:	a2c1 
    972a:	771a 	stm    #15,brc
    972b:	000f 
    972c:	8a07 	popm   st1
    972d:	8a06 	popm   st0
    972e:	fc00 	ret    
    972f:	4a06 	pshm   st0
    9730:	4a07 	pshm   st1
    9731:	ea00 	ld     #0,dp
    9732:	ed00 	ld     #0,asm
    9733:	f6b9 	rsbx   st1,ovm
    9734:	f7b8 	ssbx   st1,sxm
    9735:	f6b7 	rsbx   st1,c16
    9736:	f6b6 	rsbx   st1,frct
    9737:	f7b8 	ssbx   st1,sxm
    9738:	7716 	stm    #1,ar6
    9739:	0001 
    973a:	7719 	stm    #232,bk
    973b:	00e8 
    973c:	7713 	stm    #11264,ar3
    973d:	2c00 
    973e:	f274 	calld  0x99ef
    973f:	99ef 
    9740:	7714 	stm    #10752,ar4
    9741:	2a00 
    9742:	f7b7 	ssbx   st1,c16
    9743:	7711 	stm    #10752,ar1
    9744:	2a00 
    9745:	7716 	stm    #11394,ar6
    9746:	2c82 
    9747:	7719 	stm    #32,bk
    9748:	0020 
    9749:	7710 	stm    #9,ar0
    974a:	0009 
    974b:	7715 	stm    #11264,ar5
    974c:	2c00 
    974d:	7714 	stm    #11280,ar4
    974e:	2c10 
    974f:	7713 	stm    #11288,ar3
    9750:	2c18 
    9751:	7695 	st     #0,*ar5+
    9752:	0000 
    9753:	f020 	ld     #-8192,a
    9754:	e000 
    9755:	ec0e 	rpt    #14
    9756:	8095 	stl    a,*ar5+
    9757:	6ded 	mar    *+ar5(0xfff0)
    9758:	fff0 
    9759:	7660 	st     #0,DP+0x60
    975a:	0000 
    975b:	f274 	calld  0x9a78
    975c:	9a78 
    975d:	771a 	stm    #227,brc
    975e:	00e3 
    975f:	7711 	stm    #2529,ar1
    9760:	09e1 
    9761:	7691 	st     #-32640,*ar1+
    9762:	8080 
    9763:	770e 	stm    #-11207,t
    9764:	d439 
    9765:	24f8 	mpyu   *(0x2c00),a
    9766:	2c00 
    9767:	f00f 	add    #1,15,a
    9768:	0001 
    9769:	8281 	sth    a,*ar1
    976a:	7711 	stm    #13,ar1
    976b:	000d 
    976c:	7712 	stm    #11324,ar2
    976d:	2c3c 
    976e:	6b12 	addm   #13,DP+0x12
    976f:	000d 
    9770:	f274 	calld  0x9aaf
    9771:	9aaf 
    9772:	7716 	stm    #11621,ar6
    9773:	2d65 
    9774:	f6b7 	rsbx   st1,c16
    9775:	f6b8 	rsbx   st1,sxm
    9776:	7712 	stm    #11324,ar2
    9777:	2c3c 
    9778:	76e2 	st     #0,*ar2(0xe)
    9779:	000e 
    977a:	0000 
    977b:	7715 	stm    #11394,ar5
    977c:	2c82 
    977d:	7714 	stm    #11264,ar4
    977e:	2c00 
    977f:	f274 	calld  0x8eb0
    9780:	8eb0 
    9781:	7711 	stm    #14,ar1
    9782:	000e 
    9783:	7712 	stm    #11208,ar2
    9784:	2bc8 
    9785:	f071 	rptz   a,#7
    9786:	0007 
    9787:	8092 	stl    a,*ar2+
    9788:	f7b8 	ssbx   st1,sxm
    9789:	7715 	stm    #10752,ar5
    978a:	2a00 
    978b:	7712 	stm    #11394,ar2
    978c:	2c82 
    978d:	7719 	stm    #1,bk
    978e:	0001 
    978f:	7714 	stm    #11248,ar4
    9790:	2bf0 
    9791:	f274 	calld  0xa0c9
    9792:	a0c9 
    9793:	7711 	stm    #28,ar1
    9794:	001c 
    9795:	7316 	mvmd   ar6,0x9e3
    9796:	09e3 
    9797:	7712 	stm    #11324,ar2
    9798:	2c3c 
    9799:	7715 	stm    #11264,ar5
    979a:	2c00 
    979b:	f274 	calld  0xa140
    979c:	a140 
    979d:	7711 	stm    #13,ar1
    979e:	000d 
    979f:	7713 	stm    #2529,ar3
    97a0:	09e1 
    97a1:	1183 	ld     *ar3,b
    97a2:	f1a5 	or     a,5,b
    97a3:	8183 	stl    b,*ar3
    97a4:	68f8 	andm   #-256,*(0x2c47)
    97a5:	2c47 
    97a6:	ff00 
    97a7:	7712 	stm    #11324,ar2
    97a8:	2c3c 
    97a9:	7713 	stm    #2532,ar3
    97aa:	09e4 
    97ab:	ec0b 	rpt    #11
    97ac:	e589 	mvdd   *ar2+,*ar3+
    97ad:	7712 	stm    #2532,ar2
    97ae:	09e4 
    97af:	7711 	stm    #11,ar1
    97b0:	000b 
    97b1:	f274 	calld  0xa2c1
    97b2:	a2c1 
    97b3:	771a 	stm    #15,brc
    97b4:	000f 
    97b5:	8a07 	popm   st1
    97b6:	8a06 	popm   st0
    97b7:	fc00 	ret    
    97b8:	4a06 	pshm   st0
    97b9:	4a07 	pshm   st1
    97ba:	ea00 	ld     #0,dp
    97bb:	ed00 	ld     #0,asm
    97bc:	f6b9 	rsbx   st1,ovm
    97bd:	f7b8 	ssbx   st1,sxm
    97be:	f6b7 	rsbx   st1,c16
    97bf:	f6b6 	rsbx   st1,frct
    97c0:	f7b8 	ssbx   st1,sxm
    97c1:	7716 	stm    #0,ar6
    97c2:	0000 
    97c3:	7719 	stm    #174,bk
    97c4:	00ae 
    97c5:	7713 	stm    #11264,ar3
    97c6:	2c00 
    97c7:	f274 	calld  0x99ef
    97c8:	99ef 
    97c9:	7714 	stm    #10752,ar4
    97ca:	2a00 
    97cb:	f7b7 	ssbx   st1,c16
    97cc:	7711 	stm    #10752,ar1
    97cd:	2a00 
    97ce:	7716 	stm    #11394,ar6
    97cf:	2c82 
    97d0:	7719 	stm    #32,bk
    97d1:	0020 
    97d2:	7710 	stm    #9,ar0
    97d3:	0009 
    97d4:	7715 	stm    #11264,ar5
    97d5:	2c00 
    97d6:	7714 	stm    #11280,ar4
    97d7:	2c10 
    97d8:	7713 	stm    #11288,ar3
    97d9:	2c18 
    97da:	7695 	st     #0,*ar5+
    97db:	0000 
    97dc:	f020 	ld     #-8192,a
    97dd:	e000 
    97de:	ec0e 	rpt    #14
    97df:	8095 	stl    a,*ar5+
    97e0:	6ded 	mar    *+ar5(0xfff0)
    97e1:	fff0 
    97e2:	7660 	st     #0,DP+0x60
    97e3:	0000 
    97e4:	f274 	calld  0x9a78
    97e5:	9a78 
    97e6:	771a 	stm    #227,brc
    97e7:	00e3 
    97e8:	7711 	stm    #2529,ar1
    97e9:	09e1 
    97ea:	7691 	st     #-32640,*ar1+
    97eb:	8080 
    97ec:	770e 	stm    #-4916,t
    97ed:	eccc 
    97ee:	24f8 	mpyu   *(0x2c00),a
    97ef:	2c00 
    97f0:	f00f 	add    #1,15,a
    97f1:	0001 
    97f2:	8281 	sth    a,*ar1
    97f3:	7711 	stm    #13,ar1
    97f4:	000d 
    97f5:	7712 	stm    #11324,ar2
    97f6:	2c3c 
    97f7:	6b12 	addm   #13,DP+0x12
    97f8:	000d 
    97f9:	f274 	calld  0x9aaf
    97fa:	9aaf 
    97fb:	7716 	stm    #11621,ar6
    97fc:	2d65 
    97fd:	f6b7 	rsbx   st1,c16
    97fe:	f6b8 	rsbx   st1,sxm
    97ff:	7712 	stm    #11324,ar2
    9800:	2c3c 
    9801:	76e2 	st     #0,*ar2(0xe)
    9802:	000e 
    9803:	0000 
    9804:	7715 	stm    #11394,ar5
    9805:	2c82 
    9806:	7714 	stm    #11264,ar4
    9807:	2c00 
    9808:	f274 	calld  0x8eb0
    9809:	8eb0 
    980a:	7711 	stm    #14,ar1
    980b:	000e 
    980c:	7712 	stm    #11208,ar2
    980d:	2bc8 
    980e:	f071 	rptz   a,#7
    980f:	0007 
    9810:	8092 	stl    a,*ar2+
    9811:	f7b8 	ssbx   st1,sxm
    9812:	7715 	stm    #10752,ar5
    9813:	2a00 
    9814:	7712 	stm    #11394,ar2
    9815:	2c82 
    9816:	7719 	stm    #1,bk
    9817:	0001 
    9818:	7714 	stm    #11248,ar4
    9819:	2bf0 
    981a:	f274 	calld  0xa0c9
    981b:	a0c9 
    981c:	7711 	stm    #28,ar1
    981d:	001c 
    981e:	7316 	mvmd   ar6,0x9e3
    981f:	09e3 
    9820:	7712 	stm    #11324,ar2
    9821:	2c3c 
    9822:	7715 	stm    #11264,ar5
    9823:	2c00 
    9824:	f274 	calld  0xa140
    9825:	a140 
    9826:	7711 	stm    #13,ar1
    9827:	000d 
    9828:	7713 	stm    #2529,ar3
    9829:	09e1 
    982a:	1183 	ld     *ar3,b
    982b:	f1a5 	or     a,5,b
    982c:	8183 	stl    b,*ar3
    982d:	68f8 	andm   #-256,*(0x2c47)
    982e:	2c47 
    982f:	ff00 
    9830:	7712 	stm    #11324,ar2
    9831:	2c3c 
    9832:	7713 	stm    #2532,ar3
    9833:	09e4 
    9834:	ec0b 	rpt    #11
    9835:	e589 	mvdd   *ar2+,*ar3+
    9836:	7712 	stm    #2532,ar2
    9837:	09e4 
    9838:	7711 	stm    #11,ar1
    9839:	000b 
    983a:	f274 	calld  0xa2c1
    983b:	a2c1 
    983c:	771a 	stm    #15,brc
    983d:	000f 
    983e:	8a07 	popm   st1
    983f:	8a06 	popm   st0
    9840:	fc00 	ret    
    9841:	4a06 	pshm   st0
    9842:	4a07 	pshm   st1
    9843:	ea00 	ld     #0,dp
    9844:	ed00 	ld     #0,asm
    9845:	f6b9 	rsbx   st1,ovm
    9846:	f7b8 	ssbx   st1,sxm
    9847:	f6b7 	rsbx   st1,c16
    9848:	f6b6 	rsbx   st1,frct
    9849:	f7b7 	ssbx   st1,c16
    984a:	7711 	stm    #10752,ar1
    984b:	2a00 
    984c:	7716 	stm    #11394,ar6
    984d:	2c82 
    984e:	7719 	stm    #32,bk
    984f:	0020 
    9850:	7710 	stm    #9,ar0
    9851:	0009 
    9852:	7715 	stm    #11264,ar5
    9853:	2c00 
    9854:	7714 	stm    #11280,ar4
    9855:	2c10 
    9856:	7713 	stm    #11288,ar3
    9857:	2c18 
    9858:	7695 	st     #0,*ar5+
    9859:	0000 
    985a:	f020 	ld     #-8192,a
    985b:	e000 
    985c:	ec0e 	rpt    #14
    985d:	8095 	stl    a,*ar5+
    985e:	6ded 	mar    *+ar5(0xfff0)
    985f:	fff0 
    9860:	7660 	st     #0,DP+0x60
    9861:	0000 
    9862:	f274 	calld  0x9a78
    9863:	9a78 
    9864:	771a 	stm    #38,brc
    9865:	0026 
    9866:	7716 	stm    #2302,ar6
    9867:	08fe 
    9868:	7696 	st     #-32768,*ar6+
    9869:	8000 
    986a:	7096 	mvkd   0x2c10,*ar6+
    986b:	2c10 
    986c:	7686 	st     #0,*ar6
    986d:	0000 
    986e:	7716 	stm    #11432,ar6
    986f:	2ca8 
    9870:	f071 	rptz   a,#12
    9871:	000c 
    9872:	809e 	stl    a,*+ar6
    9873:	7712 	stm    #11264,ar2
    9874:	2c00 
    9875:	6b12 	addm   #2,DP+0x12
    9876:	0002 
    9877:	f274 	calld  0x9aaf
    9878:	9aaf 
    9879:	7711 	stm    #2,ar1
    987a:	0002 
    987b:	f6b7 	rsbx   st1,c16
    987c:	f6b8 	rsbx   st1,sxm
    987d:	f162 	ld     #23872,16,b
    987e:	5d40 
    987f:	7712 	stm    #11264,ar2
    9880:	2c00 
    9881:	7713 	stm    #1,ar3
    9882:	0001 
    9883:	771a 	stm    #21,brc
    9884:	0015 
    9885:	4492 	ld     *ar2+,16,a
    9886:	0092 	add    *ar2+,a
    9887:	f072 	rptb   0x988d
    9888:	988d 
    9889:	f0e1 	sftl   a,1
    988a:	f495 	nop    
    988b:	f495 	nop    
    988c:	fd0c 	xc     1,c
    988d:	f2c0 	xor    b,a
    988e:	9086 	add    *ar2+,6,a
    988f:	6e8b 	banzd  0x9887,*ar3-
    9890:	9887 
    9891:	771a 	stm    #2,brc
    9892:	0002 
    9893:	f0f0 	sftl   a,-16
    9894:	f050 	xor    #65535,a
    9895:	ffff 
    9896:	f030 	and    #-64,a
    9897:	ffc0 
    9898:	f844 	bc     0x989f,aneq
    9899:	989f 
    989a:	76f8 	st     #0,*(0x2bf8)
    989b:	2bf8 
    989c:	0000 
    989d:	f073 	b      0x98a2
    989e:	98a2 
    989f:	76f8 	st     #1,*(0x2bf8)
    98a0:	2bf8 
    98a1:	0001 
    98a2:	7712 	stm    #11264,ar2
    98a3:	2c00 
    98a4:	68e2 	andm   #-128,*ar2(0x1)
    98a5:	0001 
    98a6:	ff80 
    98a7:	7712 	stm    #11264,ar2
    98a8:	2c00 
    98a9:	7711 	stm    #1,ar1
    98aa:	0001 
    98ab:	f274 	calld  0xa2c1
    98ac:	a2c1 
    98ad:	771a 	stm    #15,brc
    98ae:	000f 
    98af:	7712 	stm    #11264,ar2
    98b0:	2c00 
    98b1:	7713 	stm    #2302,ar3
    98b2:	08fe 
    98b3:	1083 	ld     *ar3,a
    98b4:	6ff8 	add    *(0x2bf8),8,a
    98b5:	2bf8 
    98b6:	0c08 
    98b7:	8083 	stl    a,*ar3
    98b8:	7713 	stm    #2305,ar3
    98b9:	0901 
    98ba:	e589 	mvdd   *ar2+,*ar3+
    98bb:	e589 	mvdd   *ar2+,*ar3+
    98bc:	8a07 	popm   st1
    98bd:	8a06 	popm   st0
    98be:	fc00 	ret    
    98bf:	4a06 	pshm   st0
    98c0:	4a07 	pshm   st1
    98c1:	ea00 	ld     #0,dp
    98c2:	ed00 	ld     #0,asm
    98c3:	f6b9 	rsbx   st1,ovm
    98c4:	f7b8 	ssbx   st1,sxm
    98c5:	f6b7 	rsbx   st1,c16
    98c6:	f6b6 	rsbx   st1,frct
    98c7:	f7b8 	ssbx   st1,sxm
    98c8:	61f8 	bitf   *(0x3fae),#256
    98c9:	3fae 
    98ca:	0100 
    98cb:	7213 	mvdm   0x3d8c,ar3
    98cc:	3d8c 
    98cd:	ff30 	xc     2,tc
    98ce:	7213 	mvdm   0x3d8d,ar3
    98cf:	3d8d 
    98d0:	f274 	calld  0x9fe6
    98d1:	9fe6 
    98d2:	7715 	stm    #10752,ar5
    98d3:	2a00 
    98d4:	f7b7 	ssbx   st1,c16
    98d5:	7711 	stm    #10752,ar1
    98d6:	2a00 
    98d7:	f274 	calld  0x9b4c
    98d8:	9b4c 
    98d9:	7716 	stm    #10992,ar6
    98da:	2af0 
    98db:	61f8 	bitf   *(0x3fae),#256
    98dc:	3fae 
    98dd:	0100 
    98de:	7714 	stm    #2544,ar4
    98df:	09f0 
    98e0:	ff30 	xc     2,tc
    98e1:	7714 	stm    #2392,ar4
    98e2:	0958 
    98e3:	1084 	ld     *ar4,a
    98e4:	f030 	and    #512,a
    98e5:	0200 
    98e6:	f040 	or     #-16384,a
    98e7:	c000 
    98e8:	8094 	stl    a,*ar4+
    98e9:	10f8 	ld     *(0x3100),a
    98ea:	3100 
    98eb:	8084 	stl    a,*ar4
    98ec:	80f8 	stl    a,*(0x30ec)
    98ed:	30ec 
    98ee:	61f8 	bitf   *(0x3fae),#256
    98ef:	3fae 
    98f0:	0100 
    98f1:	7714 	stm    #2547,ar4
    98f2:	09f3 
    98f3:	ff30 	xc     2,tc
    98f4:	7714 	stm    #2395,ar4
    98f5:	095b 
    98f6:	7712 	stm    #11948,ar2
    98f7:	2eac 
    98f8:	7715 	stm    #12686,ar5
    98f9:	318e 
    98fa:	f274 	calld  0x9e65
    98fb:	9e65 
    98fc:	7713 	stm    #12550,ar3
    98fd:	3106 
    98fe:	f6b7 	rsbx   st1,c16
    98ff:	ea00 	ld     #0,dp
    9900:	f7b8 	ssbx   st1,sxm
    9901:	61f8 	bitf   *(0x3fae),#256
    9902:	3fae 
    9903:	0100 
    9904:	7712 	stm    #2551,ar2
    9905:	09f7 
    9906:	ff30 	xc     2,tc
    9907:	7712 	stm    #2399,ar2
    9908:	095f 
    9909:	4592 	ld     *ar2+,16,b
    990a:	0392 	adds   *ar2+,b
    990b:	f769 	sfta   b,9
    990c:	f767 	sfta   b,7
    990d:	771a 	stm    #31,brc
    990e:	001f 
    990f:	f272 	rptbd  0x9914
    9910:	9914 
    9911:	0382 	adds   *ar2,b
    9912:	f779 	sfta   b,-7
    9913:	f590 	ror    b
    9914:	f491 	rol    a
    9915:	7712 	stm    #11948,ar2
    9916:	2eac 
    9917:	7714 	stm    #10906,ar4
    9918:	2a9a 
    9919:	7715 	stm    #11300,ar5
    991a:	2c24 
    991b:	7713 	stm    #12662,ar3
    991c:	3176 
    991d:	7665 	st     #1,DP+0x65
    991e:	0001 
    991f:	7661 	st     #-24811,DP+0x61
    9920:	9f15 
    9921:	7664 	st     #3,DP+0x64
    9922:	0003 
    9923:	f274 	calld  0x9eb5
    9924:	9eb5 
    9925:	771a 	stm    #7,brc
    9926:	0007 
    9927:	f6b8 	rsbx   st1,sxm
    9928:	61f8 	bitf   *(0x3fae),#256
    9929:	3fae 
    992a:	0100 
    992b:	7712 	stm    #2547,ar2
    992c:	09f3 
    992d:	ff30 	xc     2,tc
    992e:	7712 	stm    #2395,ar2
    992f:	095b 
    9930:	7715 	stm    #11394,ar5
    9931:	2c82 
    9932:	f274 	calld  0x8ed4
    9933:	8ed4 
    9934:	7714 	stm    #12544,ar4
    9935:	3100 
    9936:	7712 	stm    #10963,ar2
    9937:	2ad3 
    9938:	7713 	stm    #12544,ar3
    9939:	3100 
    993a:	ec0c 	rpt    #12
    993b:	e589 	mvdd   *ar2+,*ar3+
    993c:	6dea 	mar    *+ar2(0xfff3)
    993d:	fff3 
    993e:	f071 	rptz   a,#12
    993f:	000c 
    9940:	8092 	stl    a,*ar2+
    9941:	f074 	call   0xa0ed
    9942:	a0ed 
    9943:	7712 	stm    #10963,ar2
    9944:	2ad3 
    9945:	7713 	stm    #12544,ar3
    9946:	3100 
    9947:	ec0c 	rpt    #12
    9948:	e598 	mvdd   *ar3+,*ar2+
    9949:	61f8 	bitf   *(0x3fae),#256
    994a:	3fae 
    994b:	0100 
    994c:	f495 	nop    
    994d:	f495 	nop    
    994e:	ff20 	xc     2,ntc
    994f:	7316 	mvmd   ar6,0x9f2
    9950:	09f2 
    9951:	ff30 	xc     2,tc
    9952:	7316 	mvmd   ar6,0x95a
    9953:	095a 
    9954:	61f8 	bitf   *(0x3fae),#256
    9955:	3fae 
    9956:	0100 
    9957:	7712 	stm    #2547,ar2
    9958:	09f3 
    9959:	ff30 	xc     2,tc
    995a:	7712 	stm    #2395,ar2
    995b:	095b 
    995c:	f6b8 	rsbx   st1,sxm
    995d:	f4bc 	rsbx   st0,tc
    995e:	f274 	calld  0xa25e
    995f:	a25e 
    9960:	f162 	ld     #24576,16,b
    9961:	6000 
    9962:	f844 	bc     0x9969,aneq
    9963:	9969 
    9964:	76f8 	st     #0,*(0x2bf8)
    9965:	2bf8 
    9966:	0000 
    9967:	f073 	b      0x996c
    9968:	996c 
    9969:	76f8 	st     #1,*(0x2bf8)
    996a:	2bf8 
    996b:	0001 
    996c:	61f8 	bitf   *(0x3fae),#256
    996d:	3fae 
    996e:	0100 
    996f:	7712 	stm    #2547,ar2
    9970:	09f3 
    9971:	ff30 	xc     2,tc
    9972:	7712 	stm    #2395,ar2
    9973:	095b 
    9974:	7713 	stm    #10963,ar3
    9975:	2ad3 
    9976:	6dea 	mar    *+ar2(0x5)
    9977:	0005 
    9978:	1082 	ld     *ar2,a
    9979:	f0ff 	sftl   a,-1
    997a:	9881 	stl    a,1,*ar2+
    997b:	e800 	ld     #0,a
    997c:	771a 	stm    #16,brc
    997d:	0010 
    997e:	f272 	rptbd  0x9983
    997f:	9983 
    9980:	770e 	stm    #0,t
    9981:	0000 
    9982:	3493 	bitt   *ar3+
    9983:	f492 	roltc  a
    9984:	f0ec 	sftl   a,12
    9985:	8292 	sth    a,*ar2+
    9986:	8082 	stl    a,*ar2
    9987:	f7b8 	ssbx   st1,sxm
    9988:	f7b6 	ssbx   st1,frct
    9989:	f074 	call   0xa398
    998a:	a398 
    998b:	7712 	stm    #12544,ar2
    998c:	3100 
    998d:	7715 	stm    #-9412,ar5
    998e:	db3c 
    998f:	ec17 	rpt    #23
    9990:	e5b8 	mvdd   *ar5+,*ar2+
    9991:	f6b8 	rsbx   st1,sxm
    9992:	7717 	stm    #12544,ar7
    9993:	3100 
    9994:	7715 	stm    #3,ar5
    9995:	0003 
    9996:	7716 	stm    #0,ar6
    9997:	0000 
    9998:	61f8 	bitf   *(0x3fae),#256
    9999:	3fae 
    999a:	0100 
    999b:	7712 	stm    #2547,ar2
    999c:	09f3 
    999d:	ff30 	xc     2,tc
    999e:	7712 	stm    #2395,ar2
    999f:	095b 
    99a0:	ed05 	ld     #5,asm
    99a1:	771a 	stm    #26,brc
    99a2:	001a 
    99a3:	7711 	stm    #0,ar1
    99a4:	0000 
    99a5:	4492 	ld     *ar2+,16,a
    99a6:	0092 	add    *ar2+,a
    99a7:	e764 	mvmm   ar6,ar4
    99a8:	f482 	ld     a,asm
    99a9:	f072 	rptb   0x99af
    99aa:	99af 
    99ab:	f491 	rol    a
    99ac:	f495 	nop    
    99ad:	f495 	nop    
    99ae:	fd08 	xc     1,nc
    99af:	6d96 	mar    *ar6+
    99b0:	3297 	ld     *ar7+,asm
    99b1:	1197 	ld     *ar7+,b
    99b2:	891a 	stlm   b,brc
    99b3:	6e81 	banzd  0x99a8,*ar1
    99b4:	99a8 
    99b5:	1197 	ld     *ar7+,b
    99b6:	8911 	stlm   b,ar1
    99b7:	6c8d 	banz   0x99a5,*ar5-
    99b8:	99a5 
    99b9:	61f8 	bitf   *(0x3fae),#256
    99ba:	3fae 
    99bb:	0100 
    99bc:	7712 	stm    #2544,ar2
    99bd:	09f0 
    99be:	ff30 	xc     2,tc
    99bf:	7712 	stm    #2392,ar2
    99c0:	0958 
    99c1:	7713 	stm    #12544,ar3
    99c2:	3100 
    99c3:	1082 	ld     *ar2,a
    99c4:	f130 	and    #2,a,b
    99c5:	0002 
    99c6:	fa4c 	bcd    0x99db,bneq
    99c7:	99db 
    99c8:	4914 	ldm    ar4,b
    99c9:	f495 	nop    
    99ca:	f310 	sub    #3,b
    99cb:	0003 
    99cc:	fa4b 	bcd    0x99ea,blt
    99cd:	99ea 
    99ce:	7683 	st     #2,*ar3
    99cf:	0002 
    99d0:	4916 	ldm    ar6,b
    99d1:	f310 	sub    #11,b
    99d2:	000b 
    99d3:	fa4b 	bcd    0x99ea,blt
    99d4:	99ea 
    99d5:	7683 	st     #1,*ar3
    99d6:	0001 
    99d7:	f273 	bd     0x99ea
    99d8:	99ea 
    99d9:	7683 	st     #0,*ar3
    99da:	0000 
    99db:	f310 	sub    #3,b
    99dc:	0003 
    99dd:	fa4b 	bcd    0x99ea,blt
    99de:	99ea 
    99df:	7683 	st     #2,*ar3
    99e0:	0002 
    99e1:	4916 	ldm    ar6,b
    99e2:	f310 	sub    #16,b
    99e3:	0010 
    99e4:	fa4b 	bcd    0x99ea,blt
    99e5:	99ea 
    99e6:	7683 	st     #1,*ar3
    99e7:	0001 
    99e8:	7683 	st     #0,*ar3
    99e9:	0000 
    99ea:	9013 	add    *ar3,3,a
    99eb:	8082 	stl    a,*ar2
    99ec:	8a07 	popm   st1
    99ed:	8a06 	popm   st0
    99ee:	fc00 	ret    
    99ef:	ea00 	ld     #0,dp
    99f0:	4a14 	pshm   ar4
    99f1:	7712 	stm    #23,ar2
    99f2:	0017 
    99f3:	7715 	stm    #25,ar5
    99f4:	0019 
    99f5:	770f 	stm    #456,trn
    99f6:	01c8 
    99f7:	e530 	mvdd   *ar5,*ar2
    99f8:	ed14 	ld     #20,asm
    99f9:	7710 	stm    #64,ar0
    99fa:	0040 
    99fb:	7711 	stm    #3,ar1
    99fc:	0003 
    99fd:	770e 	stm    #16,t
    99fe:	0010 
    99ff:	45d3 	ld     *ar3+%,16,b
    9a00:	771a 	stm    #27,brc
    9a01:	001b 
    9a02:	f272 	rptbd  0x9a12
    9a03:	9a12 
    9a04:	7619 	st     #456,DP+0x19
    9a05:	01c8 
    9a06:	f495 	nop    
    9a07:	87dc 	sth    b,asm,*ar4+0%
    9a08:	f78f 	norm   b
    9a09:	f778 	sfta   b,-8
    9a0a:	87dc 	sth    b,asm,*ar4+0%
    9a0b:	e503 	mvdd   *ar2,*ar5
    9a0c:	f495 	nop    
    9a0d:	f495 	nop    
    9a0e:	f495 	nop    
    9a0f:	45d3 	ld     *ar3+%,16,b
    9a10:	7619 	st     #456,DP+0x19
    9a11:	01c8 
    9a12:	f495 	nop    
    9a13:	f495 	nop    
    9a14:	87dc 	sth    b,asm,*ar4+0%
    9a15:	6df4 	mar    *+ar4(0x39)%
    9a16:	0039 
    9a17:	e503 	mvdd   *ar2,*ar5
    9a18:	6e89 	banzd  0x9a00,*ar1-
    9a19:	9a00 
    9a1a:	45d3 	ld     *ar3+%,16,b
    9a1b:	f495 	nop    
    9a1c:	7711 	stm    #1,ar1
    9a1d:	0001 
    9a1e:	771a 	stm    #27,brc
    9a1f:	001b 
    9a20:	f272 	rptbd  0x9a30
    9a21:	9a30 
    9a22:	8d19 	st     trn,DP+0x19
    9a23:	f495 	nop    
    9a24:	f76c 	sfta   b,12
    9a25:	f778 	sfta   b,-8
    9a26:	87dc 	sth    b,asm,*ar4+0%
    9a27:	f78f 	norm   b
    9a28:	f778 	sfta   b,-8
    9a29:	87dc 	sth    b,asm,*ar4+0%
    9a2a:	e503 	mvdd   *ar2,*ar5
    9a2b:	f495 	nop    
    9a2c:	f495 	nop    
    9a2d:	f495 	nop    
    9a2e:	45d3 	ld     *ar3+%,16,b
    9a2f:	8d19 	st     trn,DP+0x19
    9a30:	f495 	nop    
    9a31:	f76c 	sfta   b,12
    9a32:	f778 	sfta   b,-8
    9a33:	87dc 	sth    b,asm,*ar4+0%
    9a34:	6df4 	mar    *+ar4(0x39)%
    9a35:	0039 
    9a36:	e503 	mvdd   *ar2,*ar5
    9a37:	6e89 	banzd  0x9a1e,*ar1-
    9a38:	9a1e 
    9a39:	45d3 	ld     *ar3+%,16,b
    9a3a:	f495 	nop    
    9a3b:	6c86 	banz   0x9a41,*ar6
    9a3c:	9a41 
    9a3d:	6dc3 	mar    *ar3-%
    9a3e:	6df3 	mar    *+ar3(0x3a)%
    9a3f:	003a 
    9a40:	45d3 	ld     *ar3+%,16,b
    9a41:	7711 	stm    #1,ar1
    9a42:	0001 
    9a43:	771a 	stm    #27,brc
    9a44:	001b 
    9a45:	f272 	rptbd  0x9a55
    9a46:	9a55 
    9a47:	8d19 	st     trn,DP+0x19
    9a48:	f495 	nop    
    9a49:	f76c 	sfta   b,12
    9a4a:	f778 	sfta   b,-8
    9a4b:	87dc 	sth    b,asm,*ar4+0%
    9a4c:	f78f 	norm   b
    9a4d:	f778 	sfta   b,-8
    9a4e:	87dc 	sth    b,asm,*ar4+0%
    9a4f:	e503 	mvdd   *ar2,*ar5
    9a50:	f495 	nop    
    9a51:	f495 	nop    
    9a52:	f495 	nop    
    9a53:	45d3 	ld     *ar3+%,16,b
    9a54:	8d19 	st     trn,DP+0x19
    9a55:	f495 	nop    
    9a56:	f76c 	sfta   b,12
    9a57:	f778 	sfta   b,-8
    9a58:	87dc 	sth    b,asm,*ar4+0%
    9a59:	6df4 	mar    *+ar4(0x39)%
    9a5a:	0039 
    9a5b:	e503 	mvdd   *ar2,*ar5
    9a5c:	6e89 	banzd  0x9a43,*ar1-
    9a5d:	9a43 
    9a5e:	45d3 	ld     *ar3+%,16,b
    9a5f:	f495 	nop    
    9a60:	f020 	ld     #-9081,a
    9a61:	dc87 
    9a62:	7712 	stm    #11264,ar2
    9a63:	2c00 
    9a64:	8a13 	popm   ar3
    9a65:	7714 	stm    #-9081,ar4
    9a66:	dc87 
    9a67:	ec0f 	rpt    #15
    9a68:	e5a8 	mvdd   *ar4+,*ar2+
    9a69:	e734 	mvmm   ar3,ar4
    9a6a:	771a 	stm    #455,brc
    9a6b:	01c7 
    9a6c:	f120 	ld     #11272,b
    9a6d:	2c08 
    9a6e:	1093 	ld     *ar3+,a
    9a6f:	f272 	rptbd  0x9a76
    9a70:	9a76 
    9a71:	f600 	add    b,a
    9a72:	8812 	stlm   a,ar2
    9a73:	1093 	ld     *ar3+,a
    9a74:	f600 	add    b,a
    9a75:	e50a 	mvdd   *ar2,*ar4+
    9a76:	8812 	stlm   a,ar2
    9a77:	fc00 	ret    
    9a78:	f272 	rptbd  0x9aad
    9a79:	9aad 
    9a7a:	7712 	stm    #11296,ar2
    9a7b:	2c20 
    9a7c:	4491 	ld     *ar1+,16,a
    9a7d:	3d81 	add    *ar1,16,a,b
    9a7e:	830e 	sth    b,DP+0x0e
    9a7f:	4191 	sub    *ar1+,16,a,b
    9a80:	8382 	sth    b,*ar2
    9a81:	5a85 	dadst  *ar5,a
    9a82:	5f95 	dsadt  *ar5+,b
    9a83:	8e94 	cmps   a,*ar4+
    9a84:	8f93 	cmps   b,*ar3+
    9a85:	5e85 	dsadt  *ar5,a
    9a86:	5b95 	dadst  *ar5+,b
    9a87:	8e94 	cmps   a,*ar4+
    9a88:	8f93 	cmps   b,*ar3+
    9a89:	5a85 	dadst  *ar5,a
    9a8a:	5f95 	dsadt  *ar5+,b
    9a8b:	8e94 	cmps   a,*ar4+
    9a8c:	8f93 	cmps   b,*ar3+
    9a8d:	5e85 	dsadt  *ar5,a
    9a8e:	5b95 	dadst  *ar5+,b
    9a8f:	8e94 	cmps   a,*ar4+
    9a90:	8f93 	cmps   b,*ar3+
    9a91:	3082 	ld     *ar2,t
    9a92:	5a85 	dadst  *ar5,a
    9a93:	5f95 	dsadt  *ar5+,b
    9a94:	8e94 	cmps   a,*ar4+
    9a95:	8f93 	cmps   b,*ar3+
    9a96:	5e85 	dsadt  *ar5,a
    9a97:	5b95 	dadst  *ar5+,b
    9a98:	8e94 	cmps   a,*ar4+
    9a99:	8f93 	cmps   b,*ar3+
    9a9a:	5a85 	dadst  *ar5,a
    9a9b:	5f95 	dsadt  *ar5+,b
    9a9c:	8e94 	cmps   a,*ar4+
    9a9d:	8f93 	cmps   b,*ar3+
    9a9e:	5e85 	dsadt  *ar5,a
    9a9f:	5bd5 	dadst  *ar5+%,b
    9aa0:	6160 	bitf   DP+0x60,#1
    9aa1:	0001 
    9aa2:	fa20 	bcd    0x9aad,ntc
    9aa3:	9aad 
    9aa4:	8edc 	cmps   a,*ar4+0%
    9aa5:	8fdb 	cmps   b,*ar3+0%
    9aa6:	611a 	bitf   DP+0x1a,#1
    9aa7:	0001 
    9aa8:	f820 	bc     0x9aad,ntc
    9aa9:	9aad 
    9aaa:	ec0f 	rpt    #15
    9aab:	7097 	mvkd   0x2c00,*ar7+
    9aac:	2c00 
    9aad:	8d96 	st     trn,*ar6+
    9aae:	fc00 	ret    
    9aaf:	7713 	stm    #11264,ar3
    9ab0:	2c00 
    9ab1:	7683 	st     #1,*ar3
    9ab2:	0001 
    9ab3:	e714 	mvmm   ar1,ar4
    9ab4:	e800 	ld     #0,a
    9ab5:	e900 	ld     #0,b
    9ab6:	771a 	stm    #15,brc
    9ab7:	000f 
    9ab8:	f072 	rptb   0x9abf
    9ab9:	9abf 
    9aba:	1983 	and    *ar3,b
    9abb:	f501 	add    a,1,b
    9abc:	890e 	stlm   b,t
    9abd:	f1fe 	sftl   a,-2,b
    9abe:	348e 	bitt   *ar6-
    9abf:	f492 	roltc  a
    9ac0:	808a 	stl    a,*ar2-
    9ac1:	6e89 	banzd  0x9ab8,*ar1-
    9ac2:	9ab8 
    9ac3:	771a 	stm    #15,brc
    9ac4:	000f 
    9ac5:	6d92 	mar    *ar2+
    9ac6:	1082 	ld     *ar2,a
    9ac7:	f47f 	sfta   a,-1
    9ac8:	771a 	stm    #15,brc
    9ac9:	000f 
    9aca:	f072 	rptb   0x9acd
    9acb:	9acd 
    9acc:	f591 	rol    b
    9acd:	f47f 	sfta   a,-1
    9ace:	6e8c 	banzd  0x9ac7,*ar4-
    9acf:	9ac7 
    9ad0:	8192 	stl    b,*ar2+
    9ad1:	1082 	ld     *ar2,a
    9ad2:	fc00 	ret    
    9ad3:	f072 	rptb   0x9b2a
    9ad4:	9b2a 
    9ad5:	f130 	and    #15,a,b
    9ad6:	000f 
    9ad7:	8910 	stlm   b,ar0
    9ad8:	6dec 	mar    *+ar4(0x4)
    9ad9:	0004 
    9ada:	6db2 	mar    *ar2+0
    9adb:	11aa 	ld     *ar2-0,b
    9adc:	8160 	stl    b,DP+0x60
    9add:	6a10 	xorm   #1,DP+0x10
    9ade:	0001 
    9adf:	f130 	and    #14,a,b
    9ae0:	000e 
    9ae1:	f3e1 	sftl   b,1
    9ae2:	0161 	add    DP+0x61,b
    9ae3:	f7e3 	calad  b
    9ae4:	1194 	ld     *ar4+,b
    9ae5:	018c 	add    *ar4-,b
    9ae6:	f130 	and    #17,a,b
    9ae7:	0011 
    9ae8:	f3dc 	xor    b,-4
    9ae9:	f3ff 	sftl   b,-1
    9aea:	1162 	ld     DP+0x62,b
    9aeb:	f495 	nop    
    9aec:	fd0c 	xc     1,c
    9aed:	f784 	neg    b
    9aee:	8162 	stl    b,DP+0x62
    9aef:	f47f 	sfta   a,-1
    9af0:	0160 	add    DP+0x60,b
    9af1:	8160 	stl    b,DP+0x60
    9af2:	6db2 	mar    *ar2+0
    9af3:	09aa 	sub    *ar2-0,b
    9af4:	0162 	add    DP+0x62,b
    9af5:	8193 	stl    b,*ar3+
    9af6:	f1ff 	sftl   a,-1,b
    9af7:	f330 	and    #15,b
    9af8:	000f 
    9af9:	8910 	stlm   b,ar0
    9afa:	6dea 	mar    *+ar2(0x10)
    9afb:	0010 
    9afc:	6db2 	mar    *ar2+0
    9afd:	6faa 	ld     *ar2-0,1,b
    9afe:	0d41 
    9aff:	0960 	sub    DP+0x60,b
    9b00:	8183 	stl    b,*ar3
    9b01:	1c65 	xor    DP+0x65,a
    9b02:	f130 	and    #8,a,b
    9b03:	0008 
    9b04:	f3fd 	sftl   b,-3
    9b05:	f501 	add    a,1,b
    9b06:	890e 	stlm   b,t
    9b07:	f3ff 	sftl   b,-1
    9b08:	3495 	bitt   *ar5+
    9b09:	6d95 	mar    *ar5+
    9b0a:	f592 	roltc  b
    9b0b:	8163 	stl    b,DP+0x63
    9b0c:	f330 	and    #15,b
    9b0d:	000f 
    9b0e:	8910 	stlm   b,ar0
    9b0f:	6dea 	mar    *+ar2(0xfff0)
    9b10:	fff0 
    9b11:	6db2 	mar    *ar2+0
    9b12:	1183 	ld     *ar3,b
    9b13:	09aa 	sub    *ar2-0,b
    9b14:	8183 	stl    b,*ar3
    9b15:	6dea 	mar    *+ar2(0x10)
    9b16:	0010 
    9b17:	f47f 	sfta   a,-1
    9b18:	1163 	ld     DP+0x63,b
    9b19:	f330 	and    #14,b
    9b1a:	000e 
    9b1b:	f3e1 	sftl   b,1
    9b1c:	0161 	add    DP+0x61,b
    9b1d:	f7e3 	calad  b
    9b1e:	1194 	ld     *ar4+,b
    9b1f:	018c 	add    *ar4-,b
    9b20:	1163 	ld     DP+0x63,b
    9b21:	f330 	and    #17,b
    9b22:	0011 
    9b23:	f3dc 	xor    b,-4
    9b24:	f3ff 	sftl   b,-1
    9b25:	f495 	nop    
    9b26:	1162 	ld     DP+0x62,b
    9b27:	fd08 	xc     1,nc
    9b28:	f784 	neg    b
    9b29:	0183 	add    *ar3,b
    9b2a:	8193 	stl    b,*ar3+
    9b2b:	fc00 	ret    
    9b2c:	fe00 	retd   
    9b2d:	8162 	stl    b,DP+0x62
    9b2e:	f495 	nop    
    9b2f:	f495 	nop    
    9b30:	fe00 	retd   
    9b31:	f784 	neg    b
    9b32:	8162 	stl    b,DP+0x62
    9b33:	f495 	nop    
    9b34:	fe00 	retd   
    9b35:	8162 	stl    b,DP+0x62
    9b36:	f495 	nop    
    9b37:	f495 	nop    
    9b38:	fe00 	retd   
    9b39:	f784 	neg    b
    9b3a:	8162 	stl    b,DP+0x62
    9b3b:	f495 	nop    
    9b3c:	9321 	sub    *ar4,1,b
    9b3d:	fe00 	retd   
    9b3e:	f784 	neg    b
    9b3f:	8162 	stl    b,DP+0x62
    9b40:	fe00 	retd   
    9b41:	9321 	sub    *ar4,1,b
    9b42:	8162 	stl    b,DP+0x62
    9b43:	f495 	nop    
    9b44:	9321 	sub    *ar4,1,b
    9b45:	fe00 	retd   
    9b46:	f784 	neg    b
    9b47:	8162 	stl    b,DP+0x62
    9b48:	fe00 	retd   
    9b49:	9321 	sub    *ar4,1,b
    9b4a:	8162 	stl    b,DP+0x62
    9b4b:	f495 	nop    
    9b4c:	7719 	stm    #128,bk
    9b4d:	0080 
    9b4e:	7710 	stm    #33,ar0
    9b4f:	0021 
    9b50:	7717 	stm    #11948,ar7
    9b51:	2eac 
    9b52:	7715 	stm    #12544,ar5
    9b53:	3100 
    9b54:	7714 	stm    #12608,ar4
    9b55:	3140 
    9b56:	7713 	stm    #12640,ar3
    9b57:	3160 
    9b58:	7695 	st     #0,*ar5+
    9b59:	0000 
    9b5a:	f020 	ld     #-16384,a
    9b5b:	c000 
    9b5c:	771a 	stm    #62,brc
    9b5d:	003e 
    9b5e:	f072 	rptb   0x9b60
    9b5f:	9b60 
    9b60:	8095 	stl    a,*ar5+
    9b61:	6ded 	mar    *+ar5(0xffc0)
    9b62:	ffc0 
    9b63:	7665 	st     #0,DP+0x65
    9b64:	0000 
    9b65:	f274 	calld  0x9db4
    9b66:	9db4 
    9b67:	771a 	stm    #77,brc
    9b68:	004d 
    9b69:	7665 	st     #1,DP+0x65
    9b6a:	0001 
    9b6b:	f274 	calld  0x9db4
    9b6c:	9db4 
    9b6d:	771a 	stm    #16,brc
    9b6e:	0010 
    9b6f:	771a 	stm    #2,brc
    9b70:	0002 
    9b71:	f072 	rptb   0x9c95
    9b72:	9c95 
    9b73:	4491 	ld     *ar1+,16,a
    9b74:	3d91 	add    *ar1+,16,a,b
    9b75:	3f89 	add    *ar1-,16,b
    9b76:	8360 	sth    b,DP+0x60
    9b77:	3d91 	add    *ar1+,16,a,b
    9b78:	4389 	sub    *ar1-,16,b
    9b79:	8361 	sth    b,DP+0x61
    9b7a:	4191 	sub    *ar1+,16,a,b
    9b7b:	3f89 	add    *ar1-,16,b
    9b7c:	8362 	sth    b,DP+0x62
    9b7d:	4191 	sub    *ar1+,16,a,b
    9b7e:	4391 	sub    *ar1+,16,b
    9b7f:	8363 	sth    b,DP+0x63
    9b80:	3060 	ld     DP+0x60,t
    9b81:	5a85 	dadst  *ar5,a
    9b82:	5f95 	dsadt  *ar5+,b
    9b83:	8e94 	cmps   a,*ar4+
    9b84:	8f93 	cmps   b,*ar3+
    9b85:	f430 	sub    a,-16
    9b86:	f730 	sub    b,-16
    9b87:	8096 	stl    a,*ar6+
    9b88:	8196 	stl    b,*ar6+
    9b89:	3063 	ld     DP+0x63,t
    9b8a:	5e85 	dsadt  *ar5,a
    9b8b:	5b95 	dadst  *ar5+,b
    9b8c:	8e94 	cmps   a,*ar4+
    9b8d:	8f93 	cmps   b,*ar3+
    9b8e:	f430 	sub    a,-16
    9b8f:	f730 	sub    b,-16
    9b90:	8096 	stl    a,*ar6+
    9b91:	8196 	stl    b,*ar6+
    9b92:	5a85 	dadst  *ar5,a
    9b93:	5f95 	dsadt  *ar5+,b
    9b94:	8e94 	cmps   a,*ar4+
    9b95:	8f93 	cmps   b,*ar3+
    9b96:	f430 	sub    a,-16
    9b97:	f730 	sub    b,-16
    9b98:	8096 	stl    a,*ar6+
    9b99:	8196 	stl    b,*ar6+
    9b9a:	3060 	ld     DP+0x60,t
    9b9b:	5e85 	dsadt  *ar5,a
    9b9c:	5b95 	dadst  *ar5+,b
    9b9d:	8e94 	cmps   a,*ar4+
    9b9e:	8f93 	cmps   b,*ar3+
    9b9f:	f430 	sub    a,-16
    9ba0:	f730 	sub    b,-16
    9ba1:	8096 	stl    a,*ar6+
    9ba2:	8196 	stl    b,*ar6+
    9ba3:	3062 	ld     DP+0x62,t
    9ba4:	5e85 	dsadt  *ar5,a
    9ba5:	5b95 	dadst  *ar5+,b
    9ba6:	8e94 	cmps   a,*ar4+
    9ba7:	8f93 	cmps   b,*ar3+
    9ba8:	f430 	sub    a,-16
    9ba9:	f730 	sub    b,-16
    9baa:	8096 	stl    a,*ar6+
    9bab:	8196 	stl    b,*ar6+
    9bac:	3061 	ld     DP+0x61,t
    9bad:	5a85 	dadst  *ar5,a
    9bae:	5f95 	dsadt  *ar5+,b
    9baf:	8e94 	cmps   a,*ar4+
    9bb0:	8f93 	cmps   b,*ar3+
    9bb1:	f430 	sub    a,-16
    9bb2:	f730 	sub    b,-16
    9bb3:	8096 	stl    a,*ar6+
    9bb4:	8196 	stl    b,*ar6+
    9bb5:	5e85 	dsadt  *ar5,a
    9bb6:	5b95 	dadst  *ar5+,b
    9bb7:	8e94 	cmps   a,*ar4+
    9bb8:	8f93 	cmps   b,*ar3+
    9bb9:	f430 	sub    a,-16
    9bba:	f730 	sub    b,-16
    9bbb:	8096 	stl    a,*ar6+
    9bbc:	8196 	stl    b,*ar6+
    9bbd:	3062 	ld     DP+0x62,t
    9bbe:	5a85 	dadst  *ar5,a
    9bbf:	5f95 	dsadt  *ar5+,b
    9bc0:	8e94 	cmps   a,*ar4+
    9bc1:	8f93 	cmps   b,*ar3+
    9bc2:	f430 	sub    a,-16
    9bc3:	f730 	sub    b,-16
    9bc4:	8096 	stl    a,*ar6+
    9bc5:	8196 	stl    b,*ar6+
    9bc6:	5e85 	dsadt  *ar5,a
    9bc7:	5b95 	dadst  *ar5+,b
    9bc8:	8e94 	cmps   a,*ar4+
    9bc9:	8f93 	cmps   b,*ar3+
    9bca:	f430 	sub    a,-16
    9bcb:	f730 	sub    b,-16
    9bcc:	8096 	stl    a,*ar6+
    9bcd:	8196 	stl    b,*ar6+
    9bce:	3061 	ld     DP+0x61,t
    9bcf:	5a85 	dadst  *ar5,a
    9bd0:	5f95 	dsadt  *ar5+,b
    9bd1:	8e94 	cmps   a,*ar4+
    9bd2:	8f93 	cmps   b,*ar3+
    9bd3:	f430 	sub    a,-16
    9bd4:	f730 	sub    b,-16
    9bd5:	8096 	stl    a,*ar6+
    9bd6:	8196 	stl    b,*ar6+
    9bd7:	5e85 	dsadt  *ar5,a
    9bd8:	5b95 	dadst  *ar5+,b
    9bd9:	8e94 	cmps   a,*ar4+
    9bda:	8f93 	cmps   b,*ar3+
    9bdb:	f430 	sub    a,-16
    9bdc:	f730 	sub    b,-16
    9bdd:	8096 	stl    a,*ar6+
    9bde:	8196 	stl    b,*ar6+
    9bdf:	3062 	ld     DP+0x62,t
    9be0:	5a85 	dadst  *ar5,a
    9be1:	5f95 	dsadt  *ar5+,b
    9be2:	8e94 	cmps   a,*ar4+
    9be3:	8f93 	cmps   b,*ar3+
    9be4:	f430 	sub    a,-16
    9be5:	f730 	sub    b,-16
    9be6:	8096 	stl    a,*ar6+
    9be7:	8196 	stl    b,*ar6+
    9be8:	3060 	ld     DP+0x60,t
    9be9:	5a85 	dadst  *ar5,a
    9bea:	5f95 	dsadt  *ar5+,b
    9beb:	8e94 	cmps   a,*ar4+
    9bec:	8f93 	cmps   b,*ar3+
    9bed:	f430 	sub    a,-16
    9bee:	f730 	sub    b,-16
    9bef:	8096 	stl    a,*ar6+
    9bf0:	8196 	stl    b,*ar6+
    9bf1:	3063 	ld     DP+0x63,t
    9bf2:	5e85 	dsadt  *ar5,a
    9bf3:	5b95 	dadst  *ar5+,b
    9bf4:	8e94 	cmps   a,*ar4+
    9bf5:	8f93 	cmps   b,*ar3+
    9bf6:	f430 	sub    a,-16
    9bf7:	f730 	sub    b,-16
    9bf8:	8096 	stl    a,*ar6+
    9bf9:	8196 	stl    b,*ar6+
    9bfa:	5a85 	dadst  *ar5,a
    9bfb:	5f95 	dsadt  *ar5+,b
    9bfc:	8e94 	cmps   a,*ar4+
    9bfd:	8f93 	cmps   b,*ar3+
    9bfe:	f430 	sub    a,-16
    9bff:	f730 	sub    b,-16
    9c00:	8096 	stl    a,*ar6+
    9c01:	8196 	stl    b,*ar6+
    9c02:	3060 	ld     DP+0x60,t
    9c03:	5e85 	dsadt  *ar5,a
    9c04:	5b95 	dadst  *ar5+,b
    9c05:	8e94 	cmps   a,*ar4+
    9c06:	8f93 	cmps   b,*ar3+
    9c07:	f430 	sub    a,-16
    9c08:	f730 	sub    b,-16
    9c09:	8096 	stl    a,*ar6+
    9c0a:	8196 	stl    b,*ar6+
    9c0b:	3063 	ld     DP+0x63,t
    9c0c:	5a85 	dadst  *ar5,a
    9c0d:	5f95 	dsadt  *ar5+,b
    9c0e:	8e94 	cmps   a,*ar4+
    9c0f:	8f93 	cmps   b,*ar3+
    9c10:	f430 	sub    a,-16
    9c11:	f730 	sub    b,-16
    9c12:	8096 	stl    a,*ar6+
    9c13:	8196 	stl    b,*ar6+
    9c14:	3060 	ld     DP+0x60,t
    9c15:	5e85 	dsadt  *ar5,a
    9c16:	5b95 	dadst  *ar5+,b
    9c17:	8e94 	cmps   a,*ar4+
    9c18:	8f93 	cmps   b,*ar3+
    9c19:	f430 	sub    a,-16
    9c1a:	f730 	sub    b,-16
    9c1b:	8096 	stl    a,*ar6+
    9c1c:	8196 	stl    b,*ar6+
    9c1d:	5a85 	dadst  *ar5,a
    9c1e:	5f95 	dsadt  *ar5+,b
    9c1f:	8e94 	cmps   a,*ar4+
    9c20:	8f93 	cmps   b,*ar3+
    9c21:	f430 	sub    a,-16
    9c22:	f730 	sub    b,-16
    9c23:	8096 	stl    a,*ar6+
    9c24:	8196 	stl    b,*ar6+
    9c25:	3063 	ld     DP+0x63,t
    9c26:	5e85 	dsadt  *ar5,a
    9c27:	5b95 	dadst  *ar5+,b
    9c28:	8e94 	cmps   a,*ar4+
    9c29:	8f93 	cmps   b,*ar3+
    9c2a:	f430 	sub    a,-16
    9c2b:	f730 	sub    b,-16
    9c2c:	8096 	stl    a,*ar6+
    9c2d:	8196 	stl    b,*ar6+
    9c2e:	3061 	ld     DP+0x61,t
    9c2f:	5e85 	dsadt  *ar5,a
    9c30:	5b95 	dadst  *ar5+,b
    9c31:	8e94 	cmps   a,*ar4+
    9c32:	8f93 	cmps   b,*ar3+
    9c33:	f430 	sub    a,-16
    9c34:	f730 	sub    b,-16
    9c35:	8096 	stl    a,*ar6+
    9c36:	8196 	stl    b,*ar6+
    9c37:	3062 	ld     DP+0x62,t
    9c38:	5a85 	dadst  *ar5,a
    9c39:	5f95 	dsadt  *ar5+,b
    9c3a:	8e94 	cmps   a,*ar4+
    9c3b:	8f93 	cmps   b,*ar3+
    9c3c:	f430 	sub    a,-16
    9c3d:	f730 	sub    b,-16
    9c3e:	8096 	stl    a,*ar6+
    9c3f:	8196 	stl    b,*ar6+
    9c40:	5e85 	dsadt  *ar5,a
    9c41:	5b95 	dadst  *ar5+,b
    9c42:	8e94 	cmps   a,*ar4+
    9c43:	8f93 	cmps   b,*ar3+
    9c44:	f430 	sub    a,-16
    9c45:	f730 	sub    b,-16
    9c46:	8096 	stl    a,*ar6+
    9c47:	8196 	stl    b,*ar6+
    9c48:	3061 	ld     DP+0x61,t
    9c49:	5a85 	dadst  *ar5,a
    9c4a:	5f95 	dsadt  *ar5+,b
    9c4b:	8e94 	cmps   a,*ar4+
    9c4c:	8f93 	cmps   b,*ar3+
    9c4d:	f430 	sub    a,-16
    9c4e:	f730 	sub    b,-16
    9c4f:	8096 	stl    a,*ar6+
    9c50:	8196 	stl    b,*ar6+
    9c51:	5e85 	dsadt  *ar5,a
    9c52:	5b95 	dadst  *ar5+,b
    9c53:	8e94 	cmps   a,*ar4+
    9c54:	8f93 	cmps   b,*ar3+
    9c55:	f430 	sub    a,-16
    9c56:	f730 	sub    b,-16
    9c57:	8096 	stl    a,*ar6+
    9c58:	8196 	stl    b,*ar6+
    9c59:	3062 	ld     DP+0x62,t
    9c5a:	5a85 	dadst  *ar5,a
    9c5b:	5f95 	dsadt  *ar5+,b
    9c5c:	8e94 	cmps   a,*ar4+
    9c5d:	8f93 	cmps   b,*ar3+
    9c5e:	f430 	sub    a,-16
    9c5f:	f730 	sub    b,-16
    9c60:	8096 	stl    a,*ar6+
    9c61:	8196 	stl    b,*ar6+
    9c62:	5e85 	dsadt  *ar5,a
    9c63:	5b95 	dadst  *ar5+,b
    9c64:	8e94 	cmps   a,*ar4+
    9c65:	8f93 	cmps   b,*ar3+
    9c66:	f430 	sub    a,-16
    9c67:	f730 	sub    b,-16
    9c68:	8096 	stl    a,*ar6+
    9c69:	8196 	stl    b,*ar6+
    9c6a:	3061 	ld     DP+0x61,t
    9c6b:	5a85 	dadst  *ar5,a
    9c6c:	5f95 	dsadt  *ar5+,b
    9c6d:	8e94 	cmps   a,*ar4+
    9c6e:	8f93 	cmps   b,*ar3+
    9c6f:	f430 	sub    a,-16
    9c70:	f730 	sub    b,-16
    9c71:	8096 	stl    a,*ar6+
    9c72:	8196 	stl    b,*ar6+
    9c73:	3063 	ld     DP+0x63,t
    9c74:	5a85 	dadst  *ar5,a
    9c75:	5f95 	dsadt  *ar5+,b
    9c76:	8e94 	cmps   a,*ar4+
    9c77:	8f93 	cmps   b,*ar3+
    9c78:	f430 	sub    a,-16
    9c79:	f730 	sub    b,-16
    9c7a:	8096 	stl    a,*ar6+
    9c7b:	8196 	stl    b,*ar6+
    9c7c:	3060 	ld     DP+0x60,t
    9c7d:	5e85 	dsadt  *ar5,a
    9c7e:	5b95 	dadst  *ar5+,b
    9c7f:	8e94 	cmps   a,*ar4+
    9c80:	8f93 	cmps   b,*ar3+
    9c81:	f430 	sub    a,-16
    9c82:	f730 	sub    b,-16
    9c83:	8096 	stl    a,*ar6+
    9c84:	8196 	stl    b,*ar6+
    9c85:	5a85 	dadst  *ar5,a
    9c86:	5f95 	dsadt  *ar5+,b
    9c87:	8e94 	cmps   a,*ar4+
    9c88:	8f93 	cmps   b,*ar3+
    9c89:	f430 	sub    a,-16
    9c8a:	f730 	sub    b,-16
    9c8b:	8096 	stl    a,*ar6+
    9c8c:	8196 	stl    b,*ar6+
    9c8d:	3063 	ld     DP+0x63,t
    9c8e:	5e85 	dsadt  *ar5,a
    9c8f:	5bd5 	dadst  *ar5+%,b
    9c90:	8edc 	cmps   a,*ar4+0%
    9c91:	8fdb 	cmps   b,*ar3+0%
    9c92:	f430 	sub    a,-16
    9c93:	f730 	sub    b,-16
    9c94:	8096 	stl    a,*ar6+
    9c95:	8196 	stl    b,*ar6+
    9c96:	771a 	stm    #5,brc
    9c97:	0005 
    9c98:	f272 	rptbd  0x9db2
    9c99:	9db2 
    9c9a:	7712 	stm    #12672,ar2
    9c9b:	3180 
    9c9c:	4491 	ld     *ar1+,16,a
    9c9d:	4181 	sub    *ar1,16,a,b
    9c9e:	8392 	sth    b,*ar2+
    9c9f:	3d91 	add    *ar1+,16,a,b
    9ca0:	830e 	sth    b,DP+0x0e
    9ca1:	838a 	sth    b,*ar2-
    9ca2:	5a85 	dadst  *ar5,a
    9ca3:	5f95 	dsadt  *ar5+,b
    9ca4:	8e94 	cmps   a,*ar4+
    9ca5:	8f93 	cmps   b,*ar3+
    9ca6:	f430 	sub    a,-16
    9ca7:	f730 	sub    b,-16
    9ca8:	8096 	stl    a,*ar6+
    9ca9:	8196 	stl    b,*ar6+
    9caa:	3092 	ld     *ar2+,t
    9cab:	5e85 	dsadt  *ar5,a
    9cac:	5b95 	dadst  *ar5+,b
    9cad:	8e94 	cmps   a,*ar4+
    9cae:	8f93 	cmps   b,*ar3+
    9caf:	f430 	sub    a,-16
    9cb0:	f730 	sub    b,-16
    9cb1:	8096 	stl    a,*ar6+
    9cb2:	8196 	stl    b,*ar6+
    9cb3:	5a85 	dadst  *ar5,a
    9cb4:	5f95 	dsadt  *ar5+,b
    9cb5:	8e94 	cmps   a,*ar4+
    9cb6:	8f93 	cmps   b,*ar3+
    9cb7:	f430 	sub    a,-16
    9cb8:	f730 	sub    b,-16
    9cb9:	8096 	stl    a,*ar6+
    9cba:	8196 	stl    b,*ar6+
    9cbb:	308a 	ld     *ar2-,t
    9cbc:	5e85 	dsadt  *ar5,a
    9cbd:	5b95 	dadst  *ar5+,b
    9cbe:	8e94 	cmps   a,*ar4+
    9cbf:	8f93 	cmps   b,*ar3+
    9cc0:	f430 	sub    a,-16
    9cc1:	f730 	sub    b,-16
    9cc2:	8096 	stl    a,*ar6+
    9cc3:	8196 	stl    b,*ar6+
    9cc4:	5e85 	dsadt  *ar5,a
    9cc5:	5b95 	dadst  *ar5+,b
    9cc6:	8e94 	cmps   a,*ar4+
    9cc7:	8f93 	cmps   b,*ar3+
    9cc8:	f430 	sub    a,-16
    9cc9:	f730 	sub    b,-16
    9cca:	8096 	stl    a,*ar6+
    9ccb:	8196 	stl    b,*ar6+
    9ccc:	3092 	ld     *ar2+,t
    9ccd:	5a85 	dadst  *ar5,a
    9cce:	5f95 	dsadt  *ar5+,b
    9ccf:	8e94 	cmps   a,*ar4+
    9cd0:	8f93 	cmps   b,*ar3+
    9cd1:	f430 	sub    a,-16
    9cd2:	f730 	sub    b,-16
    9cd3:	8096 	stl    a,*ar6+
    9cd4:	8196 	stl    b,*ar6+
    9cd5:	5e85 	dsadt  *ar5,a
    9cd6:	5b95 	dadst  *ar5+,b
    9cd7:	8e94 	cmps   a,*ar4+
    9cd8:	8f93 	cmps   b,*ar3+
    9cd9:	f430 	sub    a,-16
    9cda:	f730 	sub    b,-16
    9cdb:	8096 	stl    a,*ar6+
    9cdc:	8196 	stl    b,*ar6+
    9cdd:	308a 	ld     *ar2-,t
    9cde:	5a85 	dadst  *ar5,a
    9cdf:	5f95 	dsadt  *ar5+,b
    9ce0:	8e94 	cmps   a,*ar4+
    9ce1:	8f93 	cmps   b,*ar3+
    9ce2:	f430 	sub    a,-16
    9ce3:	f730 	sub    b,-16
    9ce4:	8096 	stl    a,*ar6+
    9ce5:	8196 	stl    b,*ar6+
    9ce6:	5e85 	dsadt  *ar5,a
    9ce7:	5b95 	dadst  *ar5+,b
    9ce8:	8e94 	cmps   a,*ar4+
    9ce9:	8f93 	cmps   b,*ar3+
    9cea:	f430 	sub    a,-16
    9ceb:	f730 	sub    b,-16
    9cec:	8096 	stl    a,*ar6+
    9ced:	8196 	stl    b,*ar6+
    9cee:	3092 	ld     *ar2+,t
    9cef:	5a85 	dadst  *ar5,a
    9cf0:	5f95 	dsadt  *ar5+,b
    9cf1:	8e94 	cmps   a,*ar4+
    9cf2:	8f93 	cmps   b,*ar3+
    9cf3:	f430 	sub    a,-16
    9cf4:	f730 	sub    b,-16
    9cf5:	8096 	stl    a,*ar6+
    9cf6:	8196 	stl    b,*ar6+
    9cf7:	5e85 	dsadt  *ar5,a
    9cf8:	5b95 	dadst  *ar5+,b
    9cf9:	8e94 	cmps   a,*ar4+
    9cfa:	8f93 	cmps   b,*ar3+
    9cfb:	f430 	sub    a,-16
    9cfc:	f730 	sub    b,-16
    9cfd:	8096 	stl    a,*ar6+
    9cfe:	8196 	stl    b,*ar6+
    9cff:	308a 	ld     *ar2-,t
    9d00:	5a85 	dadst  *ar5,a
    9d01:	5f95 	dsadt  *ar5+,b
    9d02:	8e94 	cmps   a,*ar4+
    9d03:	8f93 	cmps   b,*ar3+
    9d04:	f430 	sub    a,-16
    9d05:	f730 	sub    b,-16
    9d06:	8096 	stl    a,*ar6+
    9d07:	8196 	stl    b,*ar6+
    9d08:	5a85 	dadst  *ar5,a
    9d09:	5f95 	dsadt  *ar5+,b
    9d0a:	8e94 	cmps   a,*ar4+
    9d0b:	8f93 	cmps   b,*ar3+
    9d0c:	f430 	sub    a,-16
    9d0d:	f730 	sub    b,-16
    9d0e:	8096 	stl    a,*ar6+
    9d0f:	8196 	stl    b,*ar6+
    9d10:	3092 	ld     *ar2+,t
    9d11:	5e85 	dsadt  *ar5,a
    9d12:	5b95 	dadst  *ar5+,b
    9d13:	8e94 	cmps   a,*ar4+
    9d14:	8f93 	cmps   b,*ar3+
    9d15:	f430 	sub    a,-16
    9d16:	f730 	sub    b,-16
    9d17:	8096 	stl    a,*ar6+
    9d18:	8196 	stl    b,*ar6+
    9d19:	5a85 	dadst  *ar5,a
    9d1a:	5f95 	dsadt  *ar5+,b
    9d1b:	8e94 	cmps   a,*ar4+
    9d1c:	8f93 	cmps   b,*ar3+
    9d1d:	f430 	sub    a,-16
    9d1e:	f730 	sub    b,-16
    9d1f:	8096 	stl    a,*ar6+
    9d20:	8196 	stl    b,*ar6+
    9d21:	308a 	ld     *ar2-,t
    9d22:	5e85 	dsadt  *ar5,a
    9d23:	5b95 	dadst  *ar5+,b
    9d24:	8e94 	cmps   a,*ar4+
    9d25:	8f93 	cmps   b,*ar3+
    9d26:	f430 	sub    a,-16
    9d27:	f730 	sub    b,-16
    9d28:	8096 	stl    a,*ar6+
    9d29:	8196 	stl    b,*ar6+
    9d2a:	3092 	ld     *ar2+,t
    9d2b:	5a85 	dadst  *ar5,a
    9d2c:	5f95 	dsadt  *ar5+,b
    9d2d:	8e94 	cmps   a,*ar4+
    9d2e:	8f93 	cmps   b,*ar3+
    9d2f:	f430 	sub    a,-16
    9d30:	f730 	sub    b,-16
    9d31:	8096 	stl    a,*ar6+
    9d32:	8196 	stl    b,*ar6+
    9d33:	308a 	ld     *ar2-,t
    9d34:	5e85 	dsadt  *ar5,a
    9d35:	5b95 	dadst  *ar5+,b
    9d36:	8e94 	cmps   a,*ar4+
    9d37:	8f93 	cmps   b,*ar3+
    9d38:	f430 	sub    a,-16
    9d39:	f730 	sub    b,-16
    9d3a:	8096 	stl    a,*ar6+
    9d3b:	8196 	stl    b,*ar6+
    9d3c:	5a85 	dadst  *ar5,a
    9d3d:	5f95 	dsadt  *ar5+,b
    9d3e:	8e94 	cmps   a,*ar4+
    9d3f:	8f93 	cmps   b,*ar3+
    9d40:	f430 	sub    a,-16
    9d41:	f730 	sub    b,-16
    9d42:	8096 	stl    a,*ar6+
    9d43:	8196 	stl    b,*ar6+
    9d44:	3092 	ld     *ar2+,t
    9d45:	5e85 	dsadt  *ar5,a
    9d46:	5b95 	dadst  *ar5+,b
    9d47:	8e94 	cmps   a,*ar4+
    9d48:	8f93 	cmps   b,*ar3+
    9d49:	f430 	sub    a,-16
    9d4a:	f730 	sub    b,-16
    9d4b:	8096 	stl    a,*ar6+
    9d4c:	8196 	stl    b,*ar6+
    9d4d:	5e85 	dsadt  *ar5,a
    9d4e:	5b95 	dadst  *ar5+,b
    9d4f:	8e94 	cmps   a,*ar4+
    9d50:	8f93 	cmps   b,*ar3+
    9d51:	f430 	sub    a,-16
    9d52:	f730 	sub    b,-16
    9d53:	8096 	stl    a,*ar6+
    9d54:	8196 	stl    b,*ar6+
    9d55:	308a 	ld     *ar2-,t
    9d56:	5a85 	dadst  *ar5,a
    9d57:	5f95 	dsadt  *ar5+,b
    9d58:	8e94 	cmps   a,*ar4+
    9d59:	8f93 	cmps   b,*ar3+
    9d5a:	f430 	sub    a,-16
    9d5b:	f730 	sub    b,-16
    9d5c:	8096 	stl    a,*ar6+
    9d5d:	8196 	stl    b,*ar6+
    9d5e:	5e85 	dsadt  *ar5,a
    9d5f:	5b95 	dadst  *ar5+,b
    9d60:	8e94 	cmps   a,*ar4+
    9d61:	8f93 	cmps   b,*ar3+
    9d62:	f430 	sub    a,-16
    9d63:	f730 	sub    b,-16
    9d64:	8096 	stl    a,*ar6+
    9d65:	8196 	stl    b,*ar6+
    9d66:	3092 	ld     *ar2+,t
    9d67:	5a85 	dadst  *ar5,a
    9d68:	5f95 	dsadt  *ar5+,b
    9d69:	8e94 	cmps   a,*ar4+
    9d6a:	8f93 	cmps   b,*ar3+
    9d6b:	f430 	sub    a,-16
    9d6c:	f730 	sub    b,-16
    9d6d:	8096 	stl    a,*ar6+
    9d6e:	8196 	stl    b,*ar6+
    9d6f:	5e85 	dsadt  *ar5,a
    9d70:	5b95 	dadst  *ar5+,b
    9d71:	8e94 	cmps   a,*ar4+
    9d72:	8f93 	cmps   b,*ar3+
    9d73:	f430 	sub    a,-16
    9d74:	f730 	sub    b,-16
    9d75:	8096 	stl    a,*ar6+
    9d76:	8196 	stl    b,*ar6+
    9d77:	308a 	ld     *ar2-,t
    9d78:	5a85 	dadst  *ar5,a
    9d79:	5f95 	dsadt  *ar5+,b
    9d7a:	8e94 	cmps   a,*ar4+
    9d7b:	8f93 	cmps   b,*ar3+
    9d7c:	f430 	sub    a,-16
    9d7d:	f730 	sub    b,-16
    9d7e:	8096 	stl    a,*ar6+
    9d7f:	8196 	stl    b,*ar6+
    9d80:	5e85 	dsadt  *ar5,a
    9d81:	5b95 	dadst  *ar5+,b
    9d82:	8e94 	cmps   a,*ar4+
    9d83:	8f93 	cmps   b,*ar3+
    9d84:	f430 	sub    a,-16
    9d85:	f730 	sub    b,-16
    9d86:	8096 	stl    a,*ar6+
    9d87:	8196 	stl    b,*ar6+
    9d88:	3092 	ld     *ar2+,t
    9d89:	5a85 	dadst  *ar5,a
    9d8a:	5f95 	dsadt  *ar5+,b
    9d8b:	8e94 	cmps   a,*ar4+
    9d8c:	8f93 	cmps   b,*ar3+
    9d8d:	f430 	sub    a,-16
    9d8e:	f730 	sub    b,-16
    9d8f:	8096 	stl    a,*ar6+
    9d90:	8196 	stl    b,*ar6+
    9d91:	5a85 	dadst  *ar5,a
    9d92:	5f95 	dsadt  *ar5+,b
    9d93:	8e94 	cmps   a,*ar4+
    9d94:	8f93 	cmps   b,*ar3+
    9d95:	f430 	sub    a,-16
    9d96:	f730 	sub    b,-16
    9d97:	8096 	stl    a,*ar6+
    9d98:	8196 	stl    b,*ar6+
    9d99:	308a 	ld     *ar2-,t
    9d9a:	5e85 	dsadt  *ar5,a
    9d9b:	5b95 	dadst  *ar5+,b
    9d9c:	8e94 	cmps   a,*ar4+
    9d9d:	8f93 	cmps   b,*ar3+
    9d9e:	f430 	sub    a,-16
    9d9f:	f730 	sub    b,-16
    9da0:	8096 	stl    a,*ar6+
    9da1:	8196 	stl    b,*ar6+
    9da2:	5a85 	dadst  *ar5,a
    9da3:	5f95 	dsadt  *ar5+,b
    9da4:	8e94 	cmps   a,*ar4+
    9da5:	8f93 	cmps   b,*ar3+
    9da6:	f430 	sub    a,-16
    9da7:	f730 	sub    b,-16
    9da8:	8096 	stl    a,*ar6+
    9da9:	8196 	stl    b,*ar6+
    9daa:	3082 	ld     *ar2,t
    9dab:	5e85 	dsadt  *ar5,a
    9dac:	5bd5 	dadst  *ar5+%,b
    9dad:	8edc 	cmps   a,*ar4+0%
    9dae:	8fdb 	cmps   b,*ar3+0%
    9daf:	f430 	sub    a,-16
    9db0:	f730 	sub    b,-16
    9db1:	8096 	stl    a,*ar6+
    9db2:	8196 	stl    b,*ar6+
    9db3:	fc00 	ret    
    9db4:	f272 	rptbd  0x9e63
    9db5:	9e63 
    9db6:	7712 	stm    #12672,ar2
    9db7:	3180 
    9db8:	4491 	ld     *ar1+,16,a
    9db9:	4181 	sub    *ar1,16,a,b
    9dba:	8392 	sth    b,*ar2+
    9dbb:	3d91 	add    *ar1+,16,a,b
    9dbc:	830e 	sth    b,DP+0x0e
    9dbd:	838a 	sth    b,*ar2-
    9dbe:	5a85 	dadst  *ar5,a
    9dbf:	5f95 	dsadt  *ar5+,b
    9dc0:	8e94 	cmps   a,*ar4+
    9dc1:	8f93 	cmps   b,*ar3+
    9dc2:	3092 	ld     *ar2+,t
    9dc3:	5e85 	dsadt  *ar5,a
    9dc4:	5b95 	dadst  *ar5+,b
    9dc5:	8e94 	cmps   a,*ar4+
    9dc6:	8f93 	cmps   b,*ar3+
    9dc7:	5a85 	dadst  *ar5,a
    9dc8:	5f95 	dsadt  *ar5+,b
    9dc9:	8e94 	cmps   a,*ar4+
    9dca:	8f93 	cmps   b,*ar3+
    9dcb:	308a 	ld     *ar2-,t
    9dcc:	5e85 	dsadt  *ar5,a
    9dcd:	5b95 	dadst  *ar5+,b
    9dce:	8e94 	cmps   a,*ar4+
    9dcf:	8f93 	cmps   b,*ar3+
    9dd0:	5e85 	dsadt  *ar5,a
    9dd1:	5b95 	dadst  *ar5+,b
    9dd2:	8e94 	cmps   a,*ar4+
    9dd3:	8f93 	cmps   b,*ar3+
    9dd4:	3092 	ld     *ar2+,t
    9dd5:	5a85 	dadst  *ar5,a
    9dd6:	5f95 	dsadt  *ar5+,b
    9dd7:	8e94 	cmps   a,*ar4+
    9dd8:	8f93 	cmps   b,*ar3+
    9dd9:	5e85 	dsadt  *ar5,a
    9dda:	5b95 	dadst  *ar5+,b
    9ddb:	8e94 	cmps   a,*ar4+
    9ddc:	8f93 	cmps   b,*ar3+
    9ddd:	308a 	ld     *ar2-,t
    9dde:	5a85 	dadst  *ar5,a
    9ddf:	5f95 	dsadt  *ar5+,b
    9de0:	8e94 	cmps   a,*ar4+
    9de1:	8f93 	cmps   b,*ar3+
    9de2:	8d96 	st     trn,*ar6+
    9de3:	5e85 	dsadt  *ar5,a
    9de4:	5b95 	dadst  *ar5+,b
    9de5:	8e94 	cmps   a,*ar4+
    9de6:	8f93 	cmps   b,*ar3+
    9de7:	3092 	ld     *ar2+,t
    9de8:	5a85 	dadst  *ar5,a
    9de9:	5f95 	dsadt  *ar5+,b
    9dea:	8e94 	cmps   a,*ar4+
    9deb:	8f93 	cmps   b,*ar3+
    9dec:	5e85 	dsadt  *ar5,a
    9ded:	5b95 	dadst  *ar5+,b
    9dee:	8e94 	cmps   a,*ar4+
    9def:	8f93 	cmps   b,*ar3+
    9df0:	308a 	ld     *ar2-,t
    9df1:	5a85 	dadst  *ar5,a
    9df2:	5f95 	dsadt  *ar5+,b
    9df3:	8e94 	cmps   a,*ar4+
    9df4:	8f93 	cmps   b,*ar3+
    9df5:	5a85 	dadst  *ar5,a
    9df6:	5f95 	dsadt  *ar5+,b
    9df7:	8e94 	cmps   a,*ar4+
    9df8:	8f93 	cmps   b,*ar3+
    9df9:	3092 	ld     *ar2+,t
    9dfa:	5e85 	dsadt  *ar5,a
    9dfb:	5b95 	dadst  *ar5+,b
    9dfc:	8e94 	cmps   a,*ar4+
    9dfd:	8f93 	cmps   b,*ar3+
    9dfe:	5a85 	dadst  *ar5,a
    9dff:	5f95 	dsadt  *ar5+,b
    9e00:	8e94 	cmps   a,*ar4+
    9e01:	8f93 	cmps   b,*ar3+
    9e02:	308a 	ld     *ar2-,t
    9e03:	5e85 	dsadt  *ar5,a
    9e04:	5b95 	dadst  *ar5+,b
    9e05:	8e94 	cmps   a,*ar4+
    9e06:	8f93 	cmps   b,*ar3+
    9e07:	8d96 	st     trn,*ar6+
    9e08:	3092 	ld     *ar2+,t
    9e09:	5a85 	dadst  *ar5,a
    9e0a:	5f95 	dsadt  *ar5+,b
    9e0b:	8e94 	cmps   a,*ar4+
    9e0c:	8f93 	cmps   b,*ar3+
    9e0d:	308a 	ld     *ar2-,t
    9e0e:	5e85 	dsadt  *ar5,a
    9e0f:	5b95 	dadst  *ar5+,b
    9e10:	8e94 	cmps   a,*ar4+
    9e11:	8f93 	cmps   b,*ar3+
    9e12:	5a85 	dadst  *ar5,a
    9e13:	5f95 	dsadt  *ar5+,b
    9e14:	8e94 	cmps   a,*ar4+
    9e15:	8f93 	cmps   b,*ar3+
    9e16:	3092 	ld     *ar2+,t
    9e17:	5e85 	dsadt  *ar5,a
    9e18:	5b95 	dadst  *ar5+,b
    9e19:	8e94 	cmps   a,*ar4+
    9e1a:	8f93 	cmps   b,*ar3+
    9e1b:	5e85 	dsadt  *ar5,a
    9e1c:	5b95 	dadst  *ar5+,b
    9e1d:	8e94 	cmps   a,*ar4+
    9e1e:	8f93 	cmps   b,*ar3+
    9e1f:	308a 	ld     *ar2-,t
    9e20:	5a85 	dadst  *ar5,a
    9e21:	5f95 	dsadt  *ar5+,b
    9e22:	8e94 	cmps   a,*ar4+
    9e23:	8f93 	cmps   b,*ar3+
    9e24:	5e85 	dsadt  *ar5,a
    9e25:	5b95 	dadst  *ar5+,b
    9e26:	8e94 	cmps   a,*ar4+
    9e27:	8f93 	cmps   b,*ar3+
    9e28:	3092 	ld     *ar2+,t
    9e29:	5a85 	dadst  *ar5,a
    9e2a:	5f95 	dsadt  *ar5+,b
    9e2b:	8e94 	cmps   a,*ar4+
    9e2c:	8f93 	cmps   b,*ar3+
    9e2d:	8d96 	st     trn,*ar6+
    9e2e:	5e85 	dsadt  *ar5,a
    9e2f:	5b95 	dadst  *ar5+,b
    9e30:	8e94 	cmps   a,*ar4+
    9e31:	8f93 	cmps   b,*ar3+
    9e32:	308a 	ld     *ar2-,t
    9e33:	5a85 	dadst  *ar5,a
    9e34:	5f95 	dsadt  *ar5+,b
    9e35:	8e94 	cmps   a,*ar4+
    9e36:	8f93 	cmps   b,*ar3+
    9e37:	5e85 	dsadt  *ar5,a
    9e38:	5b95 	dadst  *ar5+,b
    9e39:	8e94 	cmps   a,*ar4+
    9e3a:	8f93 	cmps   b,*ar3+
    9e3b:	3092 	ld     *ar2+,t
    9e3c:	5a85 	dadst  *ar5,a
    9e3d:	5f95 	dsadt  *ar5+,b
    9e3e:	8e94 	cmps   a,*ar4+
    9e3f:	8f93 	cmps   b,*ar3+
    9e40:	5a85 	dadst  *ar5,a
    9e41:	5f95 	dsadt  *ar5+,b
    9e42:	8e94 	cmps   a,*ar4+
    9e43:	8f93 	cmps   b,*ar3+
    9e44:	308a 	ld     *ar2-,t
    9e45:	5e85 	dsadt  *ar5,a
    9e46:	5b95 	dadst  *ar5+,b
    9e47:	8e94 	cmps   a,*ar4+
    9e48:	8f93 	cmps   b,*ar3+
    9e49:	5a85 	dadst  *ar5,a
    9e4a:	5f95 	dsadt  *ar5+,b
    9e4b:	8e94 	cmps   a,*ar4+
    9e4c:	8f93 	cmps   b,*ar3+
    9e4d:	3082 	ld     *ar2,t
    9e4e:	5e85 	dsadt  *ar5,a
    9e4f:	5bd5 	dadst  *ar5+%,b
    9e50:	6165 	bitf   DP+0x65,#1
    9e51:	0001 
    9e52:	fa20 	bcd    0x9e63,ntc
    9e53:	9e63 
    9e54:	8edc 	cmps   a,*ar4+0%
    9e55:	8fdb 	cmps   b,*ar3+0%
    9e56:	611a 	bitf   DP+0x1a,#1
    9e57:	0001 
    9e58:	f830 	bc     0x9e63,tc
    9e59:	9e63 
    9e5a:	ec15 	rpt    #21
    9e5b:	7097 	mvkd   0x3140,*ar7+
    9e5c:	3140 
    9e5d:	ec15 	rpt    #21
    9e5e:	7097 	mvkd   0x3156,*ar7+
    9e5f:	3156 
    9e60:	ec13 	rpt    #19
    9e61:	7097 	mvkd   0x316c,*ar7+
    9e62:	316c 
    9e63:	8d96 	st     trn,*ar6+
    9e64:	fc00 	ret    
    9e65:	760e 	st     #0,DP+0x0e
    9e66:	0000 
    9e67:	7660 	st     #1,DP+0x60
    9e68:	0001 
    9e69:	7661 	st     #31,DP+0x61
    9e6a:	001f 
    9e6b:	7662 	st     #63,DP+0x62
    9e6c:	003f 
    9e6d:	771a 	stm    #8,brc
    9e6e:	0008 
    9e6f:	f272 	rptbd  0x9e80
    9e70:	9e80 
    9e71:	e800 	ld     #0,a
    9e72:	f495 	nop    
    9e73:	f55b 	ld     a,-5,b
    9e74:	1960 	and    DP+0x60,b
    9e75:	f501 	add    a,1,b
    9e76:	1962 	and    DP+0x62,b
    9e77:	8910 	stlm   b,ar0
    9e78:	6dea 	mar    *+ar2(0xffc0)
    9e79:	ffc0 
    9e7a:	6db2 	mar    *ar2+0
    9e7b:	3482 	bitt   *ar2
    9e7c:	11aa 	ld     *ar2-0,b
    9e7d:	f785 	abs    b
    9e7e:	818d 	stl    b,*ar5-
    9e7f:	f492 	roltc  a
    9e80:	1c60 	xor    DP+0x60,a
    9e81:	7661 	st     #3,DP+0x61
    9e82:	0003 
    9e83:	7711 	stm    #6,ar1
    9e84:	0006 
    9e85:	771a 	stm    #6,brc
    9e86:	0006 
    9e87:	f072 	rptb   0x9e94
    9e88:	9e94 
    9e89:	f1fb 	sftl   a,-5,b
    9e8a:	1960 	and    DP+0x60,b
    9e8b:	f501 	add    a,1,b
    9e8c:	890e 	stlm   b,t
    9e8d:	f1fd 	sftl   a,-3,b
    9e8e:	1961 	and    DP+0x61,b
    9e8f:	8910 	stlm   b,ar0
    9e90:	6dea 	mar    *+ar2(0xfffc)
    9e91:	fffc 
    9e92:	6db2 	mar    *ar2+0
    9e93:	34aa 	bitt   *ar2-0
    9e94:	f492 	roltc  a
    9e95:	808b 	stl    a,*ar3-
    9e96:	6e89 	banzd  0x9e87,*ar1-
    9e97:	9e87 
    9e98:	771a 	stm    #15,brc
    9e99:	000f 
    9e9a:	f6b8 	rsbx   st1,sxm
    9e9b:	6d93 	mar    *ar3+
    9e9c:	1093 	ld     *ar3+,a
    9e9d:	f0f2 	sftl   a,-14
    9e9e:	7711 	stm    #6,ar1
    9e9f:	0006 
    9ea0:	f490 	ror    a
    9ea1:	f591 	rol    b
    9ea2:	f490 	ror    a
    9ea3:	f591 	rol    b
    9ea4:	1093 	ld     *ar3+,a
    9ea5:	771a 	stm    #13,brc
    9ea6:	000d 
    9ea7:	f072 	rptb   0x9eaa
    9ea8:	9eaa 
    9ea9:	f490 	ror    a
    9eaa:	f591 	rol    b
    9eab:	6e89 	banzd  0x9ea0,*ar1-
    9eac:	9ea0 
    9ead:	8194 	stl    b,*ar4+
    9eae:	f495 	nop    
    9eaf:	6d8c 	mar    *ar4-
    9eb0:	1084 	ld     *ar4,a
    9eb1:	f030 	and    #-16384,a
    9eb2:	c000 
    9eb3:	8084 	stl    a,*ar4
    9eb4:	fc00 	ret    
    9eb5:	f072 	rptb   0x9f13
    9eb6:	9f13 
    9eb7:	f130 	and    #63,a,b
    9eb8:	003f 
    9eb9:	8910 	stlm   b,ar0
    9eba:	6dec 	mar    *+ar4(0x4)
    9ebb:	0004 
    9ebc:	6db2 	mar    *ar2+0
    9ebd:	11aa 	ld     *ar2-0,b
    9ebe:	8160 	stl    b,DP+0x60
    9ebf:	6a10 	xorm   #1,DP+0x10
    9ec0:	0001 
    9ec1:	f130 	and    #62,a,b
    9ec2:	003e 
    9ec3:	f3e1 	sftl   b,1
    9ec4:	0161 	add    DP+0x61,b
    9ec5:	f7e3 	calad  b
    9ec6:	1194 	ld     *ar4+,b
    9ec7:	018c 	add    *ar4-,b
    9ec8:	f130 	and    #65,a,b
    9ec9:	0041 
    9eca:	f3da 	xor    b,-6
    9ecb:	f3ff 	sftl   b,-1
    9ecc:	1162 	ld     DP+0x62,b
    9ecd:	f495 	nop    
    9ece:	fd0c 	xc     1,c
    9ecf:	f784 	neg    b
    9ed0:	8162 	stl    b,DP+0x62
    9ed1:	f47f 	sfta   a,-1
    9ed2:	0160 	add    DP+0x60,b
    9ed3:	8160 	stl    b,DP+0x60
    9ed4:	6db2 	mar    *ar2+0
    9ed5:	09aa 	sub    *ar2-0,b
    9ed6:	0162 	add    DP+0x62,b
    9ed7:	8193 	stl    b,*ar3+
    9ed8:	f1ff 	sftl   a,-1,b
    9ed9:	f330 	and    #63,b
    9eda:	003f 
    9edb:	8910 	stlm   b,ar0
    9edc:	6dea 	mar    *+ar2(0x40)
    9edd:	0040 
    9ede:	6db2 	mar    *ar2+0
    9edf:	6faa 	ld     *ar2-0,1,b
    9ee0:	0d41 
    9ee1:	0960 	sub    DP+0x60,b
    9ee2:	8183 	stl    b,*ar3
    9ee3:	1c65 	xor    DP+0x65,a
    9ee4:	f130 	and    #32,a,b
    9ee5:	0020 
    9ee6:	f3fb 	sftl   b,-5
    9ee7:	f501 	add    a,1,b
    9ee8:	890e 	stlm   b,t
    9ee9:	f3ff 	sftl   b,-1
    9eea:	8163 	stl    b,DP+0x63
    9eeb:	f3fd 	sftl   b,-3
    9eec:	1964 	and    DP+0x64,b
    9eed:	8910 	stlm   b,ar0
    9eee:	6ded 	mar    *+ar5(0x8)
    9eef:	0008 
    9ef0:	6db5 	mar    *ar5+0
    9ef1:	34ad 	bitt   *ar5-0
    9ef2:	1163 	ld     DP+0x63,b
    9ef3:	f592 	roltc  b
    9ef4:	8163 	stl    b,DP+0x63
    9ef5:	f330 	and    #63,b
    9ef6:	003f 
    9ef7:	8910 	stlm   b,ar0
    9ef8:	6dea 	mar    *+ar2(0xffc0)
    9ef9:	ffc0 
    9efa:	6db2 	mar    *ar2+0
    9efb:	1183 	ld     *ar3,b
    9efc:	09aa 	sub    *ar2-0,b
    9efd:	8183 	stl    b,*ar3
    9efe:	6dea 	mar    *+ar2(0x40)
    9eff:	0040 
    9f00:	f47f 	sfta   a,-1
    9f01:	1163 	ld     DP+0x63,b
    9f02:	f330 	and    #62,b
    9f03:	003e 
    9f04:	f3e1 	sftl   b,1
    9f05:	0161 	add    DP+0x61,b
    9f06:	f7e3 	calad  b
    9f07:	1194 	ld     *ar4+,b
    9f08:	018c 	add    *ar4-,b
    9f09:	1163 	ld     DP+0x63,b
    9f0a:	f330 	and    #65,b
    9f0b:	0041 
    9f0c:	f3da 	xor    b,-6
    9f0d:	f3ff 	sftl   b,-1
    9f0e:	f495 	nop    
    9f0f:	1162 	ld     DP+0x62,b
    9f10:	fd08 	xc     1,nc
    9f11:	f784 	neg    b
    9f12:	0183 	add    *ar3,b
    9f13:	8193 	stl    b,*ar3+
    9f14:	fc00 	ret    
    9f15:	fe00 	retd   
    9f16:	8162 	stl    b,DP+0x62
    9f17:	f495 	nop    
    9f18:	f495 	nop    
    9f19:	fe00 	retd   
    9f1a:	9321 	sub    *ar4,1,b
    9f1b:	8162 	stl    b,DP+0x62
    9f1c:	f495 	nop    
    9f1d:	9321 	sub    *ar4,1,b
    9f1e:	fe00 	retd   
    9f1f:	f784 	neg    b
    9f20:	8162 	stl    b,DP+0x62
    9f21:	fe00 	retd   
    9f22:	f784 	neg    b
    9f23:	8162 	stl    b,DP+0x62
    9f24:	f495 	nop    
    9f25:	fe00 	retd   
    9f26:	f784 	neg    b
    9f27:	8162 	stl    b,DP+0x62
    9f28:	f495 	nop    
    9f29:	9321 	sub    *ar4,1,b
    9f2a:	fe00 	retd   
    9f2b:	f784 	neg    b
    9f2c:	8162 	stl    b,DP+0x62
    9f2d:	fe00 	retd   
    9f2e:	9321 	sub    *ar4,1,b
    9f2f:	8162 	stl    b,DP+0x62
    9f30:	f495 	nop    
    9f31:	fe00 	retd   
    9f32:	8162 	stl    b,DP+0x62
    9f33:	f495 	nop    
    9f34:	f495 	nop    
    9f35:	fe00 	retd   
    9f36:	f784 	neg    b
    9f37:	8162 	stl    b,DP+0x62
    9f38:	f495 	nop    
    9f39:	9321 	sub    *ar4,1,b
    9f3a:	fe00 	retd   
    9f3b:	f784 	neg    b
    9f3c:	8162 	stl    b,DP+0x62
    9f3d:	fe00 	retd   
    9f3e:	9321 	sub    *ar4,1,b
    9f3f:	8162 	stl    b,DP+0x62
    9f40:	f495 	nop    
    9f41:	fe00 	retd   
    9f42:	8162 	stl    b,DP+0x62
    9f43:	f495 	nop    
    9f44:	f495 	nop    
    9f45:	fe00 	retd   
    9f46:	8162 	stl    b,DP+0x62
    9f47:	f495 	nop    
    9f48:	f495 	nop    
    9f49:	fe00 	retd   
    9f4a:	9321 	sub    *ar4,1,b
    9f4b:	8162 	stl    b,DP+0x62
    9f4c:	f495 	nop    
    9f4d:	9321 	sub    *ar4,1,b
    9f4e:	fe00 	retd   
    9f4f:	f784 	neg    b
    9f50:	8162 	stl    b,DP+0x62
    9f51:	fe00 	retd   
    9f52:	f784 	neg    b
    9f53:	8162 	stl    b,DP+0x62
    9f54:	f495 	nop    
    9f55:	9321 	sub    *ar4,1,b
    9f56:	fe00 	retd   
    9f57:	f784 	neg    b
    9f58:	8162 	stl    b,DP+0x62
    9f59:	fe00 	retd   
    9f5a:	f784 	neg    b
    9f5b:	8162 	stl    b,DP+0x62
    9f5c:	f495 	nop    
    9f5d:	fe00 	retd   
    9f5e:	8162 	stl    b,DP+0x62
    9f5f:	f495 	nop    
    9f60:	f495 	nop    
    9f61:	fe00 	retd   
    9f62:	9321 	sub    *ar4,1,b
    9f63:	8162 	stl    b,DP+0x62
    9f64:	f495 	nop    
    9f65:	fe00 	retd   
    9f66:	9321 	sub    *ar4,1,b
    9f67:	8162 	stl    b,DP+0x62
    9f68:	f495 	nop    
    9f69:	fe00 	retd   
    9f6a:	8162 	stl    b,DP+0x62
    9f6b:	f495 	nop    
    9f6c:	f495 	nop    
    9f6d:	fe00 	retd   
    9f6e:	f784 	neg    b
    9f6f:	8162 	stl    b,DP+0x62
    9f70:	f495 	nop    
    9f71:	9321 	sub    *ar4,1,b
    9f72:	fe00 	retd   
    9f73:	f784 	neg    b
    9f74:	8162 	stl    b,DP+0x62
    9f75:	fe00 	retd   
    9f76:	9321 	sub    *ar4,1,b
    9f77:	8162 	stl    b,DP+0x62
    9f78:	f495 	nop    
    9f79:	fe00 	retd   
    9f7a:	8162 	stl    b,DP+0x62
    9f7b:	f495 	nop    
    9f7c:	f495 	nop    
    9f7d:	fe00 	retd   
    9f7e:	f784 	neg    b
    9f7f:	8162 	stl    b,DP+0x62
    9f80:	f495 	nop    
    9f81:	9321 	sub    *ar4,1,b
    9f82:	fe00 	retd   
    9f83:	f784 	neg    b
    9f84:	8162 	stl    b,DP+0x62
    9f85:	9321 	sub    *ar4,1,b
    9f86:	fe00 	retd   
    9f87:	f784 	neg    b
    9f88:	8162 	stl    b,DP+0x62
    9f89:	fe00 	retd   
    9f8a:	f784 	neg    b
    9f8b:	8162 	stl    b,DP+0x62
    9f8c:	f495 	nop    
    9f8d:	fe00 	retd   
    9f8e:	8162 	stl    b,DP+0x62
    9f8f:	f495 	nop    
    9f90:	f495 	nop    
    9f91:	fe00 	retd   
    9f92:	9321 	sub    *ar4,1,b
    9f93:	8162 	stl    b,DP+0x62
    9f94:	f495 	nop    
    9f95:	4a17 	pshm   ar7
    9f96:	4a14 	pshm   ar4
    9f97:	7711 	stm    #19,ar1
    9f98:	0013 
    9f99:	e800 	ld     #0,a
    9f9a:	8812 	stlm   a,ar2
    9f9b:	8813 	stlm   a,ar3
    9f9c:	8815 	stlm   a,ar5
    9f9d:	e710 	mvmm   ar1,ar0
    9f9e:	ed14 	ld     #20,asm
    9f9f:	7719 	stm    #638,bk
    9fa0:	027e 
    9fa1:	7660 	st     #15,DP+0x60
    9fa2:	000f 
    9fa3:	7661 	st     #16,DP+0x61
    9fa4:	0010 
    9fa5:	7717 	stm    #3,ar7
    9fa6:	0003 
    9fa7:	771a 	stm    #113,brc
    9fa8:	0071 
    9fa9:	f072 	rptb   0x9fc7
    9faa:	9fc7 
    9fab:	4812 	ldm    ar2,a
    9fac:	0013 	add    DP+0x13,a
    9fad:	f46e 	sfta   a,14
    9fae:	3c15 	add    DP+0x15,16,a
    9faf:	8210 	sth    a,DP+0x10
    9fb0:	f474 	sfta   a,-12
    9fb1:	1860 	and    DP+0x60,a
    9fb2:	0061 	add    DP+0x61,a
    9fb3:	880e 	stlm   a,t
    9fb4:	6dde 	mar    *ar6+0%
    9fb5:	14ce 	ld     *ar6-0%,ts,a
    9fb6:	f468 	sfta   a,8
    9fb7:	f478 	sfta   a,-8
    9fb8:	8694 	sth    a,asm,*ar4+
    9fb9:	7719 	stm    #19,bk
    9fba:	0013 
    9fbb:	e710 	mvmm   ar1,ar0
    9fbc:	6dd2 	mar    *ar2+%
    9fbd:	7719 	stm    #114,bk
    9fbe:	0072 
    9fbf:	f495 	nop    
    9fc0:	6ddb 	mar    *ar3+0%
    9fc1:	7719 	stm    #551,bk
    9fc2:	0227 
    9fc3:	f495 	nop    
    9fc4:	6df5 	mar    *+ar5(0x1d)%
    9fc5:	001d 
    9fc6:	7719 	stm    #638,bk
    9fc7:	027e 
    9fc8:	f495 	nop    
    9fc9:	6df6 	mar    *+ar6(0x1d)%
    9fca:	001d 
    9fcb:	6c8f 	banz   0x9fa7,*ar7-
    9fcc:	9fa7 
    9fcd:	f020 	ld     #-9081,a
    9fce:	dc87 
    9fcf:	7712 	stm    #11264,ar2
    9fd0:	2c00 
    9fd1:	8a13 	popm   ar3
    9fd2:	7714 	stm    #-9081,ar4
    9fd3:	dc87 
    9fd4:	ec0f 	rpt    #15
    9fd5:	e5a8 	mvdd   *ar4+,*ar2+
    9fd6:	e734 	mvmm   ar3,ar4
    9fd7:	771a 	stm    #455,brc
    9fd8:	01c7 
    9fd9:	f120 	ld     #11272,b
    9fda:	2c08 
    9fdb:	1093 	ld     *ar3+,a
    9fdc:	f272 	rptbd  0x9fe3
    9fdd:	9fe3 
    9fde:	f600 	add    b,a
    9fdf:	8812 	stlm   a,ar2
    9fe0:	1093 	ld     *ar3+,a
    9fe1:	f600 	add    b,a
    9fe2:	e50a 	mvdd   *ar2,*ar4+
    9fe3:	8812 	stlm   a,ar2
    9fe4:	8a17 	popm   ar7
    9fe5:	fc00 	ret    
    9fe6:	ea00 	ld     #0,dp
    9fe7:	4a15 	pshm   ar5
    9fe8:	ed06 	ld     #6,asm
    9fe9:	7719 	stm    #174,bk
    9fea:	00ae 
    9feb:	7660 	st     #-9229,DP+0x60
    9fec:	dbf3 
    9fed:	7711 	stm    #14,ar1
    9fee:	000e 
    9fef:	7714 	stm    #12544,ar4
    9ff0:	3100 
    9ff1:	6df3 	mar    *+ar3(0xff8c)%
    9ff2:	ff8c 
    9ff3:	1060 	ld     DP+0x60,a
    9ff4:	8812 	stlm   a,ar2
    9ff5:	f495 	nop    
    9ff6:	ec07 	rpt    #7
    9ff7:	e58a 	mvdd   *ar2+,*ar4+
    9ff8:	6b60 	addm   #8,DP+0x60
    9ff9:	0008 
    9ffa:	771a 	stm    #7,brc
    9ffb:	0007 
    9ffc:	f272 	rptbd  0xa00c
    9ffd:	a00c 
    9ffe:	6dec 	mar    *+ar4(0xfff8)
    9fff:	fff8 
    a000:	1384 	ldu    *ar4,b
    a001:	8710 	sth    b,asm,DP+0x10
    a002:	3094 	ld     *ar4+,t
    a003:	f495 	nop    
    a004:	6ddb 	mar    *ar3+0%
    a005:	15cb 	ld     *ar3-0%,ts,b
    a006:	8195 	stl    b,*ar5+
    a007:	6df0 	mar    *+ar0(0x3a)%
    a008:	003a 
    a009:	6ddb 	mar    *ar3+0%
    a00a:	15cb 	ld     *ar3-0%,ts,b
    a00b:	f764 	sfta   b,4
    a00c:	8195 	stl    b,*ar5+
    a00d:	6e89 	banzd  0x9ff3,*ar1-
    a00e:	9ff3 
    a00f:	6dec 	mar    *+ar4(0xfff8)
    a010:	fff8 
    a011:	ed14 	ld     #20,asm
    a012:	6ded 	mar    *+ar5(0xff10)
    a013:	ff10 
    a014:	e754 	mvmm   ar5,ar4
    a015:	4595 	ld     *ar5+,16,b
    a016:	771a 	stm    #227,brc
    a017:	00e3 
    a018:	f072 	rptb   0xa01a
    a019:	a01a 
    a01a:	cbba 	st     b,*ar4+ || ld     *ar5+,b
    a01b:	f020 	ld     #-9081,a
    a01c:	dc87 
    a01d:	7712 	stm    #12544,ar2
    a01e:	3100 
    a01f:	8a13 	popm   ar3
    a020:	7714 	stm    #-9081,ar4
    a021:	dc87 
    a022:	ec0f 	rpt    #15
    a023:	e5a8 	mvdd   *ar4+,*ar2+
    a024:	e734 	mvmm   ar3,ar4
    a025:	771a 	stm    #227,brc
    a026:	00e3 
    a027:	f120 	ld     #12552,b
    a028:	3108 
    a029:	1093 	ld     *ar3+,a
    a02a:	f272 	rptbd  0xa031
    a02b:	a031 
    a02c:	f600 	add    b,a
    a02d:	8812 	stlm   a,ar2
    a02e:	1093 	ld     *ar3+,a
    a02f:	f600 	add    b,a
    a030:	e50a 	mvdd   *ar2,*ar4+
    a031:	8812 	stlm   a,ar2
    a032:	fc00 	ret    
    a033:	7719 	stm    #32,bk
    a034:	0020 
    a035:	7710 	stm    #9,ar0
    a036:	0009 
    a037:	7715 	stm    #11264,ar5
    a038:	2c00 
    a039:	7714 	stm    #11280,ar4
    a03a:	2c10 
    a03b:	7713 	stm    #11288,ar3
    a03c:	2c18 
    a03d:	7695 	st     #0,*ar5+
    a03e:	0000 
    a03f:	f020 	ld     #-8192,a
    a040:	e000 
    a041:	ec0e 	rpt    #14
    a042:	8095 	stl    a,*ar5+
    a043:	6ded 	mar    *+ar5(0xfff0)
    a044:	fff0 
    a045:	f072 	rptb   0xa09e
    a046:	a09e 
    a047:	4491 	ld     *ar1+,16,a
    a048:	6c82 	banz   0xa058,*ar2
    a049:	a058 
    a04a:	3d91 	add    *ar1+,16,a,b
    a04b:	3f89 	add    *ar1-,16,b
    a04c:	8360 	sth    b,DP+0x60
    a04d:	4191 	sub    *ar1+,16,a,b
    a04e:	3f89 	add    *ar1-,16,b
    a04f:	8361 	sth    b,DP+0x61
    a050:	4191 	sub    *ar1+,16,a,b
    a051:	4389 	sub    *ar1-,16,b
    a052:	8362 	sth    b,DP+0x62
    a053:	3d91 	add    *ar1+,16,a,b
    a054:	f273 	bd     0xa076
    a055:	a076 
    a056:	4391 	sub    *ar1+,16,b
    a057:	8363 	sth    b,DP+0x63
    a058:	3d91 	add    *ar1+,16,a,b
    a059:	3f91 	add    *ar1+,16,b
    a05a:	3f91 	add    *ar1+,16,b
    a05b:	3f91 	add    *ar1+,16,b
    a05c:	3f91 	add    *ar1+,16,b
    a05d:	8360 	sth    b,DP+0x60
    a05e:	6de9 	mar    *+ar1(0xfffb)
    a05f:	fffb 
    a060:	4191 	sub    *ar1+,16,a,b
    a061:	3f91 	add    *ar1+,16,b
    a062:	3f91 	add    *ar1+,16,b
    a063:	4391 	sub    *ar1+,16,b
    a064:	3f91 	add    *ar1+,16,b
    a065:	8361 	sth    b,DP+0x61
    a066:	6de9 	mar    *+ar1(0xfffb)
    a067:	fffb 
    a068:	4191 	sub    *ar1+,16,a,b
    a069:	4391 	sub    *ar1+,16,b
    a06a:	3f91 	add    *ar1+,16,b
    a06b:	4391 	sub    *ar1+,16,b
    a06c:	4391 	sub    *ar1+,16,b
    a06d:	8362 	sth    b,DP+0x62
    a06e:	6de9 	mar    *+ar1(0xfffb)
    a06f:	fffb 
    a070:	3d91 	add    *ar1+,16,a,b
    a071:	4391 	sub    *ar1+,16,b
    a072:	3f91 	add    *ar1+,16,b
    a073:	3f91 	add    *ar1+,16,b
    a074:	4391 	sub    *ar1+,16,b
    a075:	8363 	sth    b,DP+0x63
    a076:	3060 	ld     DP+0x60,t
    a077:	5a85 	dadst  *ar5,a
    a078:	5f95 	dsadt  *ar5+,b
    a079:	8e94 	cmps   a,*ar4+
    a07a:	8f93 	cmps   b,*ar3+
    a07b:	3061 	ld     DP+0x61,t
    a07c:	5e85 	dsadt  *ar5,a
    a07d:	5b95 	dadst  *ar5+,b
    a07e:	8e94 	cmps   a,*ar4+
    a07f:	8f93 	cmps   b,*ar3+
    a080:	3062 	ld     DP+0x62,t
    a081:	5a85 	dadst  *ar5,a
    a082:	5f95 	dsadt  *ar5+,b
    a083:	8e94 	cmps   a,*ar4+
    a084:	8f93 	cmps   b,*ar3+
    a085:	3063 	ld     DP+0x63,t
    a086:	5e85 	dsadt  *ar5,a
    a087:	5b95 	dadst  *ar5+,b
    a088:	8e94 	cmps   a,*ar4+
    a089:	8f93 	cmps   b,*ar3+
    a08a:	3061 	ld     DP+0x61,t
    a08b:	5e85 	dsadt  *ar5,a
    a08c:	5b95 	dadst  *ar5+,b
    a08d:	8e94 	cmps   a,*ar4+
    a08e:	8f93 	cmps   b,*ar3+
    a08f:	3060 	ld     DP+0x60,t
    a090:	5a85 	dadst  *ar5,a
    a091:	5f95 	dsadt  *ar5+,b
    a092:	8e94 	cmps   a,*ar4+
    a093:	8f93 	cmps   b,*ar3+
    a094:	3063 	ld     DP+0x63,t
    a095:	5e85 	dsadt  *ar5,a
    a096:	5b95 	dadst  *ar5+,b
    a097:	8e94 	cmps   a,*ar4+
    a098:	8f93 	cmps   b,*ar3+
    a099:	3062 	ld     DP+0x62,t
    a09a:	5a85 	dadst  *ar5,a
    a09b:	5fd5 	dsadt  *ar5+%,b
    a09c:	8edc 	cmps   a,*ar4+0%
    a09d:	8fdb 	cmps   b,*ar3+0%
    a09e:	8d96 	st     trn,*ar6+
    a09f:	fc00 	ret    
    a0a0:	4a06 	pshm   st0
    a0a1:	4a07 	pshm   st1
    a0a2:	ea00 	ld     #0,dp
    a0a3:	ed00 	ld     #0,asm
    a0a4:	f6b9 	rsbx   st1,ovm
    a0a5:	f7b8 	ssbx   st1,sxm
    a0a6:	f6b7 	rsbx   st1,c16
    a0a7:	f6b6 	rsbx   st1,frct
    a0a8:	7712 	stm    #3279,ar2
    a0a9:	0ccf 
    a0aa:	7713 	stm    #17279,ar3
    a0ab:	437f 
    a0ac:	7711 	stm    #6,ar1
    a0ad:	0006 
    a0ae:	7716 	stm    #1,ar6
    a0af:	0001 
    a0b0:	4492 	ld     *ar2+,16,a
    a0b1:	0292 	adds   *ar2+,a
    a0b2:	771a 	stm    #7,brc
    a0b3:	0007 
    a0b4:	f072 	rptb   0xa0b8
    a0b5:	a0b8 
    a0b6:	f491 	rol    a
    a0b7:	f590 	ror    b
    a0b8:	f0e3 	sftl   a,3
    a0b9:	6c8e 	banz   0xa0b0,*ar6-
    a0ba:	a0b0 
    a0bb:	8393 	sth    b,*ar3+
    a0bc:	6c89 	banz   0xa0ae,*ar1-
    a0bd:	a0ae 
    a0be:	4482 	ld     *ar2,16,a
    a0bf:	f491 	rol    a
    a0c0:	f590 	ror    b
    a0c1:	f0e3 	sftl   a,3
    a0c2:	f491 	rol    a
    a0c3:	f590 	ror    b
    a0c4:	f3f2 	sftl   b,-14
    a0c5:	8383 	sth    b,*ar3
    a0c6:	8a07 	popm   st1
    a0c7:	8a06 	popm   st0
    a0c8:	fc00 	ret    
    a0c9:	ed00 	ld     #0,asm
    a0ca:	7710 	stm    #1,ar0
    a0cb:	0001 
    a0cc:	7716 	stm    #0,ar6
    a0cd:	0000 
    a0ce:	4819 	ldm    bk,a
    a0cf:	f010 	sub    #1,a
    a0d0:	0001 
    a0d1:	881a 	stlm   a,brc
    a0d2:	e800 	ld     #0,a
    a0d3:	7713 	stm    #11,ar3
    a0d4:	000b 
    a0d5:	f072 	rptb   0xa0d7
    a0d6:	a0d7 
    a0d7:	80d4 	stl    a,*ar4+%
    a0d8:	1192 	ld     *ar2+,b
    a0d9:	4495 	ld     *ar5+,16,a
    a0da:	9610 	bit    *ar3,0
    a0db:	f3e1 	sftl   b,1
    a0dc:	771a 	stm    #15,brc
    a0dd:	000f 
    a0de:	f072 	rptb   0xa0e7
    a0df:	a0e7 
    a0e0:	fd30 	xc     1,tc
    a0e1:	f484 	neg    a
    a0e2:	9610 	bit    *ar3,0
    a0e3:	f3e1 	sftl   b,1
    a0e4:	fd43 	xc     1,alt
    a0e5:	6d96 	mar    *ar6+
    a0e6:	3c84 	add    *ar4,16,a
    a0e7:	c8be 	st     a,*ar4+0% || ld     *ar5+,a
    a0e8:	6e89 	banzd  0xa0da,*ar1-
    a0e9:	a0da 
    a0ea:	1192 	ld     *ar2+,b
    a0eb:	f495 	nop    
    a0ec:	fc00 	ret    
    a0ed:	7714 	stm    #11248,ar4
    a0ee:	2bf0 
    a0ef:	7719 	stm    #4,bk
    a0f0:	0004 
    a0f1:	771a 	stm    #3,brc
    a0f2:	0003 
    a0f3:	e800 	ld     #0,a
    a0f4:	f072 	rptb   0xa0f6
    a0f5:	a0f6 
    a0f6:	80d4 	stl    a,*ar4+%
    a0f7:	7712 	stm    #12557,ar2
    a0f8:	310d 
    a0f9:	7713 	stm    #-9109,ar3
    a0fa:	dc6b 
    a0fb:	ec0d 	rpt    #13
    a0fc:	e598 	mvdd   *ar3+,*ar2+
    a0fd:	ec0d 	rpt    #13
    a0fe:	e598 	mvdd   *ar3+,*ar2+
    a0ff:	6dea 	mar    *+ar2(0xffe4)
    a100:	ffe4 
    a101:	7717 	stm    #96,ar7
    a102:	0060 
    a103:	7687 	st     #11248,*ar7
    a104:	2bf0 
    a105:	7715 	stm    #11948,ar5
    a106:	2eac 
    a107:	f120 	ld     #-1,b
    a108:	ffff 
    a109:	7711 	stm    #27,ar1
    a10a:	001b 
    a10b:	771a 	stm    #7,brc
    a10c:	0007 
    a10d:	f272 	rptbd  0xa114
    a10e:	a114 
    a10f:	1092 	ld     *ar2+,a
    a110:	f495 	nop    
    a111:	f0e2 	sftl   a,2
    a112:	3c87 	add    *ar7,16,a
    a113:	8295 	sth    a,*ar5+
    a114:	f280 	and    b,a
    a115:	6e89 	banzd  0xa10d,*ar1-
    a116:	a10d 
    a117:	771a 	stm    #7,brc
    a118:	0007 
    a119:	f7b8 	ssbx   st1,sxm
    a11a:	7715 	stm    #10752,ar5
    a11b:	2a00 
    a11c:	7712 	stm    #11394,ar2
    a11d:	2c82 
    a11e:	7711 	stm    #13,ar1
    a11f:	000d 
    a120:	7710 	stm    #11948,ar0
    a121:	2eac 
    a122:	ed00 	ld     #0,asm
    a123:	7716 	stm    #0,ar6
    a124:	0000 
    a125:	7713 	stm    #11,ar3
    a126:	000b 
    a127:	1192 	ld     *ar2+,b
    a128:	4495 	ld     *ar5+,16,a
    a129:	9610 	bit    *ar3,0
    a12a:	f3e1 	sftl   b,1
    a12b:	771a 	stm    #15,brc
    a12c:	000f 
    a12d:	f072 	rptb   0xa13a
    a12e:	a13a 
    a12f:	fd30 	xc     1,tc
    a130:	f484 	neg    a
    a131:	9610 	bit    *ar3,0
    a132:	f3e1 	sftl   b,1
    a133:	8187 	stl    b,*ar7
    a134:	1190 	ld     *ar0+,b
    a135:	8914 	stlm   b,ar4
    a136:	fd43 	xc     1,alt
    a137:	6d96 	mar    *ar6+
    a138:	3c84 	add    *ar4,16,a
    a139:	c8b2 	st     a,*ar4 || ld     *ar5+,a
    a13a:	1187 	ld     *ar7,b
    a13b:	6e89 	banzd  0xa129,*ar1-
    a13c:	a129 
    a13d:	1192 	ld     *ar2+,b
    a13e:	f495 	nop    
    a13f:	fc00 	ret    
    a140:	7714 	stm    #96,ar4
    a141:	0060 
    a142:	4a15 	pshm   ar5
    a143:	f6b8 	rsbx   st1,sxm
    a144:	ed00 	ld     #0,asm
    a145:	6dea 	mar    *+ar2(0xb)
    a146:	000b 
    a147:	6a92 	xorm   #255,*ar2+
    a148:	00ff 
    a149:	6a92 	xorm   #65535,*ar2+
    a14a:	ffff 
    a14b:	6a92 	xorm   #65535,*ar2+
    a14c:	ffff 
    a14d:	6dea 	mar    *+ar2(0xfff2)
    a14e:	fff2 
    a14f:	7684 	st     #256,*ar4
    a150:	0100 
    a151:	770e 	stm    #256,t
    a152:	0100 
    a153:	f071 	rptz   a,#15
    a154:	000f 
    a155:	d02b 	st     a,*ar5+ || mac    *ar4,a
    a156:	8a15 	popm   ar5
    a157:	7719 	stm    #16,bk
    a158:	0010 
    a159:	7684 	st     #1,*ar4
    a15a:	0001 
    a15b:	30d5 	ld     *ar5+%,t
    a15c:	e800 	ld     #0,a
    a15d:	f162 	ld     #-32216,16,b
    a15e:	8228 
    a15f:	f340 	or     #260,b
    a160:	0104 
    a161:	f768 	sfta   b,8
    a162:	f340 	or     #81,b
    a163:	0051 
    a164:	7660 	st     #9,DP+0x60
    a165:	0009 
    a166:	771a 	stm    #15,brc
    a167:	000f 
    a168:	f072 	rptb   0xa173
    a169:	a173 
    a16a:	3482 	bitt   *ar2
    a16b:	f461 	sfta   a,1
    a16c:	30d5 	ld     *ar5+%,t
    a16d:	fd30 	xc     1,tc
    a16e:	f2c0 	xor    b,a
    a16f:	ff0c 	xc     2,c
    a170:	f065 	xor    #1154,16,a
    a171:	0482 
    a172:	fd0c 	xc     1,c
    a173:	1c60 	xor    DP+0x60,a
    a174:	6d92 	mar    *ar2+
    a175:	6e89 	banzd  0xa168,*ar1-
    a176:	a168 
    a177:	771a 	stm    #15,brc
    a178:	000f 
    a179:	fc45 	rc     aeq
    a17a:	f162 	ld     #1154,16,b
    a17b:	0482 
    a17c:	f340 	or     #9,b
    a17d:	0009 
    a17e:	770e 	stm    #28,t
    a17f:	001c 
    a180:	771a 	stm    #212,brc
    a181:	00d4 
    a182:	6f84 	sth    a,-12,*ar4
    a183:	0c74 
    a184:	f072 	rptb   0xa191
    a185:	a191 
    a186:	f46c 	sfta   a,12
    a187:	fa45 	bcd    0xa194,aeq
    a188:	a194 
    a189:	f474 	sfta   a,-12
    a18a:	f0e0 	sftl   a,0
    a18b:	0484 	add    *ar4,ts,a
    a18c:	f461 	sfta   a,1
    a18d:	6f84 	sth    a,-12,*ar4
    a18e:	0c74 
    a18f:	f495 	nop    
    a190:	fd0c 	xc     1,c
    a191:	f2c0 	xor    b,a
    a192:	e802 	ld     #2,a
    a193:	fc00 	ret    
    a194:	0484 	add    *ar4,ts,a
    a195:	f6bf 	rsbx   st1,braf
    a196:	6dea 	mar    *+ar2(0xfff2)
    a197:	fff2 
    a198:	6f60 	sth    a,-8,DP+0x60
    a199:	0c78 
    a19a:	e9d4 	ld     #212,b
    a19b:	091a 	sub    DP+0x1a,b
    a19c:	6f10 	stl    b,-4,DP+0x10
    a19d:	0d9c 
    a19e:	f330 	and    #15,b
    a19f:	000f 
    a1a0:	f7b8 	ssbx   st1,sxm
    a1a1:	f784 	neg    b
    a1a2:	f6b8 	rsbx   st1,sxm
    a1a3:	890e 	stlm   b,t
    a1a4:	6db2 	mar    *ar2+0
    a1a5:	4592 	ld     *ar2+,16,b
    a1a6:	1b8a 	or     *ar2-,b
    a1a7:	4460 	ld     DP+0x60,16,a
    a1a8:	f48f 	norm   a
    a1a9:	f1c0 	xor    a,b
    a1aa:	8392 	sth    b,*ar2+
    a1ab:	8182 	stl    b,*ar2
    a1ac:	e801 	ld     #1,a
    a1ad:	fc00 	ret    
    a1ae:	771a 	stm    #3,brc
    a1af:	0003 
    a1b0:	f072 	rptb   0xa1b7
    a1b1:	a1b7 
    a1b2:	1092 	ld     *ar2+,a
    a1b3:	0092 	add    *ar2+,a
    a1b4:	0092 	add    *ar2+,a
    a1b5:	8093 	stl    a,*ar3+
    a1b6:	8093 	stl    a,*ar3+
    a1b7:	8093 	stl    a,*ar3+
    a1b8:	fc00 	ret    
    a1b9:	7713 	stm    #11264,ar3
    a1ba:	2c00 
    a1bb:	7712 	stm    #-9388,ar2
    a1bc:	db54 
    a1bd:	ec05 	rpt    #5
    a1be:	e589 	mvdd   *ar2+,*ar3+
    a1bf:	7712 	stm    #2547,ar2
    a1c0:	09f3 
    a1c1:	7713 	stm    #11264,ar3
    a1c2:	2c00 
    a1c3:	7660 	st     #1,DP+0x60
    a1c4:	0001 
    a1c5:	7714 	stm    #3,ar4
    a1c6:	0003 
    a1c7:	e900 	ld     #0,b
    a1c8:	6dea 	mar    *+ar2(0x8)
    a1c9:	0008 
    a1ca:	4492 	ld     *ar2+,16,a
    a1cb:	1a82 	or     *ar2,a
    a1cc:	f0eb 	sftl   a,11
    a1cd:	771a 	stm    #20,brc
    a1ce:	0014 
    a1cf:	f072 	rptb   0xa1d5
    a1d0:	a1d5 
    a1d1:	f0e1 	sftl   a,1
    a1d2:	f495 	nop    
    a1d3:	f495 	nop    
    a1d4:	fd0c 	xc     1,c
    a1d5:	0160 	add    DP+0x60,b
    a1d6:	7193 	mvdk   *ar3+,0x1a
    a1d7:	001a 
    a1d8:	7708 	stm    #2547,al
    a1d9:	09f3 
    a1da:	0093 	add    *ar3+,a
    a1db:	8812 	stlm   a,ar2
    a1dc:	6e8c 	banzd  0xa1cf,*ar4-
    a1dd:	a1cf 
    a1de:	4492 	ld     *ar2+,16,a
    a1df:	1a82 	or     *ar2,a
    a1e0:	7712 	stm    #2547,ar2
    a1e1:	09f3 
    a1e2:	10e2 	ld     *ar2(0x4),a
    a1e3:	0004 
    a1e4:	f0ff 	sftl   a,-1
    a1e5:	f495 	nop    
    a1e6:	f495 	nop    
    a1e7:	fd0c 	xc     1,c
    a1e8:	0160 	add    DP+0x60,b
    a1e9:	10f8 	ld     *(0x9f0),a
    a1ea:	09f0 
    a1eb:	7712 	stm    #11264,ar2
    a1ec:	2c00 
    a1ed:	f310 	sub    #2,b
    a1ee:	0002 
    a1ef:	fa4b 	bcd    0xa1fb,blt
    a1f0:	a1fb 
    a1f1:	7682 	st     #2,*ar2
    a1f2:	0002 
    a1f3:	f310 	sub    #14,b
    a1f4:	000e 
    a1f5:	fa4b 	bcd    0xa1fb,blt
    a1f6:	a1fb 
    a1f7:	7682 	st     #1,*ar2
    a1f8:	0001 
    a1f9:	7682 	st     #0,*ar2
    a1fa:	0000 
    a1fb:	9003 	add    *ar2,3,a
    a1fc:	fe00 	retd   
    a1fd:	80f8 	stl    a,*(0x9f0)
    a1fe:	09f0 
    a1ff:	7712 	stm    #11264,ar2
    a200:	2c00 
    a201:	7715 	stm    #-9382,ar5
    a202:	db5a 
    a203:	ec0e 	rpt    #14
    a204:	e5b8 	mvdd   *ar5+,*ar2+
    a205:	ec11 	rpt    #17
    a206:	e5b8 	mvdd   *ar5+,*ar2+
    a207:	f6b8 	rsbx   st1,sxm
    a208:	7717 	stm    #11264,ar7
    a209:	2c00 
    a20a:	7715 	stm    #5,ar5
    a20b:	0005 
    a20c:	7716 	stm    #0,ar6
    a20d:	0000 
    a20e:	7712 	stm    #2548,ar2
    a20f:	09f4 
    a210:	ed07 	ld     #7,asm
    a211:	771a 	stm    #0,brc
    a212:	0000 
    a213:	7711 	stm    #1,ar1
    a214:	0001 
    a215:	4492 	ld     *ar2+,16,a
    a216:	0092 	add    *ar2+,a
    a217:	f482 	ld     a,asm
    a218:	f072 	rptb   0xa21e
    a219:	a21e 
    a21a:	f491 	rol    a
    a21b:	f495 	nop    
    a21c:	f495 	nop    
    a21d:	fd08 	xc     1,nc
    a21e:	6d96 	mar    *ar6+
    a21f:	3297 	ld     *ar7+,asm
    a220:	1197 	ld     *ar7+,b
    a221:	891a 	stlm   b,brc
    a222:	6e81 	banzd  0xa217,*ar1
    a223:	a217 
    a224:	1197 	ld     *ar7+,b
    a225:	8911 	stlm   b,ar1
    a226:	6c8d 	banz   0xa215,*ar5-
    a227:	a215 
    a228:	10f8 	ld     *(0x9f0),a
    a229:	09f0 
    a22a:	4916 	ldm    ar6,b
    a22b:	7712 	stm    #11264,ar2
    a22c:	2c00 
    a22d:	f310 	sub    #2,b
    a22e:	0002 
    a22f:	fa4b 	bcd    0xa23b,blt
    a230:	a23b 
    a231:	7682 	st     #2,*ar2
    a232:	0002 
    a233:	f310 	sub    #14,b
    a234:	000e 
    a235:	fa4b 	bcd    0xa23b,blt
    a236:	a23b 
    a237:	7682 	st     #1,*ar2
    a238:	0001 
    a239:	7682 	st     #0,*ar2
    a23a:	0000 
    a23b:	9003 	add    *ar2,3,a
    a23c:	fe00 	retd   
    a23d:	80f8 	stl    a,*(0x9f0)
    a23e:	09f0 
    a23f:	4492 	ld     *ar2+,16,a
    a240:	0092 	add    *ar2+,a
    a241:	7713 	stm    #1,ar3
    a242:	0001 
    a243:	771a 	stm    #28,brc
    a244:	001c 
    a245:	f072 	rptb   0xa24b
    a246:	a24b 
    a247:	f0e1 	sftl   a,1
    a248:	f495 	nop    
    a249:	f495 	nop    
    a24a:	fd0c 	xc     1,c
    a24b:	f2c0 	xor    b,a
    a24c:	908d 	add    *ar2+,13,a
    a24d:	6f82 	add    *ar2,-3,a
    a24e:	0c1d 
    a24f:	f0f8 	sftl   a,-8
    a250:	f0e8 	sftl   a,8
    a251:	ff30 	xc     2,tc
    a252:	f0f5 	sftl   a,-11
    a253:	f0eb 	sftl   a,11
    a254:	6e8b 	banzd  0xa245,*ar3-
    a255:	a245 
    a256:	771a 	stm    #20,brc
    a257:	0014 
    a258:	f0f0 	sftl   a,-16
    a259:	f050 	xor    #65535,a
    a25a:	ffff 
    a25b:	fe00 	retd   
    a25c:	f030 	and    #-8192,a
    a25d:	e000 
    a25e:	6dea 	mar    *+ar2(0x4)
    a25f:	0004 
    a260:	4492 	ld     *ar2+,16,a
    a261:	0092 	add    *ar2+,a
    a262:	f0e9 	sftl   a,9
    a263:	ff20 	xc     2,ntc
    a264:	6f82 	add    *ar2,-7,a
    a265:	0c19 
    a266:	771a 	stm    #21,brc
    a267:	0015 
    a268:	f072 	rptb   0xa26e
    a269:	a26e 
    a26a:	f0e1 	sftl   a,1
    a26b:	f495 	nop    
    a26c:	f495 	nop    
    a26d:	fd0c 	xc     1,c
    a26e:	f2c0 	xor    b,a
    a26f:	f0f0 	sftl   a,-16
    a270:	f050 	xor    #65535,a
    a271:	ffff 
    a272:	fe00 	retd   
    a273:	f030 	and    #-8192,a
    a274:	e000 
    a275:	6f92 	ld     *ar2+,-10,a
    a276:	0c56 
    a277:	f0e2 	sftl   a,2
    a278:	6f82 	add    *ar2,-14,a
    a279:	0c12 
    a27a:	9604 	bit    *ar2,4
    a27b:	f492 	roltc  a
    a27c:	f0e7 	sftl   a,7
    a27d:	6f82 	ld     *ar2,-1,b
    a27e:	0d5f 
    a27f:	f330 	and    #127,b
    a280:	007f 
    a281:	f600 	add    b,a
    a282:	8093 	stl    a,*ar3+
    a283:	968f 	bit    *ar2+,15
    a284:	f492 	roltc  a
    a285:	9600 	bit    *ar2,0
    a286:	f492 	roltc  a
    a287:	f0ea 	sftl   a,10
    a288:	6dea 	mar    *+ar2(0xfffe)
    a289:	fffe 
    a28a:	1192 	ld     *ar2+,b
    a28b:	f330 	and    #1023,b
    a28c:	03ff 
    a28d:	f600 	add    b,a
    a28e:	9602 	bit    *ar2,2
    a28f:	f492 	roltc  a
    a290:	9603 	bit    *ar2,3
    a291:	f492 	roltc  a
    a292:	9605 	bit    *ar2,5
    a293:	f492 	roltc  a
    a294:	9606 	bit    *ar2,6
    a295:	f492 	roltc  a
    a296:	8093 	stl    a,*ar3+
    a297:	9687 	bit    *ar2+,7
    a298:	f492 	roltc  a
    a299:	f0ef 	sftl   a,15
    a29a:	1192 	ld     *ar2+,b
    a29b:	f330 	and    #32767,b
    a29c:	7fff 
    a29d:	f600 	add    b,a
    a29e:	8093 	stl    a,*ar3+
    a29f:	4492 	ld     *ar2+,16,a
    a2a0:	0082 	add    *ar2,a
    a2a1:	f0f9 	sftl   a,-7
    a2a2:	f0e7 	sftl   a,7
    a2a3:	8293 	sth    a,*ar3+
    a2a4:	8083 	stl    a,*ar3
    a2a5:	6deb 	mar    *+ar3(0xfffc)
    a2a6:	fffc 
    a2a7:	f162 	ld     #7424,16,b
    a2a8:	1d00 
    a2a9:	7712 	stm    #3,ar2
    a2aa:	0003 
    a2ab:	4493 	ld     *ar3+,16,a
    a2ac:	771a 	stm    #15,brc
    a2ad:	000f 
    a2ae:	f272 	rptbd  0xa2b6
    a2af:	a2b6 
    a2b0:	0093 	add    *ar3+,a
    a2b1:	f495 	nop    
    a2b2:	f0e1 	sftl   a,1
    a2b3:	f495 	nop    
    a2b4:	f495 	nop    
    a2b5:	fd0c 	xc     1,c
    a2b6:	f2c0 	xor    b,a
    a2b7:	6c8a 	banz   0xa2ac,*ar2-
    a2b8:	a2ac 
    a2b9:	f0e1 	sftl   a,1
    a2ba:	f495 	nop    
    a2bb:	f495 	nop    
    a2bc:	fd0c 	xc     1,c
    a2bd:	f2c0 	xor    b,a
    a2be:	fe00 	retd   
    a2bf:	f0f0 	sftl   a,-16
    a2c0:	f0ff 	sftl   a,-1
    a2c1:	e710 	mvmm   ar1,ar0
    a2c2:	f272 	rptbd  0xa2c7
    a2c3:	a2c7 
    a2c4:	1082 	ld     *ar2,a
    a2c5:	f495 	nop    
    a2c6:	f490 	ror    a
    a2c7:	f591 	rol    b
    a2c8:	8192 	stl    b,*ar2+
    a2c9:	6e89 	banzd  0xa2c2,*ar1-
    a2ca:	a2c2 
    a2cb:	771a 	stm    #15,brc
    a2cc:	000f 
    a2cd:	fe00 	retd   
    a2ce:	6d90 	mar    *ar0+
    a2cf:	6daa 	mar    *ar2-0
    a2d0:	e725 	mvmm   ar2,ar5
    a2d1:	7714 	stm    #15,ar4
    a2d2:	000f 
    a2d3:	7710 	stm    #32,ar0
    a2d4:	0020 
    a2d5:	7713 	stm    #4,ar3
    a2d6:	0004 
    a2d7:	7711 	stm    #4,ar1
    a2d8:	0004 
    a2d9:	4492 	ld     *ar2+,16,a
    a2da:	0092 	add    *ar2+,a
    a2db:	771a 	stm    #31,brc
    a2dc:	001f 
    a2dd:	f072 	rptb   0xa2f5
    a2de:	a2f5 
    a2df:	6c84 	banz   0xa2eb,*ar4
    a2e0:	a2eb 
    a2e1:	f3e1 	sftl   b,1
    a2e2:	6d8b 	mar    *ar3-
    a2e3:	6c83 	banz   0xa2f5,*ar3
    a2e4:	a2f5 
    a2e5:	7714 	stm    #15,ar4
    a2e6:	000f 
    a2e7:	7713 	stm    #4,ar3
    a2e8:	0004 
    a2e9:	f073 	b      0xa2f5
    a2ea:	a2f5 
    a2eb:	f0e1 	sftl   a,1
    a2ec:	f591 	rol    b
    a2ed:	6d8c 	mar    *ar4-
    a2ee:	6d88 	mar    *ar0-
    a2ef:	6c80 	banz   0xa2f5,*ar0
    a2f0:	a2f5 
    a2f1:	4492 	ld     *ar2+,16,a
    a2f2:	0092 	add    *ar2+,a
    a2f3:	7710 	stm    #32,ar0
    a2f4:	0020 
    a2f5:	f495 	nop    
    a2f6:	6e89 	banzd  0xa2db,*ar1-
    a2f7:	a2db 
    a2f8:	8395 	sth    b,*ar5+
    a2f9:	8195 	stl    b,*ar5+
    a2fa:	fc00 	ret    
    a2fb:	7714 	stm    #2544,ar4
    a2fc:	09f0 
    a2fd:	7715 	stm    #15752,ar5
    a2fe:	3d88 
    a2ff:	68f8 	andm   #-256,*(0x3d90)
    a300:	3d90 
    a301:	ff00 
    a302:	61f8 	bitf   *(0x2bf8),#1
    a303:	2bf8 
    a304:	0001 
    a305:	f820 	bc     0xa30a,ntc
    a306:	a30a 
    a307:	69f8 	orm    #1,*(0x3d90)
    a308:	3d90 
    a309:	0001 
    a30a:	771a 	stm    #49,brc
    a30b:	0031 
    a30c:	f12f 	ld     #32767,15,b
    a30d:	7fff 
    a30e:	f272 	rptbd  0xa313
    a30f:	a313 
    a310:	7712 	stm    #11586,ar2
    a311:	2d42 
    a312:	1092 	ld     *ar2+,a
    a313:	f587 	min    b
    a314:	61f8 	bitf   *(0x3fad),#128
    a315:	3fad 
    a316:	0080 
    a317:	f820 	bc     0xa31d,ntc
    a318:	a31d 
    a319:	09f8 	sub    *(0xc6c),b
    a31a:	0c6c 
    a31b:	f073 	b      0xa31f
    a31c:	a31f 
    a31d:	09f8 	sub    *(0xc63),b
    a31e:	0c63 
    a31f:	f84a 	bc     0xa324,bgeq
    a320:	a324 
    a321:	69f8 	orm    #8,*(0x3d90)
    a322:	3d90 
    a323:	0008 
    a324:	7712 	stm    #11248,ar2
    a325:	2bf0 
    a326:	7713 	stm    #11252,ar3
    a327:	2bf4 
    a328:	771a 	stm    #2,brc
    a329:	0002 
    a32a:	f272 	rptbd  0xa32f
    a32b:	a32f 
    a32c:	1092 	ld     *ar2+,a
    a32d:	1193 	ld     *ar3+,b
    a32e:	0092 	add    *ar2+,a
    a32f:	0193 	add    *ar3+,b
    a330:	61f8 	bitf   *(0x3fad),#128
    a331:	3fad 
    a332:	0080 
    a333:	f820 	bc     0xa33b,ntc
    a334:	a33b 
    a335:	08f8 	sub    *(0xc6d),a
    a336:	0c6d 
    a337:	09f8 	sub    *(0xc6d),b
    a338:	0c6d 
    a339:	f073 	b      0xa33f
    a33a:	a33f 
    a33b:	08f8 	sub    *(0xc64),a
    a33c:	0c64 
    a33d:	09f8 	sub    *(0xc64),b
    a33e:	0c64 
    a33f:	f842 	bc     0xa344,ageq
    a340:	a344 
    a341:	69f8 	orm    #2,*(0x3d90)
    a342:	3d90 
    a343:	0002 
    a344:	f84a 	bc     0xa349,bgeq
    a345:	a349 
    a346:	69f8 	orm    #2,*(0x3d90)
    a347:	3d90 
    a348:	0002 
    a349:	7713 	stm    #0,ar3
    a34a:	0000 
    a34b:	771a 	stm    #7,brc
    a34c:	0007 
    a34d:	61f8 	bitf   *(0x3fad),#128
    a34e:	3fad 
    a34f:	0080 
    a350:	f820 	bc     0xa356,ntc
    a351:	a356 
    a352:	11f8 	ld     *(0xc6f),b
    a353:	0c6f 
    a354:	f073 	b      0xa358
    a355:	a358 
    a356:	11f8 	ld     *(0xc66),b
    a357:	0c66 
    a358:	f272 	rptbd  0xa361
    a359:	a361 
    a35a:	7712 	stm    #11248,ar2
    a35b:	2bf0 
    a35c:	1092 	ld     *ar2+,a
    a35d:	f620 	sub    b,a
    a35e:	f495 	nop    
    a35f:	f495 	nop    
    a360:	fd47 	xc     1,aleq
    a361:	6d93 	mar    *ar3+
    a362:	4813 	ldm    ar3,a
    a363:	f010 	sub    #3,a
    a364:	0003 
    a365:	f843 	bc     0xa36a,alt
    a366:	a36a 
    a367:	69f8 	orm    #16,*(0x3d90)
    a368:	3d90 
    a369:	0010 
    a36a:	1085 	ld     *ar5,a
    a36b:	f030 	and    #255,a
    a36c:	00ff 
    a36d:	f845 	bc     0xa38e,aeq
    a36e:	a38e 
    a36f:	7713 	stm    #11636,ar3
    a370:	2d74 
    a371:	ed00 	ld     #0,asm
    a372:	7683 	st     #1,*ar3
    a373:	0001 
    a374:	771a 	stm    #7,brc
    a375:	0007 
    a376:	61f8 	bitf   *(0x3fad),#128
    a377:	3fad 
    a378:	0080 
    a379:	f820 	bc     0xa37f,ntc
    a37a:	a37f 
    a37b:	11f8 	ld     *(0xc6e),b
    a37c:	0c6e 
    a37d:	f073 	b      0xa381
    a37e:	a381 
    a37f:	11f8 	ld     *(0xc65),b
    a380:	0c65 
    a381:	f272 	rptbd  0xa387
    a382:	a387 
    a383:	7712 	stm    #11248,ar2
    a384:	2bf0 
    a385:	1092 	ld     *ar2+,a
    a386:	f620 	sub    b,a
    a387:	9e17 	saccd  a,*ar3,aleq
    a388:	1083 	ld     *ar3,a
    a389:	f846 	bc     0xa38e,agt
    a38a:	a38e 
    a38b:	69f8 	orm    #16,*(0x3d90)
    a38c:	3d90 
    a38d:	0010 
    a38e:	6984 	orm    #4,*ar4
    a38f:	0004 
    a390:	10f8 	ld     *(0x3d90),a
    a391:	3d90 
    a392:	f030 	and    #27,a
    a393:	001b 
    a394:	fc44 	rc     aneq
    a395:	6884 	andm   #-5,*ar4
    a396:	fffb 
    a397:	fc00 	ret    
    a398:	7714 	stm    #2544,ar4
    a399:	09f0 
    a39a:	7715 	stm    #15752,ar5
    a39b:	3d88 
    a39c:	68f8 	andm   #-256,*(0x3d90)
    a39d:	3d90 
    a39e:	ff00 
    a39f:	61f8 	bitf   *(0x3fae),#256
    a3a0:	3fae 
    a3a1:	0100 
    a3a2:	f820 	bc     0xa3a8,ntc
    a3a3:	a3a8 
    a3a4:	7714 	stm    #2392,ar4
    a3a5:	0958 
    a3a6:	7715 	stm    #15759,ar5
    a3a7:	3d8f 
    a3a8:	61f8 	bitf   *(0x2bf8),#1
    a3a9:	2bf8 
    a3aa:	0001 
    a3ab:	f820 	bc     0xa3b0,ntc
    a3ac:	a3b0 
    a3ad:	69f8 	orm    #1,*(0x3d90)
    a3ae:	3d90 
    a3af:	0001 
    a3b0:	771a 	stm    #24,brc
    a3b1:	0018 
    a3b2:	f12f 	ld     #32767,15,b
    a3b3:	7fff 
    a3b4:	f272 	rptbd  0xa3b9
    a3b5:	a3b9 
    a3b6:	7712 	stm    #12662,ar2
    a3b7:	3176 
    a3b8:	1092 	ld     *ar2+,a
    a3b9:	f587 	min    b
    a3ba:	81f8 	stl    b,*(0x2bfa)
    a3bb:	2bfa 
    a3bc:	09f8 	sub    *(0xc67),b
    a3bd:	0c67 
    a3be:	f84a 	bc     0xa3c3,bgeq
    a3bf:	a3c3 
    a3c0:	69f8 	orm    #8,*(0x3d90)
    a3c1:	3d90 
    a3c2:	0008 
    a3c3:	771a 	stm    #24,brc
    a3c4:	0018 
    a3c5:	e800 	ld     #0,a
    a3c6:	f272 	rptbd  0xa3ca
    a3c7:	a3ca 
    a3c8:	7712 	stm    #12662,ar2
    a3c9:	3176 
    a3ca:	0092 	add    *ar2+,a
    a3cb:	08f8 	sub    *(0xc69),a
    a3cc:	0c69 
    a3cd:	f842 	bc     0xa3d2,ageq
    a3ce:	a3d2 
    a3cf:	69f8 	orm    #8,*(0x3d90)
    a3d0:	3d90 
    a3d1:	0008 
    a3d2:	61f8 	bitf   *(0x3fae),#256
    a3d3:	3fae 
    a3d4:	0100 
    a3d5:	7712 	stm    #15772,ar2
    a3d6:	3d9c 
    a3d7:	ff30 	xc     2,tc
    a3d8:	7712 	stm    #15773,ar2
    a3d9:	3d9d 
    a3da:	10f8 	ld     *(0x3fae),a
    a3db:	3fae 
    a3dc:	f030 	and    #2560,a
    a3dd:	0a00 
    a3de:	f845 	bc     0xa3f9,aeq
    a3df:	a3f9 
    a3e0:	61f8 	bitf   *(0x3fae),#1024
    a3e1:	3fae 
    a3e2:	0400 
    a3e3:	f820 	bc     0xa3e9,ntc
    a3e4:	a3e9 
    a3e5:	7082 	mvkd   0xc70,*ar2
    a3e6:	0c70 
    a3e7:	f073 	b      0xa3f9
    a3e8:	a3f9 
    a3e9:	30f8 	ld     *(0xc71),t
    a3ea:	0c71 
    a3eb:	2082 	mpy    *ar2,a
    a3ec:	21f8 	mpy    *(0x2bfa),b
    a3ed:	2bfa 
    a3ee:	f623 	sub    b,3,a
    a3ef:	f61f 	add    b,-1,a
    a3f0:	f0f0 	sftl   a,-16
    a3f1:	f3f0 	sftl   b,-16
    a3f2:	6ff8 	add    *(0x2bfa),3,a
    a3f3:	2bfa 
    a3f4:	0c03 
    a3f5:	6ff8 	sub    *(0x2bfa),-1,a
    a3f6:	2bfa 
    a3f7:	0c3f 
    a3f8:	8082 	stl    a,*ar2
    a3f9:	10f8 	ld     *(0x2bfa),a
    a3fa:	2bfa 
    a3fb:	08f8 	sub    *(0xc72),a
    a3fc:	0c72 
    a3fd:	f842 	bc     0xa404,ageq
    a3fe:	a404 
    a3ff:	69f8 	orm    #96,*(0x3d90)
    a400:	3d90 
    a401:	0060 
    a402:	f073 	b      0xa421
    a403:	a421 
    a404:	10f8 	ld     *(0x2bfa),a
    a405:	2bfa 
    a406:	08f8 	sub    *(0xc73),a
    a407:	0c73 
    a408:	f846 	bc     0xa421,agt
    a409:	a421 
    a40a:	44f8 	ld     *(0x2bfa),16,a
    a40b:	2bfa 
    a40c:	40f8 	sub    *(0xc72),16,a
    a40d:	0c72 
    a40e:	31f8 	mpya   *(0xc74)
    a40f:	0c74 
    a410:	01f8 	add    *(0xc75),b
    a411:	0c75 
    a412:	0982 	sub    *ar2,b
    a413:	f84a 	bc     0xa41a,bgeq
    a414:	a41a 
    a415:	69f8 	orm    #96,*(0x3d90)
    a416:	3d90 
    a417:	0060 
    a418:	f073 	b      0xa421
    a419:	a421 
    a41a:	09f8 	sub    *(0xc77),b
    a41b:	0c77 
    a41c:	f84a 	bc     0xa421,bgeq
    a41d:	a421 
    a41e:	69f8 	orm    #64,*(0x3d90)
    a41f:	3d90 
    a420:	0040 
    a421:	10f8 	ld     *(0x30ec),a
    a422:	30ec 
    a423:	08f8 	sub    *(0xc78),a
    a424:	0c78 
    a425:	f842 	bc     0xa42a,ageq
    a426:	a42a 
    a427:	69f8 	orm    #4,*(0x3d90)
    a428:	3d90 
    a429:	0004 
    a42a:	7712 	stm    #11248,ar2
    a42b:	2bf0 
    a42c:	7713 	stm    #11250,ar3
    a42d:	2bf2 
    a42e:	a089 	add    *ar2+,*ar3+,a
    a42f:	a145 	add    *ar2-,*ar3-,b
    a430:	40f8 	sub    *(0xc68),16,a
    a431:	0c68 
    a432:	43f8 	sub    *(0xc68),16,b
    a433:	0c68 
    a434:	f842 	bc     0xa439,ageq
    a435:	a439 
    a436:	69f8 	orm    #2,*(0x3d90)
    a437:	3d90 
    a438:	0002 
    a439:	f84a 	bc     0xa43e,bgeq
    a43a:	a43e 
    a43b:	69f8 	orm    #2,*(0x3d90)
    a43c:	3d90 
    a43d:	0002 
    a43e:	7713 	stm    #0,ar3
    a43f:	0000 
    a440:	771a 	stm    #3,brc
    a441:	0003 
    a442:	11f8 	ld     *(0xc6b),b
    a443:	0c6b 
    a444:	f272 	rptbd  0xa44d
    a445:	a44d 
    a446:	7712 	stm    #11248,ar2
    a447:	2bf0 
    a448:	1092 	ld     *ar2+,a
    a449:	f620 	sub    b,a
    a44a:	f495 	nop    
    a44b:	f495 	nop    
    a44c:	fd47 	xc     1,aleq
    a44d:	6d93 	mar    *ar3+
    a44e:	4813 	ldm    ar3,a
    a44f:	f010 	sub    #2,a
    a450:	0002 
    a451:	f843 	bc     0xa456,alt
    a452:	a456 
    a453:	69f8 	orm    #16,*(0x3d90)
    a454:	3d90 
    a455:	0010 
    a456:	1085 	ld     *ar5,a
    a457:	f030 	and    #15,a
    a458:	000f 
    a459:	f845 	bc     0xa471,aeq
    a45a:	a471 
    a45b:	7713 	stm    #12712,ar3
    a45c:	31a8 
    a45d:	ed00 	ld     #0,asm
    a45e:	7683 	st     #1,*ar3
    a45f:	0001 
    a460:	771a 	stm    #3,brc
    a461:	0003 
    a462:	11f8 	ld     *(0xc6a),b
    a463:	0c6a 
    a464:	f272 	rptbd  0xa46a
    a465:	a46a 
    a466:	7712 	stm    #11248,ar2
    a467:	2bf0 
    a468:	1092 	ld     *ar2+,a
    a469:	f620 	sub    b,a
    a46a:	9e17 	saccd  a,*ar3,aleq
    a46b:	1083 	ld     *ar3,a
    a46c:	f846 	bc     0xa471,agt
    a46d:	a471 
    a46e:	69f8 	orm    #16,*(0x3d90)
    a46f:	3d90 
    a470:	0010 
    a471:	6984 	orm    #7,*ar4
    a472:	0007 
    a473:	10f8 	ld     *(0x3d90),a
    a474:	3d90 
    a475:	f030 	and    #51,a
    a476:	0033 
    a477:	fc44 	rc     aneq
    a478:	6884 	andm   #-5,*ar4
    a479:	fffb 
    a47a:	10f8 	ld     *(0x3d90),a
    a47b:	3d90 
    a47c:	f030 	and    #76,a
    a47d:	004c 
    a47e:	f844 	bc     0xa482,aneq
    a47f:	a482 
    a480:	6884 	andm   #-3,*ar4
    a481:	fffd 
    a482:	10f8 	ld     *(0x3d90),a
    a483:	3d90 
    a484:	f030 	and    #64,a
    a485:	0040 
    a486:	fc44 	rc     aneq
    a487:	10f8 	ld     *(0x3d90),a
    a488:	3d90 
    a489:	f030 	and    #12,a
    a48a:	000c 
    a48b:	f050 	xor    #12,a
    a48c:	000c 
    a48d:	fc45 	rc     aeq
    a48e:	6884 	andm   #-2,*ar4
    a48f:	fffe 
    a490:	fc00 	ret    
    a491:	0028 	add    DP+0x28,a
    a492:	0063 	add    DP+0x63,a
    a493:	0029 	add    DP+0x29,a
    a494:	0020 	add    DP+0x20,a
    a495:	0054 	add    DP+0x54,a
    a496:	0065 	add    DP+0x65,a
    a497:	0078 	add    DP+0x78,a
    a498:	0061 	add    DP+0x61,a
    a499:	0073 	add    DP+0x73,a
    a49a:	0020 	add    DP+0x20,a
    a49b:	0049 	add    DP+0x49,a
    a49c:	006e 	add    DP+0x6e,a
    a49d:	0073 	add    DP+0x73,a
    a49e:	0074 	add    DP+0x74,a
    a49f:	0072 	add    DP+0x72,a
    a4a0:	0075 	add    DP+0x75,a
    a4a1:	006d 	add    DP+0x6d,a
    a4a2:	0065 	add    DP+0x65,a
    a4a3:	006e 	add    DP+0x6e,a
    a4a4:	0074 	add    DP+0x74,a
    a4a5:	0073 	add    DP+0x73,a
    a4a6:	0020 	add    DP+0x20,a
    a4a7:	0031 	add    DP+0x31,a
    a4a8:	0039 	add    DP+0x39,a
    a4a9:	0039 	add    DP+0x39,a
    a4aa:	0035 	add    DP+0x35,a
    a4ab:	002d 	add    DP+0x2d,a
    a4ac:	0030 	add    DP+0x30,a
    a4ad:	0030 	add    DP+0x30,a
    a4ae:	76f8 	st     #17184,*(0x432e)
    a4af:	432e 
    a4b0:	4320 
    a4b1:	76f8 	st     #17184,*(0x432f)
    a4b2:	432f 
    a4b3:	4320 
    a4b4:	76f8 	st     #17200,*(0x433e)
    a4b5:	433e 
    a4b6:	4330 
    a4b7:	76f8 	st     #17200,*(0x433f)
    a4b8:	433f 
    a4b9:	4330 
    a4ba:	76f8 	st     #17216,*(0x434e)
    a4bb:	434e 
    a4bc:	4340 
    a4bd:	76f8 	st     #17216,*(0x434f)
    a4be:	434f 
    a4bf:	4340 
    a4c0:	76f8 	st     #1,*(0x3fde)
    a4c1:	3fde 
    a4c2:	0001 
    a4c3:	76f8 	st     #0,*(0x3f92)
    a4c4:	3f92 
    a4c5:	0000 
    a4c6:	fc00 	ret    
    a4c7:	69f8 	orm    #12288,*(0x0)
    a4c8:	0000 
    a4c9:	3000 
    a4ca:	f7bb 	ssbx   st1,intm
    a4cb:	f074 	call   0xaad5
    a4cc:	aad5 
    a4cd:	f845 	bc     0xa4d4,aeq
    a4ce:	a4d4 
    a4cf:	f6e3 	calad  a
    a4d0:	f6bb 	rsbx   st1,intm
    a4d1:	f495 	nop    
    a4d2:	f073 	b      0xa4ca
    a4d3:	a4ca 
    a4d4:	60f8 	cmpm   *(0x3f70),#2
    a4d5:	3f70 
    a4d6:	0002 
    a4d7:	fc30 	rc     tc
    a4d8:	10f8 	ld     *(0x3f60),a
    a4d9:	3f60 
    a4da:	f074 	call   0x71bc
    a4db:	71bc 
    a4dc:	10f8 	ld     *(0x3f6d),a
    a4dd:	3f6d 
    a4de:	f4e2 	bacc   a
    a4df:	10f8 	ld     *(0x3f6a),a
    a4e0:	3f6a 
    a4e1:	f4e3 	cala   a
    a4e2:	f073 	b      0xa4ca
    a4e3:	a4ca 
    a4e4:	68f8 	andm   #-3,*(0x3fdc)
    a4e5:	3fdc 
    a4e6:	fffd 
    a4e7:	75f8 	portw  *(0x3fdc),pa63744
    a4e8:	3fdc 
    a4e9:	f900 
    a4ea:	47f8 	rpt    *(0x3fd8)
    a4eb:	3fd8 
    a4ec:	f495 	nop    
    a4ed:	68f8 	andm   #-5,*(0x29)
    a4ee:	0029 
    a4ef:	fffb 
    a4f0:	47f8 	rpt    *(0x3fda)
    a4f1:	3fda 
    a4f2:	f495 	nop    
    a4f3:	60f8 	cmpm   *(0x3f70),#2
    a4f4:	3f70 
    a4f5:	0002 
    a4f6:	f830 	bc     0xa4fd,tc
    a4f7:	a4fd 
    a4f8:	7318 	mvmd   sp,0x3f6e
    a4f9:	3f6e 
    a4fa:	70f8 	mvkd   0x3fcf,*(0x3f6f)
    a4fb:	3f6f 
    a4fc:	3fcf 
    a4fd:	f020 	ld     #4369,a
    a4fe:	1111 
    a4ff:	f074 	call   0xb522
    a500:	b522 
    a501:	70f8 	mvkd   0x0,*(0x435b)
    a502:	435b 
    a503:	0000 
    a504:	61f8 	bitf   *(0x435b),#16
    a505:	435b 
    a506:	0010 
    a507:	f820 	bc     0xa51c,ntc
    a508:	a51c 
    a509:	7700 	stm    #16,imr
    a50a:	0010 
    a50b:	61f8 	bitf   *(0x435b),#64
    a50c:	435b 
    a50d:	0040 
    a50e:	f820 	bc     0xa513,ntc
    a50f:	a513 
    a510:	69f8 	orm    #64,*(0x0)
    a511:	0000 
    a512:	0040 
    a513:	61f8 	bitf   *(0x435b),#256
    a514:	435b 
    a515:	0100 
    a516:	f820 	bc     0xa51b,ntc
    a517:	a51b 
    a518:	69f8 	orm    #256,*(0x0)
    a519:	0000 
    a51a:	0100 
    a51b:	f6bb 	rsbx   st1,intm
    a51c:	10f8 	ld     *(0x8d4),a
    a51d:	08d4 
    a51e:	80f8 	stl    a,*(0x3fb0)
    a51f:	3fb0 
    a520:	76f8 	st     #2048,*(0x3fc1)
    a521:	3fc1 
    a522:	0800 
    a523:	76f8 	st     #2088,*(0x3fc2)
    a524:	3fc2 
    a525:	0828 
    a526:	61f8 	bitf   *(0x3fb0),#1
    a527:	3fb0 
    a528:	0001 
    a529:	f820 	bc     0xa531,ntc
    a52a:	a531 
    a52b:	76f8 	st     #2068,*(0x3fc1)
    a52c:	3fc1 
    a52d:	0814 
    a52e:	76f8 	st     #2108,*(0x3fc2)
    a52f:	3fc2 
    a530:	083c 
    a531:	7211 	mvdm   0x3fc1,ar1
    a532:	3fc1 
    a533:	f495 	nop    
    a534:	60f8 	cmpm   *(0x5a00),#136
    a535:	5a00 
    a536:	0088 
    a537:	f830 	bc     0xa53c,tc
    a538:	a53c 
    a539:	69f8 	orm    #2048,*(0x3f92)
    a53a:	3f92 
    a53b:	0800 
    a53c:	61e1 	bitf   *ar1(0x10),#-32768
    a53d:	0010 
    a53e:	8000 
    a53f:	f820 	bc     0xa575,ntc
    a540:	a575 
    a541:	61f8 	bitf   *(0x9bc),#1
    a542:	09bc 
    a543:	0001 
    a544:	f820 	bc     0xa549,ntc
    a545:	a549 
    a546:	10f8 	ld     *(0x3fe0),a
    a547:	3fe0 
    a548:	f4e2 	bacc   a
    a549:	68e1 	andm   #32767,*ar1(0x10)
    a54a:	0010 
    a54b:	7fff 
    a54c:	e82a 	ld     #42,a
    a54d:	f074 	call   0xa9ea
    a54e:	a9ea 
    a54f:	7701 	stm    #3,ifr
    a550:	0003 
    a551:	76f8 	st     #17184,*(0x432e)
    a552:	432e 
    a553:	4320 
    a554:	76f8 	st     #17184,*(0x432f)
    a555:	432f 
    a556:	4320 
    a557:	76f8 	st     #17200,*(0x433e)
    a558:	433e 
    a559:	4330 
    a55a:	76f8 	st     #17200,*(0x433f)
    a55b:	433f 
    a55c:	4330 
    a55d:	76f8 	st     #17216,*(0x434e)
    a55e:	434e 
    a55f:	4340 
    a560:	76f8 	st     #17216,*(0x434f)
    a561:	434f 
    a562:	4340 
    a563:	76f8 	st     #1,*(0x3fde)
    a564:	3fde 
    a565:	0001 
    a566:	68f8 	andm   #1536,*(0x3f92)
    a567:	3f92 
    a568:	0600 
    a569:	61e1 	bitf   *ar1(0x10),#16384
    a56a:	0010 
    a56b:	4000 
    a56c:	f820 	bc     0xa575,ntc
    a56d:	a575 
    a56e:	e82b 	ld     #43,a
    a56f:	f074 	call   0xa9ea
    a570:	a9ea 
    a571:	f020 	ld     #-21759,a
    a572:	ab01 
    a573:	f074 	call   0xb522
    a574:	b522 
    a575:	10f8 	ld     *(0x4368),a
    a576:	4368 
    a577:	f4e3 	cala   a
    a578:	f495 	nop    
    a579:	f495 	nop    
    a57a:	10f8 	ld     *(0x3fd4),a
    a57b:	3fd4 
    a57c:	f4e3 	cala   a
    a57d:	f7bb 	ssbx   st1,intm
    a57e:	10f8 	ld     *(0x435b),a
    a57f:	435b 
    a580:	1af8 	or     *(0x0),a
    a581:	0000 
    a582:	80f8 	stl    a,*(0x0)
    a583:	0000 
    a584:	10f8 	ld     *(0x3fde),a
    a585:	3fde 
    a586:	f944 	cc     0xaa87,aneq
    a587:	aa87 
    a588:	f845 	bc     0xa58b,aeq
    a589:	a58b 
    a58a:	f4e3 	cala   a
    a58b:	f074 	call   0xa5b5
    a58c:	a5b5 
    a58d:	fc00 	ret    
    a58e:	60f8 	cmpm   *(0x3f70),#2
    a58f:	3f70 
    a590:	0002 
    a591:	f830 	bc     0xa595,tc
    a592:	a595 
    a593:	7318 	mvmd   sp,0x3f6e
    a594:	3f6e 
    a595:	e802 	ld     #2,a
    a596:	f074 	call   0xb522
    a597:	b522 
    a598:	e82a 	ld     #42,a
    a599:	f074 	call   0xa9ea
    a59a:	a9ea 
    a59b:	68f8 	andm   #-3,*(0x3fc0)
    a59c:	3fc0 
    a59d:	fffd 
    a59e:	f074 	call   0xaa87
    a59f:	aa87 
    a5a0:	f845 	bc     0xa5a3,aeq
    a5a1:	a5a3 
    a5a2:	f4e3 	cala   a
    a5a3:	f074 	call   0xaab1
    a5a4:	aab1 
    a5a5:	f944 	cc     0xaac3,aneq
    a5a6:	aac3 
    a5a7:	61f8 	bitf   *(0x3fc0),#1
    a5a8:	3fc0 
    a5a9:	0001 
    a5aa:	f820 	bc     0xa5b2,ntc
    a5ab:	a5b2 
    a5ac:	10f8 	ld     *(0x3f68),a
    a5ad:	3f68 
    a5ae:	f4e3 	cala   a
    a5af:	68f8 	andm   #-2,*(0x3fc0)
    a5b0:	3fc0 
    a5b1:	fffe 
    a5b2:	f074 	call   0xa5b5
    a5b3:	a5b5 
    a5b4:	fc00 	ret    
    a5b5:	70f8 	mvkd   0x98a,*(0x98c)
    a5b6:	098c 
    a5b7:	098a 
    a5b8:	60f8 	cmpm   *(0x3f70),#1
    a5b9:	3f70 
    a5ba:	0001 
    a5bb:	f820 	bc     0xa5cc,ntc
    a5bc:	a5cc 
    a5bd:	76f8 	st     #2,*(0x3f70)
    a5be:	3f70 
    a5bf:	0002 
    a5c0:	70f8 	mvkd   0x3fcf,*(0x3f6f)
    a5c1:	3f6f 
    a5c2:	3fcf 
    a5c3:	e839 	ld     #57,a
    a5c4:	f074 	call   0xa9ea
    a5c5:	a9ea 
    a5c6:	70f8 	mvkd   0x3f6f,*(0x3fcf)
    a5c7:	3fcf 
    a5c8:	3f6f 
    a5c9:	76f8 	st     #1,*(0x3f70)
    a5ca:	3f70 
    a5cb:	0001 
    a5cc:	fc00 	ret    
    a5cd:	ea86 	ld     #134,dp
    a5ce:	76f8 	st     #-3980,*(0x158)
    a5cf:	0158 
    a5d0:	f074 
    a5d1:	76f8 	st     #29250,*(0x159)
    a5d2:	0159 
    a5d3:	7242 
    a5d4:	76f8 	st     #-3981,*(0x15a)
    a5d5:	015a 
    a5d6:	f073 
    a5d7:	4811 	ldm    ar1,a
    a5d8:	80f8 	stl    a,*(0x15b)
    a5d9:	015b 
    a5da:	69f8 	orm    #4,*(0x3fdc)
    a5db:	3fdc 
    a5dc:	0004 
    a5dd:	75f8 	portw  *(0x3fdc),pa63744
    a5de:	3fdc 
    a5df:	f900 
    a5e0:	47f8 	rpt    *(0xc32)
    a5e1:	0c32 
    a5e2:	f495 	nop    
    a5e3:	4812 	ldm    ar2,a
    a5e4:	f010 	sub    #2048,a
    a5e5:	0800 
    a5e6:	6f56 	stl    a,1,DP+0x56
    a5e7:	0c81 
    a5e8:	7556 	portw  DP+0x56,pa64548
    a5e9:	fc24 
    a5ea:	4813 	ldm    ar3,a
    a5eb:	f110 	sub    #48,a,b
    a5ec:	0030 
    a5ed:	6f56 	stl    a,2,DP+0x56
    a5ee:	0c82 
    a5ef:	7556 	portw  DP+0x56,pa64550
    a5f0:	fc26 
    a5f1:	7656 	st     #1197,DP+0x56
    a5f2:	04ad 
    a5f3:	ff4d 	xc     2,beq
    a5f4:	7656 	st     #1193,DP+0x56
    a5f5:	04a9 
    a5f6:	7556 	portw  DP+0x56,pa64552
    a5f7:	fc28 
    a5f8:	68f8 	andm   #-5,*(0x3fdc)
    a5f9:	3fdc 
    a5fa:	fffb 
    a5fb:	75f8 	portw  *(0x3fdc),pa63744
    a5fc:	3fdc 
    a5fd:	f900 
    a5fe:	75f8 	portw  *(0x3fdc),pa63744
    a5ff:	3fdc 
    a600:	f900 
    a601:	61f8 	bitf   *(0x435e),#8192
    a602:	435e 
    a603:	2000 
    a604:	f830 	bc     0xa615,tc
    a605:	a615 
    a606:	e806 	ld     #6,a
    a607:	7456 	portr  pa3,DP+0x56
    a608:	0003 
    a609:	6156 	bitf   DP+0x56,#32
    a60a:	0020 
    a60b:	f830 	bc     0xa615,tc
    a60c:	a615 
    a60d:	f843 	bc     0xa615,alt
    a60e:	a615 
    a60f:	f010 	sub    #1,a
    a610:	0001 
    a611:	7456 	portr  pa1,DP+0x56
    a612:	0001 
    a613:	f073 	b      0xa607
    a614:	a607 
    a615:	61f8 	bitf   *(0x435e),#4096
    a616:	435e 
    a617:	1000 
    a618:	f830 	bc     0xa620,tc
    a619:	a620 
    a61a:	7456 	portr  pa3,DP+0x56
    a61b:	0003 
    a61c:	6856 	andm   #-3,DP+0x56
    a61d:	fffd 
    a61e:	7556 	portw  DP+0x56,pa3
    a61f:	0003 
    a620:	7456 	portr  pa3,DP+0x56
    a621:	0003 
    a622:	6856 	andm   #-9089,DP+0x56
    a623:	dc7f 
    a624:	6956 	orm    #18690,DP+0x56
    a625:	4902 
    a626:	7556 	portw  DP+0x56,pa3
    a627:	0003 
    a628:	7701 	stm    #16384,ifr
    a629:	4000 
    a62a:	69f8 	orm    #16384,*(0x0)
    a62b:	0000 
    a62c:	4000 
    a62d:	fc00 	ret    
    a62e:	74f8 	portr  pa3,*(0x4356)
    a62f:	4356 
    a630:	0003 
    a631:	69f8 	orm    #8192,*(0x4356)
    a632:	4356 
    a633:	2000 
    a634:	75f8 	portw  *(0x4356),pa3
    a635:	4356 
    a636:	0003 
    a637:	69f8 	orm    #4,*(0x3fdc)
    a638:	3fdc 
    a639:	0004 
    a63a:	75f8 	portw  *(0x3fdc),pa63744
    a63b:	3fdc 
    a63c:	f900 
    a63d:	47f8 	rpt    *(0xc32)
    a63e:	0c32 
    a63f:	f495 	nop    
    a640:	74f8 	portr  pa64552,*(0x4356)
    a641:	4356 
    a642:	fc28 
    a643:	68f8 	andm   #-2,*(0x4356)
    a644:	4356 
    a645:	fffe 
    a646:	75f8 	portw  *(0x4356),pa64552
    a647:	4356 
    a648:	fc28 
    a649:	69f8 	orm    #4,*(0x3fdc)
    a64a:	3fdc 
    a64b:	0004 
    a64c:	75f8 	portw  *(0x3fdc),pa63744
    a64d:	3fdc 
    a64e:	f900 
    a64f:	47f8 	rpt    *(0xc32)
    a650:	0c32 
    a651:	f495 	nop    
    a652:	74f8 	portr  pa64552,*(0x11)
    a653:	0011 
    a654:	fc28 
    a655:	76f8 	st     #3072,*(0x4356)
    a656:	4356 
    a657:	0c00 
    a658:	75f8 	portw  *(0x4356),pa64001
    a659:	4356 
    a65a:	fa01 
    a65b:	68f8 	andm   #-5,*(0x3fdc)
    a65c:	3fdc 
    a65d:	fffb 
    a65e:	75f8 	portw  *(0x3fdc),pa63744
    a65f:	3fdc 
    a660:	f900 
    a661:	75f8 	portw  *(0x3fdc),pa63744
    a662:	3fdc 
    a663:	f900 
    a664:	68f8 	andm   #-5,*(0x3fdc)
    a665:	3fdc 
    a666:	fffb 
    a667:	75f8 	portw  *(0x3fdc),pa63744
    a668:	3fdc 
    a669:	f900 
    a66a:	75f8 	portw  *(0x3fdc),pa63744
    a66b:	3fdc 
    a66c:	f900 
    a66d:	68f8 	andm   #-16385,*(0x0)
    a66e:	0000 
    a66f:	bfff 
    a670:	fc00 	ret    
    a671:	10f8 	ld     *(0x3fde),a
    a672:	3fde 
    a673:	f845 	bc     0xa684,aeq
    a674:	a684 
    a675:	74f8 	portr  pa3,*(0xe)
    a676:	000e 
    a677:	0003 
    a678:	68f8 	andm   #-16387,*(0xe)
    a679:	000e 
    a67a:	bffd 
    a67b:	75f8 	portw  *(0xe),pa3
    a67c:	000e 
    a67d:	0003 
    a67e:	69f8 	orm    #2,*(0xe)
    a67f:	000e 
    a680:	0002 
    a681:	75f8 	portw  *(0xe),pa3
    a682:	000e 
    a683:	0003 
    a684:	70f8 	mvkd   0xc37,*(0x3fdb)
    a685:	3fdb 
    a686:	0c37 
    a687:	70f8 	mvkd   0x8de,*(0x3fdd)
    a688:	3fdd 
    a689:	08de 
    a68a:	69f8 	orm    #2,*(0x3fdc)
    a68b:	3fdc 
    a68c:	0002 
    a68d:	69f8 	orm    #4,*(0x29)
    a68e:	0029 
    a68f:	0004 
    a690:	47f8 	rpt    *(0x3fd9)
    a691:	3fd9 
    a692:	f495 	nop    
    a693:	75f8 	portw  *(0x3fdc),pa63744
    a694:	3fdc 
    a695:	f900 
    a696:	10f8 	ld     *(0x3fdd),a
    a697:	3fdd 
    a698:	f030 	and    #-16384,a
    a699:	c000 
    a69a:	1af8 	or     *(0x3fd3),a
    a69b:	3fd3 
    a69c:	f130 	and    #16385,a,b
    a69d:	4001 
    a69e:	f84d 	bc     0xa6a3,beq
    a69f:	a6a3 
    a6a0:	f4e1 	idle   1
    a6a1:	f073 	b      0xa6c0
    a6a2:	a6c0 
    a6a3:	f130 	and    #-32648,a,b
    a6a4:	8078 
    a6a5:	f84d 	bc     0xa6aa,beq
    a6a6:	a6aa 
    a6a7:	f6e1 	idle   2
    a6a8:	f073 	b      0xa6c0
    a6a9:	a6c0 
    a6aa:	10f8 	ld     *(0x3fde),a
    a6ab:	3fde 
    a6ac:	f010 	sub    #0,a
    a6ad:	0000 
    a6ae:	f844 	bc     0xa6b8,aneq
    a6af:	a6b8 
    a6b0:	10f8 	ld     *(0x3fdb),a
    a6b1:	3fdb 
    a6b2:	f030 	and    #3,a
    a6b3:	0003 
    a6b4:	f010 	sub    #0,a
    a6b5:	0000 
    a6b6:	f845 	bc     0xa6a7,aeq
    a6b7:	a6a7 
    a6b8:	f5e1 	idle   3
    a6b9:	10f8 	ld     *(0x3fdd),a
    a6ba:	3fdd 
    a6bb:	f030 	and    #4095,a
    a6bc:	0fff 
    a6bd:	47f8 	rpt    *(0x8)
    a6be:	0008 
    a6bf:	f495 	nop    
    a6c0:	68f8 	andm   #-3,*(0x3fdc)
    a6c1:	3fdc 
    a6c2:	fffd 
    a6c3:	75f8 	portw  *(0x3fdc),pa63744
    a6c4:	3fdc 
    a6c5:	f900 
    a6c6:	47f8 	rpt    *(0x3fd8)
    a6c7:	3fd8 
    a6c8:	f495 	nop    
    a6c9:	68f8 	andm   #-5,*(0x29)
    a6ca:	0029 
    a6cb:	fffb 
    a6cc:	47f8 	rpt    *(0x3fda)
    a6cd:	3fda 
    a6ce:	f495 	nop    
    a6cf:	f6bb 	rsbx   st1,intm
    a6d0:	fc00 	ret    
    a6d1:	e83b 	ld     #59,a
    a6d2:	f074 	call   0xa9ea
    a6d3:	a9ea 
    a6d4:	e83c 	ld     #60,a
    a6d5:	f074 	call   0xa9ea
    a6d6:	a9ea 
    a6d7:	fc00 	ret    
    a6d8:	e834 	ld     #52,a
    a6d9:	f074 	call   0xa9ea
    a6da:	a9ea 
    a6db:	76f8 	st     #1,*(0x3fad)
    a6dc:	3fad 
    a6dd:	0001 
    a6de:	76f8 	st     #0,*(0x3fae)
    a6df:	3fae 
    a6e0:	0000 
    a6e1:	7212 	mvdm   0x3fc1,ar2
    a6e2:	3fc1 
    a6e3:	f495 	nop    
    a6e4:	10e2 	ld     *ar2(0x9),a
    a6e5:	0009 
    a6e6:	f0e0 	sftl   a,0
    a6e7:	f030 	and    #15,a
    a6e8:	000f 
    a6e9:	80f8 	stl    a,*(0x4357)
    a6ea:	4357 
    a6eb:	60f8 	cmpm   *(0x3fba),#0
    a6ec:	3fba 
    a6ed:	0000 
    a6ee:	f820 	bc     0xa706,ntc
    a6ef:	a706 
    a6f0:	60f8 	cmpm   *(0x3faf),#0
    a6f1:	3faf 
    a6f2:	0000 
    a6f3:	f830 	bc     0xa6fa,tc
    a6f4:	a6fa 
    a6f5:	76f8 	st     #8,*(0x3fae)
    a6f6:	3fae 
    a6f7:	0008 
    a6f8:	f073 	b      0xa6fd
    a6f9:	a6fd 
    a6fa:	76f8 	st     #2,*(0x3fae)
    a6fb:	3fae 
    a6fc:	0002 
    a6fd:	60f8 	cmpm   *(0x435a),#0
    a6fe:	435a 
    a6ff:	0000 
    a700:	f495 	nop    
    a701:	f495 	nop    
    a702:	ff30 	xc     2,tc
    a703:	76f8 	st     #1,*(0x3fba)
    a704:	3fba 
    a705:	0001 
    a706:	10e2 	ld     *ar2(0x9),a
    a707:	0009 
    a708:	f0f4 	sftl   a,-12
    a709:	f030 	and    #7,a
    a70a:	0007 
    a70b:	f010 	sub    #3,a
    a70c:	0003 
    a70d:	f844 	bc     0xa712,aneq
    a70e:	a712 
    a70f:	69f8 	orm    #-32768,*(0x3fad)
    a710:	3fad 
    a711:	8000 
    a712:	e831 	ld     #49,a
    a713:	f074 	call   0xa9ea
    a714:	a9ea 
    a715:	76f8 	st     #0,*(0x3fad)
    a716:	3fad 
    a717:	0000 
    a718:	76f8 	st     #0,*(0x3fae)
    a719:	3fae 
    a71a:	0000 
    a71b:	10f8 	ld     *(0x3fba),a
    a71c:	3fba 
    a71d:	f010 	sub    #1,a
    a71e:	0001 
    a71f:	f843 	bc     0xa7d3,alt
    a720:	a7d3 
    a721:	60f8 	cmpm   *(0x435a),#3
    a722:	435a 
    a723:	0003 
    a724:	f820 	bc     0xa73f,ntc
    a725:	a73f 
    a726:	60f8 	cmpm   *(0x4357),#6
    a727:	4357 
    a728:	0006 
    a729:	69f8 	orm    #4,*(0x3fad)
    a72a:	3fad 
    a72b:	0004 
    a72c:	76f8 	st     #0,*(0x9e1)
    a72d:	09e1 
    a72e:	0000 
    a72f:	ff30 	xc     2,tc
    a730:	69f8 	orm    #64,*(0x3fad)
    a731:	3fad 
    a732:	0040 
    a733:	10f8 	ld     *(0x4357),a
    a734:	4357 
    a735:	f010 	sub    #1,a
    a736:	0001 
    a737:	f495 	nop    
    a738:	f495 	nop    
    a739:	ff47 	xc     2,aleq
    a73a:	69f8 	orm    #8,*(0x3fad)
    a73b:	3fad 
    a73c:	0008 
    a73d:	f073 	b      0xa75f
    a73e:	a75f 
    a73f:	60f8 	cmpm   *(0x435a),#1
    a740:	435a 
    a741:	0001 
    a742:	f820 	bc     0xa75f,ntc
    a743:	a75f 
    a744:	60f8 	cmpm   *(0x4357),#4
    a745:	4357 
    a746:	0004 
    a747:	f495 	nop    
    a748:	f495 	nop    
    a749:	ff30 	xc     2,tc
    a74a:	69f8 	orm    #32,*(0x3fad)
    a74b:	3fad 
    a74c:	0020 
    a74d:	60f8 	cmpm   *(0x4357),#9
    a74e:	4357 
    a74f:	0009 
    a750:	f495 	nop    
    a751:	f495 	nop    
    a752:	ff30 	xc     2,tc
    a753:	69f8 	orm    #4096,*(0x3fad)
    a754:	3fad 
    a755:	1000 
    a756:	60f8 	cmpm   *(0x4357),#3
    a757:	4357 
    a758:	0003 
    a759:	f495 	nop    
    a75a:	f495 	nop    
    a75b:	ff30 	xc     2,tc
    a75c:	69f8 	orm    #16,*(0x3fad)
    a75d:	3fad 
    a75e:	0010 
    a75f:	e831 	ld     #49,a
    a760:	f074 	call   0xa9ea
    a761:	a9ea 
    a762:	e820 	ld     #32,a
    a763:	f074 	call   0xa9ea
    a764:	a9ea 
    a765:	10f8 	ld     *(0x4361),a
    a766:	4361 
    a767:	f844 	bc     0xa7c5,aneq
    a768:	a7c5 
    a769:	60f8 	cmpm   *(0x435a),#3
    a76a:	435a 
    a76b:	0003 
    a76c:	f820 	bc     0xa7d3,ntc
    a76d:	a7d3 
    a76e:	60f8 	cmpm   *(0x4357),#1
    a76f:	4357 
    a770:	0001 
    a771:	f820 	bc     0xa7d3,ntc
    a772:	a7d3 
    a773:	60f8 	cmpm   *(0x3fba),#1
    a774:	3fba 
    a775:	0001 
    a776:	f820 	bc     0xa781,ntc
    a777:	a781 
    a778:	69f8 	orm    #32,*(0x3fbf)
    a779:	3fbf 
    a77a:	0020 
    a77b:	76f8 	st     #16384,*(0x3fbe)
    a77c:	3fbe 
    a77d:	4000 
    a77e:	76f8 	st     #2,*(0x3fba)
    a77f:	3fba 
    a780:	0002 
    a781:	10f8 	ld     *(0x3fba),a
    a782:	3fba 
    a783:	f010 	sub    #2,a
    a784:	0002 
    a785:	f843 	bc     0xa7d3,alt
    a786:	a7d3 
    a787:	7212 	mvdm   0x3fc1,ar2
    a788:	3fc1 
    a789:	f495 	nop    
    a78a:	10e2 	ld     *ar2(0x8),a
    a78b:	0008 
    a78c:	f0f8 	sftl   a,-8
    a78d:	f030 	and    #127,a
    a78e:	007f 
    a78f:	f010 	sub    #59,a
    a790:	003b 
    a791:	68f8 	andm   #-513,*(0x3fbf)
    a792:	3fbf 
    a793:	fdff 
    a794:	ff45 	xc     2,aeq
    a795:	69f8 	orm    #512,*(0x3fbf)
    a796:	3fbf 
    a797:	0200 
    a798:	61f8 	bitf   *(0x8d9),#1
    a799:	08d9 
    a79a:	0001 
    a79b:	f820 	bc     0xa7a2,ntc
    a79c:	a7a2 
    a79d:	7710 	stm    #2544,ar0
    a79e:	09f0 
    a79f:	ec13 	rpt    #19
    a7a0:	7c90 	mvpd   0xa92c,*ar0+
    a7a1:	a92c 
    a7a2:	e836 	ld     #54,a
    a7a3:	f074 	call   0xa9ea
    a7a4:	a9ea 
    a7a5:	e824 	ld     #36,a
    a7a6:	f074 	call   0xa9ea
    a7a7:	a9ea 
    a7a8:	61f8 	bitf   *(0x8d9),#2
    a7a9:	08d9 
    a7aa:	0002 
    a7ab:	f820 	bc     0xa7b4,ntc
    a7ac:	a7b4 
    a7ad:	7210 	mvdm   0x3fbe,ar0
    a7ae:	3fbe 
    a7af:	7719 	stm    #350,bk
    a7b0:	015e 
    a7b1:	ec9f 	rpt    #159
    a7b2:	7cd0 	mvpd   0xa942,*ar0+%
    a7b3:	a942 
    a7b4:	7211 	mvdm   0x3fbe,ar1
    a7b5:	3fbe 
    a7b6:	7710 	stm    #160,ar0
    a7b7:	00a0 
    a7b8:	7719 	stm    #350,bk
    a7b9:	015e 
    a7ba:	f495 	nop    
    a7bb:	6dd9 	mar    *ar1+0%
    a7bc:	f495 	nop    
    a7bd:	7311 	mvmd   ar1,0x3fbe
    a7be:	3fbe 
    a7bf:	e82d 	ld     #45,a
    a7c0:	11f8 	ld     *(0x3f64),b
    a7c1:	3f64 
    a7c2:	f5e3 	cala   b
    a7c3:	f073 	b      0xa7d3
    a7c4:	a7d3 
    a7c5:	60f8 	cmpm   *(0x3fba),#3
    a7c6:	3fba 
    a7c7:	0003 
    a7c8:	f830 	bc     0xa7d3,tc
    a7c9:	a7d3 
    a7ca:	10f8 	ld     *(0x3fba),a
    a7cb:	3fba 
    a7cc:	f010 	sub    #1,a
    a7cd:	0001 
    a7ce:	f843 	bc     0xa7d3,alt
    a7cf:	a7d3 
    a7d0:	76f8 	st     #3,*(0x3fba)
    a7d1:	3fba 
    a7d2:	0003 
    a7d3:	fc00 	ret    
    a7d4:	60f8 	cmpm   *(0x435a),#3
    a7d5:	435a 
    a7d6:	0003 
    a7d7:	f820 	bc     0xa92b,ntc
    a7d8:	a92b 
    a7d9:	10f8 	ld     *(0x4361),a
    a7da:	4361 
    a7db:	f844 	bc     0xa872,aneq
    a7dc:	a872 
    a7dd:	60f8 	cmpm   *(0x3fb9),#1
    a7de:	3fb9 
    a7df:	0001 
    a7e0:	f820 	bc     0xa809,ntc
    a7e1:	a809 
    a7e2:	60f8 	cmpm   *(0x4359),#3
    a7e3:	4359 
    a7e4:	0003 
    a7e5:	f820 	bc     0xa7ef,ntc
    a7e6:	a7ef 
    a7e7:	60f8 	cmpm   *(0x4358),#11
    a7e8:	4358 
    a7e9:	000b 
    a7ea:	f820 	bc     0xa7ef,ntc
    a7eb:	a7ef 
    a7ec:	76f8 	st     #2,*(0x3fb9)
    a7ed:	3fb9 
    a7ee:	0002 
    a7ef:	60f8 	cmpm   *(0x4359),#7
    a7f0:	4359 
    a7f1:	0007 
    a7f2:	f820 	bc     0xa7fc,ntc
    a7f3:	a7fc 
    a7f4:	60f8 	cmpm   *(0x4358),#2
    a7f5:	4358 
    a7f6:	0002 
    a7f7:	f820 	bc     0xa7fc,ntc
    a7f8:	a7fc 
    a7f9:	76f8 	st     #2,*(0x3fb9)
    a7fa:	3fb9 
    a7fb:	0002 
    a7fc:	60f8 	cmpm   *(0x4359),#11
    a7fd:	4359 
    a7fe:	000b 
    a7ff:	f820 	bc     0xa809,ntc
    a800:	a809 
    a801:	60f8 	cmpm   *(0x4358),#6
    a802:	4358 
    a803:	0006 
    a804:	f820 	bc     0xa809,ntc
    a805:	a809 
    a806:	76f8 	st     #2,*(0x3fb9)
    a807:	3fb9 
    a808:	0002 
    a809:	60f8 	cmpm   *(0x3fb9),#2
    a80a:	3fb9 
    a80b:	0002 
    a80c:	f820 	bc     0xa839,ntc
    a80d:	a839 
    a80e:	61f8 	bitf   *(0x8d9),#16
    a80f:	08d9 
    a810:	0010 
    a811:	f820 	bc     0xa81a,ntc
    a812:	a81a 
    a813:	7210 	mvdm   0x3fbd,ar0
    a814:	3fbd 
    a815:	7719 	stm    #350,bk
    a816:	015e 
    a817:	ec9f 	rpt    #159
    a818:	7cd0 	mvpd   0xa942,*ar0+%
    a819:	a942 
    a81a:	68f8 	andm   #-5,*(0x3fbf)
    a81b:	3fbf 
    a81c:	fffb 
    a81d:	61f8 	bitf   *(0x8d7),#4
    a81e:	08d7 
    a81f:	0004 
    a820:	f820 	bc     0xa825,ntc
    a821:	a825 
    a822:	69f8 	orm    #4,*(0x3fbf)
    a823:	3fbf 
    a824:	0004 
    a825:	e838 	ld     #56,a
    a826:	f074 	call   0xa9ea
    a827:	a9ea 
    a828:	e823 	ld     #35,a
    a829:	f074 	call   0xa9ea
    a82a:	a9ea 
    a82b:	e837 	ld     #55,a
    a82c:	f074 	call   0xa9ea
    a82d:	a9ea 
    a82e:	7211 	mvdm   0x3fbd,ar1
    a82f:	3fbd 
    a830:	7710 	stm    #160,ar0
    a831:	00a0 
    a832:	7719 	stm    #350,bk
    a833:	015e 
    a834:	f495 	nop    
    a835:	6dd9 	mar    *ar1+0%
    a836:	f495 	nop    
    a837:	7311 	mvmd   ar1,0x3fbd
    a838:	3fbd 
    a839:	61f8 	bitf   *(0x8d7),#4
    a83a:	08d7 
    a83b:	0004 
    a83c:	f820 	bc     0xa870,ntc
    a83d:	a870 
    a83e:	e900 	ld     #0,b
    a83f:	7212 	mvdm   0x3fc1,ar2
    a840:	3fc1 
    a841:	f495 	nop    
    a842:	10e2 	ld     *ar2(0x8),a
    a843:	0008 
    a844:	f0f8 	sftl   a,-8
    a845:	f030 	and    #127,a
    a846:	007f 
    a847:	f010 	sub    #50,a
    a848:	0032 
    a849:	68f8 	andm   #-9,*(0x3fbf)
    a84a:	3fbf 
    a84b:	fff7 
    a84c:	ff45 	xc     2,aeq
    a84d:	69f8 	orm    #8,*(0x3fbf)
    a84e:	3fbf 
    a84f:	0008 
    a850:	10f8 	ld     *(0xa24),a
    a851:	0a24 
    a852:	f030 	and    #16384,a
    a853:	4000 
    a854:	f493 	cmpl   a
    a855:	18f8 	and    *(0x435c),a
    a856:	435c 
    a857:	f1a0 	or     a,b
    a858:	10f8 	ld     *(0xa24),a
    a859:	0a24 
    a85a:	f030 	and    #16384,a
    a85b:	4000 
    a85c:	f1a0 	or     a,b
    a85d:	10f8 	ld     *(0x3fbf),a
    a85e:	3fbf 
    a85f:	f030 	and    #8,a
    a860:	0008 
    a861:	f1a0 	or     a,b
    a862:	10f8 	ld     *(0xa24),a
    a863:	0a24 
    a864:	f030 	and    #16384,a
    a865:	4000 
    a866:	80f8 	stl    a,*(0x435c)
    a867:	435c 
    a868:	69f8 	orm    #-32768,*(0xa24)
    a869:	0a24 
    a86a:	8000 
    a86b:	f84c 	bc     0xa870,bneq
    a86c:	a870 
    a86d:	68f8 	andm   #32767,*(0xa24)
    a86e:	0a24 
    a86f:	7fff 
    a870:	f073 	b      0xa880
    a871:	a880 
    a872:	60f8 	cmpm   *(0x3fb9),#2
    a873:	3fb9 
    a874:	0002 
    a875:	f830 	bc     0xa880,tc
    a876:	a880 
    a877:	10f8 	ld     *(0x3fb9),a
    a878:	3fb9 
    a879:	f010 	sub    #0,a
    a87a:	0000 
    a87b:	f843 	bc     0xa880,alt
    a87c:	a880 
    a87d:	76f8 	st     #2,*(0x3fb9)
    a87e:	3fb9 
    a87f:	0002 
    a880:	60f8 	cmpm   *(0x435a),#3
    a881:	435a 
    a882:	0003 
    a883:	f820 	bc     0xa92b,ntc
    a884:	a92b 
    a885:	76f8 	st     #0,*(0x3faa)
    a886:	3faa 
    a887:	0000 
    a888:	76f8 	st     #0,*(0x3fab)
    a889:	3fab 
    a88a:	0000 
    a88b:	7212 	mvdm   0x3fc1,ar2
    a88c:	3fc1 
    a88d:	60f8 	cmpm   *(0x4357),#0
    a88e:	4357 
    a88f:	0000 
    a890:	f820 	bc     0xa895,ntc
    a891:	a895 
    a892:	69f8 	orm    #8,*(0x3faa)
    a893:	3faa 
    a894:	0008 
    a895:	60f8 	cmpm   *(0x4357),#1
    a896:	4357 
    a897:	0001 
    a898:	f820 	bc     0xa89d,ntc
    a899:	a89d 
    a89a:	69f8 	orm    #8,*(0x3faa)
    a89b:	3faa 
    a89c:	0008 
    a89d:	60f8 	cmpm   *(0x4357),#6
    a89e:	4357 
    a89f:	0006 
    a8a0:	f820 	bc     0xa8a5,ntc
    a8a1:	a8a5 
    a8a2:	69f8 	orm    #64,*(0x3faa)
    a8a3:	3faa 
    a8a4:	0040 
    a8a5:	60f8 	cmpm   *(0x4357),#4
    a8a6:	4357 
    a8a7:	0004 
    a8a8:	f820 	bc     0xa8ad,ntc
    a8a9:	a8ad 
    a8aa:	69f8 	orm    #32,*(0x3faa)
    a8ab:	3faa 
    a8ac:	0020 
    a8ad:	60f8 	cmpm   *(0x4357),#9
    a8ae:	4357 
    a8af:	0009 
    a8b0:	f820 	bc     0xa8b5,ntc
    a8b1:	a8b5 
    a8b2:	69f8 	orm    #4096,*(0x3faa)
    a8b3:	3faa 
    a8b4:	1000 
    a8b5:	60f8 	cmpm   *(0x4357),#3
    a8b6:	4357 
    a8b7:	0003 
    a8b8:	f820 	bc     0xa8bd,ntc
    a8b9:	a8bd 
    a8ba:	69f8 	orm    #16,*(0x3faa)
    a8bb:	3faa 
    a8bc:	0010 
    a8bd:	61f8 	bitf   *(0xa15),#-32768
    a8be:	0a15 
    a8bf:	8000 
    a8c0:	f820 	bc     0xa8c5,ntc
    a8c1:	a8c5 
    a8c2:	69f8 	orm    #4,*(0x3faa)
    a8c3:	3faa 
    a8c4:	0004 
    a8c5:	10e2 	ld     *ar2(0x9),a
    a8c6:	0009 
    a8c7:	f0f4 	sftl   a,-12
    a8c8:	f030 	and    #7,a
    a8c9:	0007 
    a8ca:	f110 	sub    #1,a,b
    a8cb:	0001 
    a8cc:	f84d 	bc     0xa8d2,beq
    a8cd:	a8d2 
    a8ce:	f110 	sub    #2,a,b
    a8cf:	0002 
    a8d0:	f84c 	bc     0xa8f8,bneq
    a8d1:	a8f8 
    a8d2:	7713 	stm    #2544,ar3
    a8d3:	09f0 
    a8d4:	7715 	stm    #2596,ar5
    a8d5:	0a24 
    a8d6:	ec13 	rpt    #19
    a8d7:	e59b 	mvdd   *ar3+,*ar5+
    a8d8:	76f8 	st     #-16384,*(0xa24)
    a8d9:	0a24 
    a8da:	c000 
    a8db:	10e2 	ld     *ar2(0x9),a
    a8dc:	0009 
    a8dd:	f0f4 	sftl   a,-12
    a8de:	f030 	and    #7,a
    a8df:	0007 
    a8e0:	f110 	sub    #1,a,b
    a8e1:	0001 
    a8e2:	f84c 	bc     0xa8f8,bneq
    a8e3:	a8f8 
    a8e4:	60f8 	cmpm   *(0x3fac),#0
    a8e5:	3fac 
    a8e6:	0000 
    a8e7:	f820 	bc     0xa8f8,ntc
    a8e8:	a8f8 
    a8e9:	61f8 	bitf   *(0x9f0),#4
    a8ea:	09f0 
    a8eb:	0004 
    a8ec:	f830 	bc     0xa8f3,tc
    a8ed:	a8f3 
    a8ee:	61f8 	bitf   *(0x9e1),#-32768
    a8ef:	09e1 
    a8f0:	8000 
    a8f1:	f820 	bc     0xa8f8,ntc
    a8f2:	a8f8 
    a8f3:	7715 	stm    #2599,ar5
    a8f4:	0a27 
    a8f5:	e800 	ld     #0,a
    a8f6:	ec10 	rpt    #16
    a8f7:	8095 	stl    a,*ar5+
    a8f8:	61f8 	bitf   *(0x8d7),#8
    a8f9:	08d7 
    a8fa:	0008 
    a8fb:	f820 	bc     0xa90a,ntc
    a8fc:	a90a 
    a8fd:	7713 	stm    #2414,ar3
    a8fe:	096e 
    a8ff:	7715 	stm    #2596,ar5
    a900:	0a24 
    a901:	ec13 	rpt    #19
    a902:	e59b 	mvdd   *ar3+,*ar5+
    a903:	61f8 	bitf   *(0x3faa),#4096
    a904:	3faa 
    a905:	1000 
    a906:	f820 	bc     0xa90a,ntc
    a907:	a90a 
    a908:	ec01 	rpt    #1
    a909:	e59b 	mvdd   *ar3+,*ar5+
    a90a:	61f8 	bitf   *(0x8d9),#8
    a90b:	08d9 
    a90c:	0008 
    a90d:	f820 	bc     0xa91c,ntc
    a90e:	a91c 
    a90f:	7710 	stm    #2596,ar0
    a910:	0a24 
    a911:	ec13 	rpt    #19
    a912:	7c90 	mvpd   0xa92c,*ar0+
    a913:	a92c 
    a914:	61f8 	bitf   *(0x3faa),#4096
    a915:	3faa 
    a916:	1000 
    a917:	f820 	bc     0xa91c,ntc
    a918:	a91c 
    a919:	ec01 	rpt    #1
    a91a:	7c90 	mvpd   0xa940,*ar0+
    a91b:	a940 
    a91c:	e81f 	ld     #31,a
    a91d:	f074 	call   0xa9ea
    a91e:	a9ea 
    a91f:	e830 	ld     #48,a
    a920:	f074 	call   0xa9ea
    a921:	a9ea 
    a922:	68f8 	andm   #32767,*(0xa24)
    a923:	0a24 
    a924:	7fff 
    a925:	68f8 	andm   #32767,*(0x96e)
    a926:	096e 
    a927:	7fff 
    a928:	68f8 	andm   #32767,*(0xa15)
    a929:	0a15 
    a92a:	7fff 
    a92b:	fc00 	ret    
    a92c:	c000 	st     a,*ar2 || add    *ar2,a
    a92d:	528b 	dadd   *ar3-,b,a
    a92e:	0000 	add    DP+0x00,a
    a92f:	03f6 	adds   *+ar6(0x736)%,b
    a930:	0736 
    a931:	d205 	st     b,*ar3- || mac    *ar2,a
    a932:	c3a7 	st     b,*ar5- || add    *ar4+,b
    a933:	2580 	mpyu   *ar0,b
    a934:	38e7 	squra  *ar7(0x1cef),a
    a935:	1cef 
    a936:	9e1c 	saccd  a,*ar3,bneq
    a937:	e404 	st     a,*ar2- || ld     *ar2,t
    a938:	5186 	dadd   *ar6,a,b
    a939:	b106 	mac    *ar2,*ar4-,a,b
    a93a:	1c22 	xor    DP+0x22,a
    a93b:	0cd8 	sub    *ar0+0%,ts,a
    a93c:	3d67 	add    DP+0x67,16,a,b
    a93d:	fe48 	rcd    
    a93e:	1e3f 	subc   DP+0x3f,a
    a93f:	2600 	squr   DP+0x00,a
    a940:	1465 	ld     DP+0x65,ts,a
    a941:	0002 	add    DP+0x02,a
    a942:	0000 	add    DP+0x00,a
    a943:	3e80 	add    *ar0,16,b,a
    a944:	55f0 	dsub   *+ar0(0x3e80)%,b
    a945:	3e80 
    a946:	0000 	add    DP+0x00,a
    a947:	c180 	st     a,*ar2 || add    *ar2+,b
    a948:	aa10 	ld     *ar3,a || macr   *ar2,b
    a949:	c180 	st     a,*ar2 || add    *ar2+,b
    a94a:	0000 	add    DP+0x00,a
    a94b:	3e80 	add    *ar0,16,b,a
    a94c:	55f0 	dsub   *+ar0(0x3e80)%,b
    a94d:	3e80 
    a94e:	0000 	add    DP+0x00,a
    a94f:	c180 	st     a,*ar2 || add    *ar2+,b
    a950:	aa10 	ld     *ar3,a || macr   *ar2,b
    a951:	c180 	st     a,*ar2 || add    *ar2+,b
    a952:	0000 	add    DP+0x00,a
    a953:	3e80 	add    *ar0,16,b,a
    a954:	55f0 	dsub   *+ar0(0x3e80)%,b
    a955:	3e80 
    a956:	0000 	add    DP+0x00,a
    a957:	c180 	st     a,*ar2 || add    *ar2+,b
    a958:	aa10 	ld     *ar3,a || macr   *ar2,b
    a959:	c180 	st     a,*ar2 || add    *ar2+,b
    a95a:	0000 	add    DP+0x00,a
    a95b:	3e80 	add    *ar0,16,b,a
    a95c:	55f0 	dsub   *+ar0(0x3e80)%,b
    a95d:	3e80 
    a95e:	0000 	add    DP+0x00,a
    a95f:	c180 	st     a,*ar2 || add    *ar2+,b
    a960:	aa10 	ld     *ar3,a || macr   *ar2,b
    a961:	c180 	st     a,*ar2 || add    *ar2+,b
    a962:	0000 	add    DP+0x00,a
    a963:	3e80 	add    *ar0,16,b,a
    a964:	55f0 	dsub   *+ar0(0x3e80)%,b
    a965:	3e80 
    a966:	0000 	add    DP+0x00,a
    a967:	c180 	st     a,*ar2 || add    *ar2+,b
    a968:	aa10 	ld     *ar3,a || macr   *ar2,b
    a969:	c180 	st     a,*ar2 || add    *ar2+,b
    a96a:	0000 	add    DP+0x00,a
    a96b:	3e80 	add    *ar0,16,b,a
    a96c:	55f0 	dsub   *+ar0(0x3e80)%,b
    a96d:	3e80 
    a96e:	0000 	add    DP+0x00,a
    a96f:	c180 	st     a,*ar2 || add    *ar2+,b
    a970:	aa10 	ld     *ar3,a || macr   *ar2,b
    a971:	c180 	st     a,*ar2 || add    *ar2+,b
    a972:	0000 	add    DP+0x00,a
    a973:	3e80 	add    *ar0,16,b,a
    a974:	55f0 	dsub   *+ar0(0x3e80)%,b
    a975:	3e80 
    a976:	0000 	add    DP+0x00,a
    a977:	c180 	st     a,*ar2 || add    *ar2+,b
    a978:	aa10 	ld     *ar3,a || macr   *ar2,b
    a979:	c180 	st     a,*ar2 || add    *ar2+,b
    a97a:	0000 	add    DP+0x00,a
    a97b:	3e80 	add    *ar0,16,b,a
    a97c:	55f0 	dsub   *+ar0(0x3e80)%,b
    a97d:	3e80 
    a97e:	0000 	add    DP+0x00,a
    a97f:	c180 	st     a,*ar2 || add    *ar2+,b
    a980:	aa10 	ld     *ar3,a || macr   *ar2,b
    a981:	c180 	st     a,*ar2 || add    *ar2+,b
    a982:	0000 	add    DP+0x00,a
    a983:	3e80 	add    *ar0,16,b,a
    a984:	55f0 	dsub   *+ar0(0x3e80)%,b
    a985:	3e80 
    a986:	0000 	add    DP+0x00,a
    a987:	c180 	st     a,*ar2 || add    *ar2+,b
    a988:	aa10 	ld     *ar3,a || macr   *ar2,b
    a989:	c180 	st     a,*ar2 || add    *ar2+,b
    a98a:	0000 	add    DP+0x00,a
    a98b:	3e80 	add    *ar0,16,b,a
    a98c:	55f0 	dsub   *+ar0(0x3e80)%,b
    a98d:	3e80 
    a98e:	0000 	add    DP+0x00,a
    a98f:	c180 	st     a,*ar2 || add    *ar2+,b
    a990:	aa10 	ld     *ar3,a || macr   *ar2,b
    a991:	c180 	st     a,*ar2 || add    *ar2+,b
    a992:	0000 	add    DP+0x00,a
    a993:	3e80 	add    *ar0,16,b,a
    a994:	55f0 	dsub   *+ar0(0x3e80)%,b
    a995:	3e80 
    a996:	0000 	add    DP+0x00,a
    a997:	c180 	st     a,*ar2 || add    *ar2+,b
    a998:	aa10 	ld     *ar3,a || macr   *ar2,b
    a999:	c180 	st     a,*ar2 || add    *ar2+,b
    a99a:	0000 	add    DP+0x00,a
    a99b:	3e80 	add    *ar0,16,b,a
    a99c:	55f0 	dsub   *+ar0(0x3e80)%,b
    a99d:	3e80 
    a99e:	0000 	add    DP+0x00,a
    a99f:	c180 	st     a,*ar2 || add    *ar2+,b
    a9a0:	aa10 	ld     *ar3,a || macr   *ar2,b
    a9a1:	c180 	st     a,*ar2 || add    *ar2+,b
    a9a2:	0000 	add    DP+0x00,a
    a9a3:	3e80 	add    *ar0,16,b,a
    a9a4:	55f0 	dsub   *+ar0(0x3e80)%,b
    a9a5:	3e80 
    a9a6:	0000 	add    DP+0x00,a
    a9a7:	c180 	st     a,*ar2 || add    *ar2+,b
    a9a8:	aa10 	ld     *ar3,a || macr   *ar2,b
    a9a9:	c180 	st     a,*ar2 || add    *ar2+,b
    a9aa:	0000 	add    DP+0x00,a
    a9ab:	3e80 	add    *ar0,16,b,a
    a9ac:	55f0 	dsub   *+ar0(0x3e80)%,b
    a9ad:	3e80 
    a9ae:	0000 	add    DP+0x00,a
    a9af:	c180 	st     a,*ar2 || add    *ar2+,b
    a9b0:	aa10 	ld     *ar3,a || macr   *ar2,b
    a9b1:	c180 	st     a,*ar2 || add    *ar2+,b
    a9b2:	0000 	add    DP+0x00,a
    a9b3:	3e80 	add    *ar0,16,b,a
    a9b4:	55f0 	dsub   *+ar0(0x3e80)%,b
    a9b5:	3e80 
    a9b6:	0000 	add    DP+0x00,a
    a9b7:	c180 	st     a,*ar2 || add    *ar2+,b
    a9b8:	aa10 	ld     *ar3,a || macr   *ar2,b
    a9b9:	c180 	st     a,*ar2 || add    *ar2+,b
    a9ba:	0000 	add    DP+0x00,a
    a9bb:	3e80 	add    *ar0,16,b,a
    a9bc:	55f0 	dsub   *+ar0(0x3e80)%,b
    a9bd:	3e80 
    a9be:	0000 	add    DP+0x00,a
    a9bf:	c180 	st     a,*ar2 || add    *ar2+,b
    a9c0:	aa10 	ld     *ar3,a || macr   *ar2,b
    a9c1:	c180 	st     a,*ar2 || add    *ar2+,b
    a9c2:	0000 	add    DP+0x00,a
    a9c3:	3e80 	add    *ar0,16,b,a
    a9c4:	55f0 	dsub   *+ar0(0x3e80)%,b
    a9c5:	3e80 
    a9c6:	0000 	add    DP+0x00,a
    a9c7:	c180 	st     a,*ar2 || add    *ar2+,b
    a9c8:	aa10 	ld     *ar3,a || macr   *ar2,b
    a9c9:	c180 	st     a,*ar2 || add    *ar2+,b
    a9ca:	0000 	add    DP+0x00,a
    a9cb:	3e80 	add    *ar0,16,b,a
    a9cc:	55f0 	dsub   *+ar0(0x3e80)%,b
    a9cd:	3e80 
    a9ce:	0000 	add    DP+0x00,a
    a9cf:	c180 	st     a,*ar2 || add    *ar2+,b
    a9d0:	aa10 	ld     *ar3,a || macr   *ar2,b
    a9d1:	c180 	st     a,*ar2 || add    *ar2+,b
    a9d2:	0000 	add    DP+0x00,a
    a9d3:	3e80 	add    *ar0,16,b,a
    a9d4:	55f0 	dsub   *+ar0(0x3e80)%,b
    a9d5:	3e80 
    a9d6:	0000 	add    DP+0x00,a
    a9d7:	c180 	st     a,*ar2 || add    *ar2+,b
    a9d8:	aa10 	ld     *ar3,a || macr   *ar2,b
    a9d9:	c180 	st     a,*ar2 || add    *ar2+,b
    a9da:	0000 	add    DP+0x00,a
    a9db:	3e80 	add    *ar0,16,b,a
    a9dc:	55f0 	dsub   *+ar0(0x3e80)%,b
    a9dd:	3e80 
    a9de:	0000 	add    DP+0x00,a
    a9df:	c180 	st     a,*ar2 || add    *ar2+,b
    a9e0:	aa10 	ld     *ar3,a || macr   *ar2,b
    a9e1:	c180 	st     a,*ar2 || add    *ar2+,b
    a9e2:	0000 	add    DP+0x00,a
    a9e3:	3e80 	add    *ar0,16,b,a
    a9e4:	55f0 	dsub   *+ar0(0x3e80)%,b
    a9e5:	3e80 
    a9e6:	0000 	add    DP+0x00,a
    a9e7:	c180 	st     a,*ar2 || add    *ar2+,b
    a9e8:	aa10 	ld     *ar3,a || macr   *ar2,b
    a9e9:	c180 	st     a,*ar2 || add    *ar2+,b
    a9ea:	f000 	add    #17287,a
    a9eb:	4387 
    a9ec:	8817 	stlm   a,ar7
    a9ed:	f495 	nop    
    a9ee:	f495 	nop    
    a9ef:	1087 	ld     *ar7,a
    a9f0:	f4e2 	bacc   a
    a9f1:	4bf8 	pshd   *(0x3faa)
    a9f2:	3faa 
    a9f3:	4bf8 	pshd   *(0x3fab)
    a9f4:	3fab 
    a9f5:	4bf8 	pshd   *(0x3fac)
    a9f6:	3fac 
    a9f7:	76f8 	st     #16384,*(0x3faa)
    a9f8:	3faa 
    a9f9:	4000 
    a9fa:	76f8 	st     #0,*(0x3fab)
    a9fb:	3fab 
    a9fc:	0000 
    a9fd:	76f8 	st     #0,*(0x3fac)
    a9fe:	3fac 
    a9ff:	0000 
    aa00:	e830 	ld     #48,a
    aa01:	f074 	call   0xa9ea
    aa02:	a9ea 
    aa03:	69f8 	orm    #2,*(0x3fb1)
    aa04:	3fb1 
    aa05:	0002 
    aa06:	8bf8 	popd   *(0x3fac)
    aa07:	3fac 
    aa08:	8bf8 	popd   *(0x3fab)
    aa09:	3fab 
    aa0a:	8bf8 	popd   *(0x3faa)
    aa0b:	3faa 
    aa0c:	fc00 	ret    
    aa0d:	7212 	mvdm   0x3fc1,ar2
    aa0e:	3fc1 
    aa0f:	76f8 	st     #1,*(0x3faa)
    aa10:	3faa 
    aa11:	0001 
    aa12:	76f8 	st     #0,*(0x3fab)
    aa13:	3fab 
    aa14:	0000 
    aa15:	76f8 	st     #0,*(0x3fac)
    aa16:	3fac 
    aa17:	0000 
    aa18:	10e2 	ld     *ar2(0x9),a
    aa19:	0009 
    aa1a:	f0f4 	sftl   a,-12
    aa1b:	f030 	and    #7,a
    aa1c:	0007 
    aa1d:	f010 	sub    #3,a
    aa1e:	0003 
    aa1f:	f844 	bc     0xaa24,aneq
    aa20:	aa24 
    aa21:	69f8 	orm    #-32768,*(0x3faa)
    aa22:	3faa 
    aa23:	8000 
    aa24:	10e2 	ld     *ar2(0x9),a
    aa25:	0009 
    aa26:	f0e0 	sftl   a,0
    aa27:	f030 	and    #15,a
    aa28:	000f 
    aa29:	880e 	stlm   a,t
    aa2a:	60f8 	cmpm   *(0xe),#4
    aa2b:	000e 
    aa2c:	0004 
    aa2d:	f820 	bc     0xaa32,ntc
    aa2e:	aa32 
    aa2f:	76f8 	st     #1,*(0x3fac)
    aa30:	3fac 
    aa31:	0001 
    aa32:	60f8 	cmpm   *(0xe),#9
    aa33:	000e 
    aa34:	0009 
    aa35:	f820 	bc     0xaa3a,ntc
    aa36:	aa3a 
    aa37:	76f8 	st     #1,*(0x3fac)
    aa38:	3fac 
    aa39:	0001 
    aa3a:	60f8 	cmpm   *(0xe),#3
    aa3b:	000e 
    aa3c:	0003 
    aa3d:	f820 	bc     0xaa42,ntc
    aa3e:	aa42 
    aa3f:	76f8 	st     #1,*(0x3fac)
    aa40:	3fac 
    aa41:	0001 
    aa42:	60f8 	cmpm   *(0xe),#2
    aa43:	000e 
    aa44:	0002 
    aa45:	f820 	bc     0xaa4a,ntc
    aa46:	aa4a 
    aa47:	76f8 	st     #2,*(0x3fac)
    aa48:	3fac 
    aa49:	0002 
    aa4a:	e830 	ld     #48,a
    aa4b:	f074 	call   0xa9ea
    aa4c:	a9ea 
    aa4d:	fc00 	ret    
    aa4e:	76f8 	st     #8192,*(0x3faa)
    aa4f:	3faa 
    aa50:	2000 
    aa51:	76f8 	st     #1,*(0x3fab)
    aa52:	3fab 
    aa53:	0001 
    aa54:	76f8 	st     #3,*(0x3fac)
    aa55:	3fac 
    aa56:	0003 
    aa57:	e830 	ld     #48,a
    aa58:	f074 	call   0xa9ea
    aa59:	a9ea 
    aa5a:	68f8 	andm   #32767,*(0xa06)
    aa5b:	0a06 
    aa5c:	7fff 
    aa5d:	f074 	call   0xb12c
    aa5e:	b12c 
    aa5f:	76f8 	st     #1,*(0x3faa)
    aa60:	3faa 
    aa61:	0001 
    aa62:	76f8 	st     #0,*(0x3fab)
    aa63:	3fab 
    aa64:	0000 
    aa65:	76f8 	st     #3,*(0x3fac)
    aa66:	3fac 
    aa67:	0003 
    aa68:	e830 	ld     #48,a
    aa69:	f074 	call   0xa9ea
    aa6a:	a9ea 
    aa6b:	fc00 	ret    
    aa6c:	11f8 	ld     *(0x3fde),b
    aa6d:	3fde 
    aa6e:	f84d 	bc     0xaa75,beq
    aa6f:	aa75 
    aa70:	f4e3 	cala   a
    aa71:	76f8 	st     #0,*(0x3fde)
    aa72:	3fde 
    aa73:	0000 
    aa74:	fc00 	ret    
    aa75:	7211 	mvdm   0x433e,ar1
    aa76:	433e 
    aa77:	7210 	mvdm   0x433f,ar0
    aa78:	433f 
    aa79:	7719 	stm    #14,bk
    aa7a:	000e 
    aa7b:	f495 	nop    
    aa7c:	80d0 	stl    a,*ar0+%
    aa7d:	f495 	nop    
    aa7e:	6da9 	mar    *ar1-0
    aa7f:	7310 	mvmd   ar0,0x433f
    aa80:	433f 
    aa81:	6c81 	banz   0xaa86,*ar1
    aa82:	aa86 
    aa83:	69f8 	orm    #8,*(0x3f92)
    aa84:	3f92 
    aa85:	0008 
    aa86:	fc00 	ret    
    aa87:	7211 	mvdm   0x433f,ar1
    aa88:	433f 
    aa89:	7210 	mvdm   0x433e,ar0
    aa8a:	433e 
    aa8b:	f495 	nop    
    aa8c:	6da9 	mar    *ar1-0
    aa8d:	6c81 	banz   0xaa95,*ar1
    aa8e:	aa95 
    aa8f:	76f8 	st     #1,*(0x3fde)
    aa90:	3fde 
    aa91:	0001 
    aa92:	e800 	ld     #0,a
    aa93:	f073 	b      0xaa9e
    aa94:	aa9e 
    aa95:	7719 	stm    #14,bk
    aa96:	000e 
    aa97:	6db1 	mar    *ar1+0
    aa98:	76f8 	st     #0,*(0x3fde)
    aa99:	3fde 
    aa9a:	0000 
    aa9b:	10d0 	ld     *ar0+%,a
    aa9c:	7310 	mvmd   ar0,0x433e
    aa9d:	433e 
    aa9e:	fc00 	ret    
    aa9f:	7211 	mvdm   0x432e,ar1
    aaa0:	432e 
    aaa1:	7210 	mvdm   0x432f,ar0
    aaa2:	432f 
    aaa3:	7719 	stm    #14,bk
    aaa4:	000e 
    aaa5:	f495 	nop    
    aaa6:	80d0 	stl    a,*ar0+%
    aaa7:	f495 	nop    
    aaa8:	6da9 	mar    *ar1-0
    aaa9:	7310 	mvmd   ar0,0x432f
    aaaa:	432f 
    aaab:	6c81 	banz   0xaab0,*ar1
    aaac:	aab0 
    aaad:	69f8 	orm    #16,*(0x3f92)
    aaae:	3f92 
    aaaf:	0010 
    aab0:	fc00 	ret    
    aab1:	7211 	mvdm   0x432f,ar1
    aab2:	432f 
    aab3:	7210 	mvdm   0x432e,ar0
    aab4:	432e 
    aab5:	f495 	nop    
    aab6:	6da9 	mar    *ar1-0
    aab7:	6c81 	banz   0xaabc,*ar1
    aab8:	aabc 
    aab9:	e800 	ld     #0,a
    aaba:	f073 	b      0xaac2
    aabb:	aac2 
    aabc:	7719 	stm    #14,bk
    aabd:	000e 
    aabe:	6db1 	mar    *ar1+0
    aabf:	10d0 	ld     *ar0+%,a
    aac0:	7310 	mvmd   ar0,0x432e
    aac1:	432e 
    aac2:	fc00 	ret    
    aac3:	7211 	mvdm   0x434e,ar1
    aac4:	434e 
    aac5:	7210 	mvdm   0x434f,ar0
    aac6:	434f 
    aac7:	7719 	stm    #14,bk
    aac8:	000e 
    aac9:	f495 	nop    
    aaca:	80d0 	stl    a,*ar0+%
    aacb:	f495 	nop    
    aacc:	6da9 	mar    *ar1-0
    aacd:	7310 	mvmd   ar0,0x434f
    aace:	434f 
    aacf:	6c81 	banz   0xaad4,*ar1
    aad0:	aad4 
    aad1:	69f8 	orm    #32,*(0x3f92)
    aad2:	3f92 
    aad3:	0020 
    aad4:	fc00 	ret    
    aad5:	7211 	mvdm   0x434f,ar1
    aad6:	434f 
    aad7:	7210 	mvdm   0x434e,ar0
    aad8:	434e 
    aad9:	f495 	nop    
    aada:	6da9 	mar    *ar1-0
    aadb:	6c81 	banz   0xaae0,*ar1
    aadc:	aae0 
    aadd:	e800 	ld     #0,a
    aade:	f073 	b      0xaae6
    aadf:	aae6 
    aae0:	7719 	stm    #14,bk
    aae1:	000e 
    aae2:	6db1 	mar    *ar1+0
    aae3:	10d0 	ld     *ar0+%,a
    aae4:	7310 	mvmd   ar0,0x434e
    aae5:	434e 
    aae6:	fc00 	ret    
    aae7:	ab38 	ld     *ar5,b || macr   *ar2+,a
    aae8:	ab6c 	ld     *ar4-,b || macr   *ar2+0%,a
    aae9:	ab68 	ld     *ar4-,b || macr   *ar2+,a
    aaea:	ab64 	ld     *ar4-,b || macr   *ar2-,a
    aaeb:	ab60 	ld     *ar4-,b || macr   *ar2,a
    aaec:	ab77 	ld     *ar5-,b || macr   *ar5-,a
    aaed:	ab9b 	ld     *ar3+,b || macr   *ar5+,a
    aaee:	ab38 	ld     *ar5,b || macr   *ar2+,a
    aaef:	ab89 	ld     *ar2+,b || macr   *ar3+,a
    aaf0:	abc1 	ld     *ar2+0%,b || macr   *ar3,a
    aaf1:	af83 	ld     *ar2+,b || masr   *ar5,a
    aaf2:	af88 	ld     *ar2+,b || masr   *ar2+,a
    aaf3:	af88 	ld     *ar2+,b || masr   *ar2+,a
    aaf4:	bf26 	masr   *ar4,*ar4-,b
    aaf5:	b9f1 	mas    *ar5+0%,*ar3,a,b
    aaf6:	ac40 	ld     *ar2-,a || mas    *ar2,b
    aaf7:	ab38 	ld     *ar5,b || macr   *ar2+,a
    aaf8:	abd7 	ld     *ar3+0%,b || macr   *ar5-,a
    aaf9:	abd7 	ld     *ar3+0%,b || macr   *ar5-,a
    aafa:	ac17 	ld     *ar3,a || mas    *ar5-,b
    aafb:	ac17 	ld     *ar3,a || mas    *ar5-,b
    aafc:	ac17 	ld     *ar3,a || mas    *ar5-,b
    aafd:	ac17 	ld     *ar3,a || mas    *ar5-,b
    aafe:	ac17 	ld     *ar3,a || mas    *ar5-,b
    aaff:	ac17 	ld     *ar3,a || mas    *ar5-,b
    ab00:	ac17 	ld     *ar3,a || mas    *ar5-,b
    ab01:	ac17 	ld     *ar3,a || mas    *ar5-,b
    ab02:	ac17 	ld     *ar3,a || mas    *ar5-,b
    ab03:	bff1 	masr   *ar5+0%,*ar3,b
    ab04:	ab38 	ld     *ar5,b || macr   *ar2+,a
    ab05:	ab38 	ld     *ar5,b || macr   *ar2+,a
    ab06:	b11f 	mac    *ar3,*ar5+0%,a,b
    ab07:	b10d 	mac    *ar2,*ar3+0%,a,b
    ab08:	afad 	ld     *ar4+,b || masr   *ar3+0%,a
    ab09:	c30c 	st     b,*ar2+0% || add    *ar2,b
    ab0a:	7400 	portr  pa29525,DP+0x00
    ab0b:	7355 
    ab0c:	b5a1 	macr   *ar4+,*ar3,a,b
    ab0d:	adaa 	ld     *ar4+,b || mas    *ar4+,a
    ab0e:	b77f 	macr   *ar5-,*ar5+0%,b
    ab0f:	b77c 	macr   *ar5-,*ar2+0%,b
    ab10:	a5cd 	mpy    *ar2+0%,*ar3+0%,b
    ab11:	a62e 	macsu  *ar4,*ar4+0%,a
    ab12:	ab38 	ld     *ar5,b || macr   *ar2+,a
    ab13:	75ba 	portw  *ar2+0B,pa43832
    ab14:	ab38 
    ab15:	748c 	portr  pa45359,*ar4-
    ab16:	b12f 
    ab17:	b28b 	mac    *ar2+,*ar5+,b,a
    ab18:	b292 	mac    *ar3+,*ar4,b,a
    ab19:	b276 	mac    *ar5-,*ar4-,b,a
    ab1a:	b284 	mac    *ar2+,*ar2-,b,a
    ab1b:	b25d 	mac    *ar3-,*ar3+0%,b,a
    ab1c:	b27d 	mac    *ar5-,*ar3+0%,b,a
    ab1d:	b2a0 	mac    *ar4+,*ar2,b,a
    ab1e:	b299 	mac    *ar3+,*ar3+,b,a
    ab1f:	c127 	st     a,*ar5- || add    *ar4,b
    ab20:	a4c7 	mpy    *ar2+0%,*ar5-,a
    ab21:	a4c7 	mpy    *ar2+0%,*ar5-,a
    ab22:	a6d8 	macsu  *ar3+0%,*ar2+,a
    ab23:	a7d4 	macsu  *ar3+0%,*ar2-,b
    ab24:	ac73 	ld     *ar5-,a || mas    *ar5,b
    ab25:	b7cd 	macr   *ar2+0%,*ar3+0%,b
    ab26:	baa0 	mas    *ar4+,*ar2,b,a
    ab27:	c3dd 	st     b,*ar3+0% || add    *ar3+0%,b
    ab28:	8b3e 	popd   DP+0x3e
    ab29:	800f 	stl    a,DP+0x0f
    ab2a:	74dc 	portr  pa50423,*ar4+0%
    ab2b:	c4f7 
    ab2c:	ab38 	ld     *ar5,b || macr   *ar2+,a
    ab2d:	ab55 	ld     *ar3-,b || macr   *ar3-,a
    ab2e:	ab51 	ld     *ar3-,b || macr   *ar3,a
    ab2f:	ab4d 	ld     *ar2-,b || macr   *ar3+0%,a
    ab30:	ab49 	ld     *ar2-,b || macr   *ar3+,a
    ab31:	ab45 	ld     *ar2-,b || macr   *ar3-,a
    ab32:	ab41 	ld     *ar2-,b || macr   *ar3,a
    ab33:	ab3d 	ld     *ar5,b || macr   *ar3+0%,a
    ab34:	ab39 	ld     *ar5,b || macr   *ar3+,a
    ab35:	ab38 	ld     *ar5,b || macr   *ar2+,a
    ab36:	c5ab 	st     a,*ar5+ || sub    *ar4+,b
    ab37:	ab38 	ld     *ar5,b || macr   *ar2+,a
    ab38:	fc00 	ret    
    ab39:	f020 	ld     #-19626,a
    ab3a:	b356 
    ab3b:	f074 	call   0xaa6c
    ab3c:	aa6c 
    ab3d:	f020 	ld     #-19626,a
    ab3e:	b356 
    ab3f:	f074 	call   0xaa6c
    ab40:	aa6c 
    ab41:	f020 	ld     #-19626,a
    ab42:	b356 
    ab43:	f074 	call   0xaa6c
    ab44:	aa6c 
    ab45:	f020 	ld     #-19626,a
    ab46:	b356 
    ab47:	f074 	call   0xaa6c
    ab48:	aa6c 
    ab49:	f020 	ld     #-19626,a
    ab4a:	b356 
    ab4b:	f074 	call   0xaa6c
    ab4c:	aa6c 
    ab4d:	f020 	ld     #-19626,a
    ab4e:	b356 
    ab4f:	f074 	call   0xaa6c
    ab50:	aa6c 
    ab51:	f020 	ld     #-19626,a
    ab52:	b356 
    ab53:	f074 	call   0xaa6c
    ab54:	aa6c 
    ab55:	f020 	ld     #-19626,a
    ab56:	b356 
    ab57:	f074 	call   0xaa6c
    ab58:	aa6c 
    ab59:	10f8 	ld     *(0x3fc2),a
    ab5a:	3fc2 
    ab5b:	f000 	add    #12,a
    ab5c:	000c 
    ab5d:	80f8 	stl    a,*(0x4350)
    ab5e:	4350 
    ab5f:	fc00 	ret    
    ab60:	f020 	ld     #-19626,a
    ab61:	b356 
    ab62:	f074 	call   0xaa6c
    ab63:	aa6c 
    ab64:	f020 	ld     #-19626,a
    ab65:	b356 
    ab66:	f074 	call   0xaa6c
    ab67:	aa6c 
    ab68:	f020 	ld     #-19626,a
    ab69:	b356 
    ab6a:	f074 	call   0xaa6c
    ab6b:	aa6c 
    ab6c:	f020 	ld     #-19626,a
    ab6d:	b356 
    ab6e:	f074 	call   0xaa6c
    ab6f:	aa6c 
    ab70:	10f8 	ld     *(0x3fc2),a
    ab71:	3fc2 
    ab72:	f000 	add    #12,a
    ab73:	000c 
    ab74:	80f8 	stl    a,*(0x4350)
    ab75:	4350 
    ab76:	fc00 	ret    
    ab77:	7211 	mvdm   0x3fc1,ar1
    ab78:	3fc1 
    ab79:	f495 	nop    
    ab7a:	10e1 	ld     *ar1(0x4),a
    ab7b:	0004 
    ab7c:	f130 	and    #-32768,a,b
    ab7d:	8000 
    ab7e:	f84d 	bc     0xab84,beq
    ab7f:	ab84 
    ab80:	f020 	ld     #-19693,a
    ab81:	b313 
    ab82:	f073 	b      0xab86
    ab83:	ab86 
    ab84:	f020 	ld     #-19690,a
    ab85:	b316 
    ab86:	f074 	call   0xaa6c
    ab87:	aa6c 
    ab88:	fc00 	ret    
    ab89:	7211 	mvdm   0x3fc1,ar1
    ab8a:	3fc1 
    ab8b:	f495 	nop    
    ab8c:	10e1 	ld     *ar1(0x4),a
    ab8d:	0004 
    ab8e:	f130 	and    #-32768,a,b
    ab8f:	8000 
    ab90:	f84d 	bc     0xab96,beq
    ab91:	ab96 
    ab92:	f020 	ld     #-19684,a
    ab93:	b31c 
    ab94:	f073 	b      0xab98
    ab95:	ab98 
    ab96:	f020 	ld     #-19681,a
    ab97:	b31f 
    ab98:	f074 	call   0xaa6c
    ab99:	aa6c 
    ab9a:	fc00 	ret    
    ab9b:	7211 	mvdm   0x3fc1,ar1
    ab9c:	3fc1 
    ab9d:	f495 	nop    
    ab9e:	7212 	mvdm   0x3fc2,ar2
    ab9f:	3fc2 
    aba0:	f020 	ld     #4369,a
    aba1:	1111 
    aba2:	80e2 	stl    a,*ar2(0xf)
    aba3:	000f 
    aba4:	10e1 	ld     *ar1(0x4),a
    aba5:	0004 
    aba6:	f130 	and    #-32768,a,b
    aba7:	8000 
    aba8:	f84d 	bc     0xabae,beq
    aba9:	abae 
    abaa:	f020 	ld     #-19946,a
    abab:	b216 
    abac:	f073 	b      0xabb0
    abad:	abb0 
    abae:	f020 	ld     #-19943,a
    abaf:	b219 
    abb0:	f074 	call   0xaa6c
    abb1:	aa6c 
    abb2:	61f8 	bitf   *(0x3fb0),#1
    abb3:	3fb0 
    abb4:	0001 
    abb5:	f820 	bc     0xabbc,ntc
    abb6:	abbc 
    abb7:	f020 	ld     #-20001,a
    abb8:	b1df 
    abb9:	f074 	call   0xaa9f
    abba:	aa9f 
    abbb:	fc00 	ret    
    abbc:	f020 	ld     #-20006,a
    abbd:	b1da 
    abbe:	f074 	call   0xaa9f
    abbf:	aa9f 
    abc0:	fc00 	ret    
    abc1:	7211 	mvdm   0x3fc1,ar1
    abc2:	3fc1 
    abc3:	f495 	nop    
    abc4:	10e1 	ld     *ar1(0x4),a
    abc5:	0004 
    abc6:	f130 	and    #-32768,a,b
    abc7:	8000 
    abc8:	f84d 	bc     0xabce,beq
    abc9:	abce 
    abca:	f020 	ld     #-19946,a
    abcb:	b216 
    abcc:	f073 	b      0xabd0
    abcd:	abd0 
    abce:	f020 	ld     #-19943,a
    abcf:	b219 
    abd0:	f074 	call   0xaa6c
    abd1:	aa6c 
    abd2:	f020 	ld     #-20011,a
    abd3:	b1d5 
    abd4:	f074 	call   0xaa9f
    abd5:	aa9f 
    abd6:	fc00 	ret    
    abd7:	7211 	mvdm   0x3fc1,ar1
    abd8:	3fc1 
    abd9:	f495 	nop    
    abda:	10e1 	ld     *ar1(0x0),a
    abdb:	0000 
    abdc:	f130 	and    #-32768,a,b
    abdd:	8000 
    abde:	f84d 	bc     0xabf2,beq
    abdf:	abf2 
    abe0:	f020 	ld     #-19801,a
    abe1:	b2a7 
    abe2:	f074 	call   0xaa6c
    abe3:	aa6c 
    abe4:	f020 	ld     #-19801,a
    abe5:	b2a7 
    abe6:	f074 	call   0xaa6c
    abe7:	aa6c 
    abe8:	f020 	ld     #-19801,a
    abe9:	b2a7 
    abea:	f074 	call   0xaa6c
    abeb:	aa6c 
    abec:	f020 	ld     #-19801,a
    abed:	b2a7 
    abee:	f074 	call   0xaa6c
    abef:	aa6c 
    abf0:	f073 	b      0xac02
    abf1:	ac02 
    abf2:	f020 	ld     #-19798,a
    abf3:	b2aa 
    abf4:	f074 	call   0xaa6c
    abf5:	aa6c 
    abf6:	f020 	ld     #-19798,a
    abf7:	b2aa 
    abf8:	f074 	call   0xaa6c
    abf9:	aa6c 
    abfa:	f020 	ld     #-19798,a
    abfb:	b2aa 
    abfc:	f074 	call   0xaa6c
    abfd:	aa6c 
    abfe:	f020 	ld     #-19798,a
    abff:	b2aa 
    ac00:	f074 	call   0xaa6c
    ac01:	aa6c 
    ac02:	f020 	ld     #-19923,a
    ac03:	b22d 
    ac04:	f074 	call   0xaa9f
    ac05:	aa9f 
    ac06:	f020 	ld     #-19907,a
    ac07:	b23d 
    ac08:	f074 	call   0xaa9f
    ac09:	aa9f 
    ac0a:	f020 	ld     #-19907,a
    ac0b:	b23d 
    ac0c:	f074 	call   0xaa9f
    ac0d:	aa9f 
    ac0e:	f020 	ld     #-19891,a
    ac0f:	b24d 
    ac10:	f074 	call   0xaa9f
    ac11:	aa9f 
    ac12:	f020 	ld     #-20180,a
    ac13:	b12c 
    ac14:	f074 	call   0xaac3
    ac15:	aac3 
    ac16:	fc00 	ret    
    ac17:	f074 	call   0xb74c
    ac18:	b74c 
    ac19:	f020 	ld     #-20180,a
    ac1a:	b12c 
    ac1b:	f074 	call   0xaac3
    ac1c:	aac3 
    ac1d:	7211 	mvdm   0x3fc1,ar1
    ac1e:	3fc1 
    ac1f:	f495 	nop    
    ac20:	60e1 	cmpm   *ar1(0x1),#0
    ac21:	0001 
    ac22:	0000 
    ac23:	f830 	bc     0xac31,tc
    ac24:	ac31 
    ac25:	60e1 	cmpm   *ar1(0x1),#1
    ac26:	0001 
    ac27:	0001 
    ac28:	f830 	bc     0xac36,tc
    ac29:	ac36 
    ac2a:	60e1 	cmpm   *ar1(0x1),#2
    ac2b:	0001 
    ac2c:	0002 
    ac2d:	f830 	bc     0xac36,tc
    ac2e:	ac36 
    ac2f:	f073 	b      0xac3b
    ac30:	ac3b 
    ac31:	f020 	ld     #-19923,a
    ac32:	b22d 
    ac33:	f074 	call   0xaa9f
    ac34:	aa9f 
    ac35:	fc00 	ret    
    ac36:	f020 	ld     #-19907,a
    ac37:	b23d 
    ac38:	f074 	call   0xaa9f
    ac39:	aa9f 
    ac3a:	fc00 	ret    
    ac3b:	f020 	ld     #-19891,a
    ac3c:	b24d 
    ac3d:	f074 	call   0xaa9f
    ac3e:	aa9f 
    ac3f:	fc00 	ret    
    ac40:	fc00 	ret    
    ac41:	7211 	mvdm   0x3fc1,ar1
    ac42:	3fc1 
    ac43:	f495 	nop    
    ac44:	10e1 	ld     *ar1(0x9),a
    ac45:	0009 
    ac46:	f0fc 	sftl   a,-4
    ac47:	f030 	and    #15,a
    ac48:	000f 
    ac49:	f010 	sub    #2,a
    ac4a:	0002 
    ac4b:	f845 	bc     0xb7af,aeq
    ac4c:	b7af 
    ac4d:	7211 	mvdm   0x3fc1,ar1
    ac4e:	3fc1 
    ac4f:	f495 	nop    
    ac50:	10e1 	ld     *ar1(0x9),a
    ac51:	0009 
    ac52:	f0e0 	sftl   a,0
    ac53:	f030 	and    #15,a
    ac54:	000f 
    ac55:	f010 	sub    #8,a
    ac56:	0008 
    ac57:	f845 	bc     0xba23,aeq
    ac58:	ba23 
    ac59:	ea86 	ld     #134,dp
    ac5a:	7211 	mvdm   0x3fc1,ar1
    ac5b:	3fc1 
    ac5c:	7659 	st     #26,DP+0x59
    ac5d:	001a 
    ac5e:	10e1 	ld     *ar1(0x8),a
    ac5f:	0008 
    ac60:	f0e0 	sftl   a,0
    ac61:	f030 	and    #127,a
    ac62:	007f 
    ac63:	ec0f 	rpt    #15
    ac64:	1e59 	subc   DP+0x59,a
    ac65:	f030 	and    #3,a
    ac66:	0003 
    ac67:	80e1 	stl    a,*ar1(0x1)
    ac68:	0001 
    ac69:	80e1 	stl    a,*ar1(0x3)
    ac6a:	0003 
    ac6b:	e83d 	ld     #61,a
    ac6c:	f074 	call   0xa9ea
    ac6d:	a9ea 
    ac6e:	f074 	call   0xaf88
    ac6f:	af88 
    ac70:	f074 	call   0xac17
    ac71:	ac17 
    ac72:	fc00 	ret    
    ac73:	7212 	mvdm   0x3fc1,ar2
    ac74:	3fc1 
    ac75:	68f8 	andm   #-17,*(0x3fbf)
    ac76:	3fbf 
    ac77:	ffef 
    ac78:	76f8 	st     #0,*(0x3faf)
    ac79:	3faf 
    ac7a:	0000 
    ac7b:	76f8 	st     #0,*(0x3fac)
    ac7c:	3fac 
    ac7d:	0000 
    ac7e:	76f8 	st     #0,*(0x4361)
    ac7f:	4361 
    ac80:	0000 
    ac81:	76f8 	st     #1,*(0x435f)
    ac82:	435f 
    ac83:	0001 
    ac84:	10e2 	ld     *ar2(0x9),a
    ac85:	0009 
    ac86:	f0e0 	sftl   a,0
    ac87:	f030 	and    #15,a
    ac88:	000f 
    ac89:	80f8 	stl    a,*(0x4356)
    ac8a:	4356 
    ac8b:	60f8 	cmpm   *(0x4356),#0
    ac8c:	4356 
    ac8d:	0000 
    ac8e:	f820 	bc     0xac93,ntc
    ac8f:	ac93 
    ac90:	76f8 	st     #1,*(0x4361)
    ac91:	4361 
    ac92:	0001 
    ac93:	60f8 	cmpm   *(0x4356),#4
    ac94:	4356 
    ac95:	0004 
    ac96:	f820 	bc     0xaca1,ntc
    ac97:	aca1 
    ac98:	76f8 	st     #1,*(0x3fac)
    ac99:	3fac 
    ac9a:	0001 
    ac9b:	76f8 	st     #1,*(0x3faf)
    ac9c:	3faf 
    ac9d:	0001 
    ac9e:	76f8 	st     #1,*(0x4361)
    ac9f:	4361 
    aca0:	0001 
    aca1:	60f8 	cmpm   *(0x4356),#9
    aca2:	4356 
    aca3:	0009 
    aca4:	f820 	bc     0xacaf,ntc
    aca5:	acaf 
    aca6:	76f8 	st     #1,*(0x3fac)
    aca7:	3fac 
    aca8:	0001 
    aca9:	76f8 	st     #1,*(0x3faf)
    acaa:	3faf 
    acab:	0001 
    acac:	76f8 	st     #1,*(0x4361)
    acad:	4361 
    acae:	0001 
    acaf:	60f8 	cmpm   *(0x4356),#3
    acb0:	4356 
    acb1:	0003 
    acb2:	f820 	bc     0xacbd,ntc
    acb3:	acbd 
    acb4:	76f8 	st     #1,*(0x3fac)
    acb5:	3fac 
    acb6:	0001 
    acb7:	76f8 	st     #1,*(0x3faf)
    acb8:	3faf 
    acb9:	0001 
    acba:	76f8 	st     #1,*(0x4361)
    acbb:	4361 
    acbc:	0001 
    acbd:	60f8 	cmpm   *(0x4356),#6
    acbe:	4356 
    acbf:	0006 
    acc0:	f820 	bc     0xacc5,ntc
    acc1:	acc5 
    acc2:	76f8 	st     #1,*(0x4361)
    acc3:	4361 
    acc4:	0001 
    acc5:	f020 	ld     #768,a
    acc6:	0300 
    acc7:	18e2 	and    *ar2(0x9),a
    acc8:	0009 
    acc9:	f845 	bc     0xad08,aeq
    acca:	ad08 
    accb:	76f8 	st     #0,*(0x3fba)
    accc:	3fba 
    accd:	0000 
    acce:	76f8 	st     #0,*(0x3fb9)
    accf:	3fb9 
    acd0:	0000 
    acd1:	f074 	call   0xad11
    acd2:	ad11 
    acd3:	60f8 	cmpm   *(0x3fac),#0
    acd4:	3fac 
    acd5:	0000 
    acd6:	f820 	bc     0xacda,ntc
    acd7:	acda 
    acd8:	f074 	call   0xad7e
    acd9:	ad7e 
    acda:	60f8 	cmpm   *(0x3fac),#1
    acdb:	3fac 
    acdc:	0001 
    acdd:	f820 	bc     0xacf1,ntc
    acde:	acf1 
    acdf:	76f8 	st     #8,*(0x3fab)
    ace0:	3fab 
    ace1:	0008 
    ace2:	76f8 	st     #0,*(0x3faa)
    ace3:	3faa 
    ace4:	0000 
    ace5:	e830 	ld     #48,a
    ace6:	f074 	call   0xa9ea
    ace7:	a9ea 
    ace8:	76f8 	st     #8,*(0x3fae)
    ace9:	3fae 
    acea:	0008 
    aceb:	76f8 	st     #0,*(0x3fad)
    acec:	3fad 
    aced:	0000 
    acee:	e831 	ld     #49,a
    acef:	f074 	call   0xa9ea
    acf0:	a9ea 
    acf1:	60f8 	cmpm   *(0x4356),#6
    acf2:	4356 
    acf3:	0006 
    acf4:	f820 	bc     0xad08,ntc
    acf5:	ad08 
    acf6:	76f8 	st     #2,*(0x3fab)
    acf7:	3fab 
    acf8:	0002 
    acf9:	76f8 	st     #0,*(0x3faa)
    acfa:	3faa 
    acfb:	0000 
    acfc:	e830 	ld     #48,a
    acfd:	f074 	call   0xa9ea
    acfe:	a9ea 
    acff:	76f8 	st     #2,*(0x3fae)
    ad00:	3fae 
    ad01:	0002 
    ad02:	76f8 	st     #0,*(0x3fad)
    ad03:	3fad 
    ad04:	0000 
    ad05:	e831 	ld     #49,a
    ad06:	f074 	call   0xa9ea
    ad07:	a9ea 
    ad08:	60f8 	cmpm   *(0x3fb9),#2
    ad09:	3fb9 
    ad0a:	0002 
    ad0b:	f830 	bc     0xad10,tc
    ad0c:	ad10 
    ad0d:	69f8 	orm    #-32768,*(0xa24)
    ad0e:	0a24 
    ad0f:	8000 
    ad10:	fc00 	ret    
    ad11:	68f8 	andm   #256,*(0x3fab)
    ad12:	3fab 
    ad13:	0100 
    ad14:	69f8 	orm    #1,*(0x3fab)
    ad15:	3fab 
    ad16:	0001 
    ad17:	76f8 	st     #0,*(0x3faa)
    ad18:	3faa 
    ad19:	0000 
    ad1a:	e830 	ld     #48,a
    ad1b:	f074 	call   0xa9ea
    ad1c:	a9ea 
    ad1d:	68f8 	andm   #256,*(0x3fae)
    ad1e:	3fae 
    ad1f:	0100 
    ad20:	69f8 	orm    #1,*(0x3fae)
    ad21:	3fae 
    ad22:	0001 
    ad23:	76f8 	st     #0,*(0x3fad)
    ad24:	3fad 
    ad25:	0000 
    ad26:	e831 	ld     #49,a
    ad27:	f074 	call   0xa9ea
    ad28:	a9ea 
    ad29:	fc00 	ret    
    ad2a:	52a5 	dadd   *ar5-0B,b,a
    ad2b:	985f 	stl    a,15,*ar3-
    ad2c:	facf 	fbd    0x4f6735
    ad2d:	6735 
    ad2e:	737e 	mvmd   MMR(126),0xe618
    ad2f:	e618 
    ad30:	6c35 	banz   0x800c,DP+0x35
    ad31:	800c 
    ad32:	f74f 	ld     b,15,b
    ad33:	a3a4 	sub    *ar4+,*ar2-,b
    ad34:	6b1a 	addm   #11889,DP+0x1a
    ad35:	2e71 
    ad36:	155e 	ld     DP+0x5e,ts,b
    ad37:	f357 	xor    #3731,7,b
    ad38:	0e93 
    ad39:	c00c 	st     a,*ar2+0% || add    *ar2,a
    ad3a:	5676 	dld    DP+0x76,a
    ad3b:	383d 	squra  DP+0x3d,a
    ad3c:	8078 	stl    a,DP+0x78
    ad3d:	e4ed 	st     a,*ar3+0% || ld     *ar4+0%,t
    ad3e:	669d 	mac    *+ar5,#19114,b,a
    ad3f:	4aaa 
    ad40:	cf46 	st     b,*ar4- || mpy    *ar2-,b
    ad41:	000c 	add    DP+0x0c,a
    ad42:	3485 	bitt   *ar5
    ad43:	f89d 	fb     0x1d5da0
    ad44:	5da0 
    ad45:	9d5c 	srccd  *ar3-,bneq
    ad46:	9924 	stl    b,4,*ar4
    ad47:	fcd6 	rc     agt
    ad48:	b009 	mac    *ar2,*ar3+,a
    ad49:	800c 	stl    a,DP+0x0c
    ad4a:	52a5 	dadd   *ar5-0B,b,a
    ad4b:	985f 	stl    a,15,*ar3-
    ad4c:	facf 	fbd    0x4f6735
    ad4d:	6735 
    ad4e:	737e 	mvmd   MMR(126),0xe618
    ad4f:	e618 
    ad50:	6c35 	banz   0x4,DP+0x35
    ad51:	0004 
    ad52:	f74f 	ld     b,15,b
    ad53:	a3a4 	sub    *ar4+,*ar2-,b
    ad54:	6b1a 	addm   #11889,DP+0x1a
    ad55:	2e71 
    ad56:	155e 	ld     DP+0x5e,ts,b
    ad57:	f357 	xor    #3731,7,b
    ad58:	0e93 
    ad59:	4004 	sub    DP+0x04,16,a
    ad5a:	5676 	dld    DP+0x76,a
    ad5b:	383d 	squra  DP+0x3d,a
    ad5c:	8078 	stl    a,DP+0x78
    ad5d:	e4ed 	st     a,*ar3+0% || ld     *ar4+0%,t
    ad5e:	669d 	mac    *+ar5,#19114,b,a
    ad5f:	4aaa 
    ad60:	cf46 	st     b,*ar4- || mpy    *ar2-,b
    ad61:	0004 	add    DP+0x04,a
    ad62:	3485 	bitt   *ar5
    ad63:	f89d 	fb     0x1d5da0
    ad64:	5da0 
    ad65:	9d5c 	srccd  *ar3-,bneq
    ad66:	9924 	stl    b,4,*ar4
    ad67:	fcd6 	rc     agt
    ad68:	b009 	mac    *ar2,*ar3+,a
    ad69:	8004 	stl    a,DP+0x04
    ad6a:	c000 	st     a,*ar2 || add    *ar2,a
    ad6b:	52b0 	dadd   *ar0+0,b,a
    ad6c:	0000 	add    DP+0x00,a
    ad6d:	078e 	addc   *ar6-,b
    ad6e:	70f3 	mvkd   0xf0af,*+ar3(0xd319)%
    ad6f:	d319 
    ad70:	f0af 
    ad71:	6ff0 	???    
    ad72:	4dda 	delay  *ar2+0%
    ad73:	9a0c 	sth    a,12,*ar2
    ad74:	be77 	masr   *ar5-,*ar5-,b,a
    ad75:	91ad 	add    *ar4+,13,b
    ad76:	2212 	mpyr   DP+0x12,a
    ad77:	4c38 	ltd    DP+0x38
    ad78:	4009 	sub    DP+0x09,16,a
    ad79:	6b9c 	addm   #-5610,*+ar4
    ad7a:	ea16 
    ad7b:	c01f 	st     a,*ar5+0% || add    *ar3,a
    ad7c:	76f5 	st     #4344,*+ar5(0x7900)%
    ad7d:	7900 
    ad7e:	10f8 
    ad7f:	435a 	sub    DP+0x5a,16,b
    ad80:	f0e3 	sftl   a,3
    ad81:	f000 	add    #19456,a
    ad82:	4c00 
    ad83:	80f8 	stl    a,*(0x3d91)
    ad84:	3d91 
    ad85:	76f8 	st     #0,*(0x3d92)
    ad86:	3d92 
    ad87:	0000 
    ad88:	7710 	stm    #19456,ar0
    ad89:	4c00 
    ad8a:	7711 	stm    #2596,ar1
    ad8b:	0a24 
    ad8c:	ec3f 	rpt    #63
    ad8d:	7c90 	mvpd   0xad2a,*ar0+
    ad8e:	ad2a 
    ad8f:	ec13 	rpt    #19
    ad90:	7c91 	mvpd   0xad6a,*ar1+
    ad91:	ad6a 
    ad92:	fc00 	ret    
    ad93:	ea86 	ld     #134,dp
    ad94:	7211 	mvdm   0x3fc1,ar1
    ad95:	3fc1 
    ad96:	e80d 	ld     #13,a
    ad97:	80f8 	stl    a,*(0x4359)
    ad98:	4359 
    ad99:	10e1 	ld     *ar1(0x8),a
    ad9a:	0008 
    ad9b:	f0e0 	sftl   a,0
    ad9c:	f030 	and    #127,a
    ad9d:	007f 
    ad9e:	ec0f 	rpt    #15
    ad9f:	1e59 	subc   DP+0x59,a
    ada0:	f0f0 	sftl   a,-16
    ada1:	f030 	and    #15,a
    ada2:	000f 
    ada3:	80f8 	stl    a,*(0x4359)
    ada4:	4359 
    ada5:	f030 	and    #3,a
    ada6:	0003 
    ada7:	80f8 	stl    a,*(0x435a)
    ada8:	435a 
    ada9:	fc00 	ret    
    adaa:	61f8 	bitf   *(0x3fd1),#2
    adab:	3fd1 
    adac:	0002 
    adad:	f820 	bc     0xae05,ntc
    adae:	ae05 
    adaf:	61f8 	bitf   *(0x1),#1024
    adb0:	0001 
    adb1:	0400 
    adb2:	f820 	bc     0xae05,ntc
    adb3:	ae05 
    adb4:	10f8 	ld     *(0x3fd1),a
    adb5:	3fd1 
    adb6:	f030 	and    #6144,a
    adb7:	1800 
    adb8:	f110 	sub    #6144,a,b
    adb9:	1800 
    adba:	f84d 	bc     0xadf9,beq
    adbb:	adf9 
    adbc:	f110 	sub    #4096,a,b
    adbd:	1000 
    adbe:	f84d 	bc     0xaddd,beq
    adbf:	addd 
    adc0:	f110 	sub    #2048,a,b
    adc1:	0800 
    adc2:	fa4c 	bcd    0xae13,bneq
    adc3:	ae13 
    adc4:	7212 	mvdm   0x3fc1,ar2
    adc5:	3fc1 
    adc6:	61f8 	bitf   *(0x8d7),#4
    adc7:	08d7 
    adc8:	0004 
    adc9:	fa20 	bcd    0xaddd,ntc
    adca:	addd 
    adcb:	10e2 	ld     *ar2(0x9),a
    adcc:	0009 
    adcd:	f0e0 	sftl   a,0
    adce:	f030 	and    #15,a
    adcf:	000f 
    add0:	f010 	sub    #1,a
    add1:	0001 
    add2:	f844 	bc     0xaddd,aneq
    add3:	addd 
    add4:	10e2 	ld     *ar2(0x8),a
    add5:	0008 
    add6:	f0f8 	sftl   a,-8
    add7:	f030 	and    #127,a
    add8:	007f 
    add9:	f010 	sub    #50,a
    adda:	0032 
    addb:	f844 	bc     0xae05,aneq
    addc:	ae05 
    addd:	7722 	stm    #8,spc0
    adde:	0008 
    addf:	7701 	stm    #16,ifr
    ade0:	0010 
    ade1:	68f8 	andm   #-17,*(0x435b)
    ade2:	435b 
    ade3:	ffef 
    ade4:	68f8 	andm   #-17,*(0x0)
    ade5:	0000 
    ade6:	ffef 
    ade7:	76f8 	st     #16384,*(0x3fbe)
    ade8:	3fbe 
    ade9:	4000 
    adea:	76f8 	st     #16384,*(0x3fbb)
    adeb:	3fbb 
    adec:	4000 
    aded:	76f8 	st     #15872,*(0x3fbd)
    adee:	3fbd 
    adef:	3e00 
    adf0:	76f8 	st     #15872,*(0x3fbc)
    adf1:	3fbc 
    adf2:	3e00 
    adf3:	76f8 	st     #0,*(0x3fb9)
    adf4:	3fb9 
    adf5:	0000 
    adf6:	76f8 	st     #0,*(0x3fba)
    adf7:	3fba 
    adf8:	0000 
    adf9:	76f8 	st     #1344,*(0x1)
    adfa:	0001 
    adfb:	0540 
    adfc:	76f8 	st     #84,*(0x11)
    adfd:	0011 
    adfe:	0054 
    adff:	75f8 	portw  *(0x11),pa2054
    ae00:	0011 
    ae01:	0806 
    ae02:	76f8 	st     #1,*(0x4352)
    ae03:	4352 
    ae04:	0001 
    ae05:	61f8 	bitf   *(0x3fd1),#1
    ae06:	3fd1 
    ae07:	0001 
    ae08:	f820 	bc     0xae93,ntc
    ae09:	ae93 
    ae0a:	68f8 	andm   #-2,*(0x3fd1)
    ae0b:	3fd1 
    ae0c:	fffe 
    ae0d:	10f8 	ld     *(0x3fd1),a
    ae0e:	3fd1 
    ae0f:	f030 	and    #6144,a
    ae10:	1800 
    ae11:	f844 	bc     0xae20,aneq
    ae12:	ae20 
    ae13:	76f8 	st     #0,*(0x4356)
    ae14:	4356 
    ae15:	0000 
    ae16:	75f8 	portw  *(0x4356),pa2048
    ae17:	4356 
    ae18:	0800 
    ae19:	68f8 	andm   #-321,*(0x0)
    ae1a:	0000 
    ae1b:	febf 
    ae1c:	68f8 	andm   #-3,*(0x3fd1)
    ae1d:	3fd1 
    ae1e:	fffd 
    ae1f:	fc00 	ret    
    ae20:	76f8 	st     #2,*(0x4356)
    ae21:	4356 
    ae22:	0002 
    ae23:	75f8 	portw  *(0x4356),pa2048
    ae24:	4356 
    ae25:	0800 
    ae26:	69f8 	orm    #2,*(0x3fd1)
    ae27:	3fd1 
    ae28:	0002 
    ae29:	76f8 	st     #0,*(0x4356)
    ae2a:	4356 
    ae2b:	0000 
    ae2c:	75f8 	portw  *(0x4356),pa2051
    ae2d:	4356 
    ae2e:	0803 
    ae2f:	76f8 	st     #125,*(0x4356)
    ae30:	4356 
    ae31:	007d 
    ae32:	75f8 	portw  *(0x4356),pa2053
    ae33:	4356 
    ae34:	0805 
    ae35:	76f8 	st     #0,*(0x4356)
    ae36:	4356 
    ae37:	0000 
    ae38:	75f8 	portw  *(0x4356),pa2052
    ae39:	4356 
    ae3a:	0804 
    ae3b:	76f8 	st     #1344,*(0x1)
    ae3c:	0001 
    ae3d:	0540 
    ae3e:	f110 	sub    #6144,a,b
    ae3f:	1800 
    ae40:	f84c 	bc     0xae59,bneq
    ae41:	ae59 
    ae42:	76f8 	st     #512,*(0x4356)
    ae43:	4356 
    ae44:	0200 
    ae45:	75f8 	portw  *(0x4356),pa2050
    ae46:	4356 
    ae47:	0802 
    ae48:	76f8 	st     #12828,*(0x4356)
    ae49:	4356 
    ae4a:	321c 
    ae4b:	75f8 	portw  *(0x4356),pa2049
    ae4c:	4356 
    ae4d:	0801 
    ae4e:	69f8 	orm    #64,*(0x4356)
    ae4f:	4356 
    ae50:	0040 
    ae51:	75f8 	portw  *(0x4356),pa2049
    ae52:	4356 
    ae53:	0801 
    ae54:	69f8 	orm    #64,*(0x0)
    ae55:	0000 
    ae56:	0040 
    ae57:	f073 	b      0xae8d
    ae58:	ae8d 
    ae59:	f110 	sub    #4096,a,b
    ae5a:	1000 
    ae5b:	f84c 	bc     0xae74,bneq
    ae5c:	ae74 
    ae5d:	76f8 	st     #512,*(0x4356)
    ae5e:	4356 
    ae5f:	0200 
    ae60:	75f8 	portw  *(0x4356),pa2050
    ae61:	4356 
    ae62:	0802 
    ae63:	76f8 	st     #4636,*(0x4356)
    ae64:	4356 
    ae65:	121c 
    ae66:	75f8 	portw  *(0x4356),pa2049
    ae67:	4356 
    ae68:	0801 
    ae69:	69f8 	orm    #64,*(0x4356)
    ae6a:	4356 
    ae6b:	0040 
    ae6c:	75f8 	portw  *(0x4356),pa2049
    ae6d:	4356 
    ae6e:	0801 
    ae6f:	69f8 	orm    #64,*(0x0)
    ae70:	0000 
    ae71:	0040 
    ae72:	f073 	b      0xae8d
    ae73:	ae8d 
    ae74:	f110 	sub    #2048,a,b
    ae75:	0800 
    ae76:	f84c 	bc     0xae8d,bneq
    ae77:	ae8d 
    ae78:	76f8 	st     #256,*(0x4356)
    ae79:	4356 
    ae7a:	0100 
    ae7b:	75f8 	portw  *(0x4356),pa2050
    ae7c:	4356 
    ae7d:	0802 
    ae7e:	76f8 	st     #8732,*(0x4356)
    ae7f:	4356 
    ae80:	221c 
    ae81:	75f8 	portw  *(0x4356),pa2049
    ae82:	4356 
    ae83:	0801 
    ae84:	69f8 	orm    #64,*(0x4356)
    ae85:	4356 
    ae86:	0040 
    ae87:	75f8 	portw  *(0x4356),pa2049
    ae88:	4356 
    ae89:	0801 
    ae8a:	69f8 	orm    #256,*(0x0)
    ae8b:	0000 
    ae8c:	0100 
    ae8d:	76f8 	st     #1,*(0x4356)
    ae8e:	4356 
    ae8f:	0001 
    ae90:	75f8 	portw  *(0x4356),pa2048
    ae91:	4356 
    ae92:	0800 
    ae93:	fc00 	ret    
    ae94:	61f8 	bitf   *(0x4352),#1
    ae95:	4352 
    ae96:	0001 
    ae97:	f820 	bc     0xaedf,ntc
    ae98:	aedf 
    ae99:	10f8 	ld     *(0x3fd1),a
    ae9a:	3fd1 
    ae9b:	f030 	and    #6144,a
    ae9c:	1800 
    ae9d:	f010 	sub    #6144,a
    ae9e:	1800 
    ae9f:	f844 	bc     0xaeaf,aneq
    aea0:	aeaf 
    aea1:	76f8 	st     #0,*(0x4352)
    aea2:	4352 
    aea3:	0000 
    aea4:	75f8 	portw  *(0x4352),pa2080
    aea5:	4352 
    aea6:	0820 
    aea7:	76f8 	st     #5,*(0x11)
    aea8:	0011 
    aea9:	0005 
    aeaa:	75f8 	portw  *(0x11),pa2048
    aeab:	0011 
    aeac:	0800 
    aead:	f073 	b      0xaedf
    aeae:	aedf 
    aeaf:	f000 	add    #6144,a
    aeb0:	1800 
    aeb1:	f010 	sub    #4096,a
    aeb2:	1000 
    aeb3:	f844 	bc     0xaec8,aneq
    aeb4:	aec8 
    aeb5:	60f8 	cmpm   *(0x3fba),#3
    aeb6:	3fba 
    aeb7:	0003 
    aeb8:	f820 	bc     0xaedf,ntc
    aeb9:	aedf 
    aeba:	76f8 	st     #0,*(0x4352)
    aebb:	4352 
    aebc:	0000 
    aebd:	75f8 	portw  *(0x21),pa2080
    aebe:	0021 
    aebf:	0820 
    aec0:	76f8 	st     #5,*(0x11)
    aec1:	0011 
    aec2:	0005 
    aec3:	75f8 	portw  *(0x11),pa2048
    aec4:	0011 
    aec5:	0800 
    aec6:	f073 	b      0xaedf
    aec7:	aedf 
    aec8:	f000 	add    #4096,a
    aec9:	1000 
    aeca:	f010 	sub    #2048,a
    aecb:	0800 
    aecc:	f844 	bc     0xaedf,aneq
    aecd:	aedf 
    aece:	60f8 	cmpm   *(0x3fb9),#0
    aecf:	3fb9 
    aed0:	0000 
    aed1:	f830 	bc     0xaedf,tc
    aed2:	aedf 
    aed3:	76f8 	st     #0,*(0x4352)
    aed4:	4352 
    aed5:	0000 
    aed6:	76f8 	st     #15872,*(0x3fbc)
    aed7:	3fbc 
    aed8:	3e00 
    aed9:	76f8 	st     #5,*(0x11)
    aeda:	0011 
    aedb:	0005 
    aedc:	75f8 	portw  *(0x11),pa2048
    aedd:	0011 
    aede:	0800 
    aedf:	fc00 	ret    
    aee0:	f074 	call   0xb8e9
    aee1:	b8e9 
    aee2:	e83e 	ld     #62,a
    aee3:	f074 	call   0xa9ea
    aee4:	a9ea 
    aee5:	e826 	ld     #38,a
    aee6:	f074 	call   0xa9ea
    aee7:	a9ea 
    aee8:	f074 	call   0xb95b
    aee9:	b95b 
    aeea:	fc00 	ret    
    aeeb:	f074 	call   0xb74c
    aeec:	b74c 
    aeed:	61f8 	bitf   *(0x91c),#1
    aeee:	091c 
    aeef:	0001 
    aef0:	f820 	bc     0xaf1d,ntc
    aef1:	af1d 
    aef2:	68f8 	andm   #-513,*(0x3f92)
    aef3:	3f92 
    aef4:	fdff 
    aef5:	61f8 	bitf   *(0x91c),#2
    aef6:	091c 
    aef7:	0002 
    aef8:	f820 	bc     0xaf03,ntc
    aef9:	af03 
    aefa:	10f8 	ld     *(0x4353),a
    aefb:	4353 
    aefc:	f4e3 	cala   a
    aefd:	69f8 	orm    #512,*(0x3f92)
    aefe:	3f92 
    aeff:	0200 
    af00:	68f8 	andm   #-129,*(0x91c)
    af01:	091c 
    af02:	ff7f 
    af03:	68f8 	andm   #-1025,*(0x3f92)
    af04:	3f92 
    af05:	fbff 
    af06:	61f8 	bitf   *(0x91c),#4
    af07:	091c 
    af08:	0004 
    af09:	f820 	bc     0xaf1a,ntc
    af0a:	af1a 
    af0b:	69f8 	orm    #1024,*(0x3f92)
    af0c:	3f92 
    af0d:	0400 
    af0e:	61f8 	bitf   *(0x91c),#256
    af0f:	091c 
    af10:	0100 
    af11:	f820 	bc     0xaf1a,ntc
    af12:	af1a 
    af13:	68f8 	andm   #-257,*(0x91c)
    af14:	091c 
    af15:	feff 
    af16:	10f8 	ld     *(0x4354),a
    af17:	4354 
    af18:	f074 	call   0xaac3
    af19:	aac3 
    af1a:	68f8 	andm   #-2,*(0x91c)
    af1b:	091c 
    af1c:	fffe 
    af1d:	f495 	nop    
    af1e:	f495 	nop    
    af1f:	f495 	nop    
    af20:	f495 	nop    
    af21:	f495 	nop    
    af22:	f495 	nop    
    af23:	f495 	nop    
    af24:	f495 	nop    
    af25:	f495 	nop    
    af26:	f495 	nop    
    af27:	f495 	nop    
    af28:	f495 	nop    
    af29:	f495 	nop    
    af2a:	f495 	nop    
    af2b:	f495 	nop    
    af2c:	f495 	nop    
    af2d:	f495 	nop    
    af2e:	f495 	nop    
    af2f:	f495 	nop    
    af30:	f495 	nop    
    af31:	f495 	nop    
    af32:	f495 	nop    
    af33:	f495 	nop    
    af34:	f495 	nop    
    af35:	f020 	ld     #-20180,a
    af36:	b12c 
    af37:	f074 	call   0xaac3
    af38:	aac3 
    af39:	f020 	ld     #-22003,a
    af3a:	aa0d 
    af3b:	f074 	call   0xaac3
    af3c:	aac3 
    af3d:	69f8 	orm    #1,*(0x3fb1)
    af3e:	3fb1 
    af3f:	0001 
    af40:	f020 	ld     #-22831,a
    af41:	a6d1 
    af42:	f074 	call   0xaa9f
    af43:	aa9f 
    af44:	f074 	call   0xad93
    af45:	ad93 
    af46:	e83d 	ld     #61,a
    af47:	f074 	call   0xa9ea
    af48:	a9ea 
    af49:	e826 	ld     #38,a
    af4a:	f074 	call   0xa9ea
    af4b:	a9ea 
    af4c:	f074 	call   0xae94
    af4d:	ae94 
    af4e:	60f8 	cmpm   *(0x435a),#0
    af4f:	435a 
    af50:	0000 
    af51:	f820 	bc     0xaf5d,ntc
    af52:	af5d 
    af53:	60f8 	cmpm   *(0x3fba),#2
    af54:	3fba 
    af55:	0002 
    af56:	f820 	bc     0xaf5d,ntc
    af57:	af5d 
    af58:	f074 	call   0xbd1e
    af59:	bd1e 
    af5a:	76f8 	st     #3,*(0x3fba)
    af5b:	3fba 
    af5c:	0003 
    af5d:	7212 	mvdm   0x3fc1,ar2
    af5e:	3fc1 
    af5f:	60f8 	cmpm   *(0x4359),#2
    af60:	4359 
    af61:	0002 
    af62:	f830 	bc     0xaf6e,tc
    af63:	af6e 
    af64:	60f8 	cmpm   *(0x4359),#6
    af65:	4359 
    af66:	0006 
    af67:	f830 	bc     0xaf6e,tc
    af68:	af6e 
    af69:	60f8 	cmpm   *(0x4359),#11
    af6a:	4359 
    af6b:	000b 
    af6c:	f820 	bc     0xaf82,ntc
    af6d:	af82 
    af6e:	60f8 	cmpm   *(0x3fb9),#0
    af6f:	3fb9 
    af70:	0000 
    af71:	f820 	bc     0xaf82,ntc
    af72:	af82 
    af73:	f074 	call   0xbd47
    af74:	bd47 
    af75:	76f8 	st     #1,*(0x3fb9)
    af76:	3fb9 
    af77:	0001 
    af78:	69f8 	orm    #1,*(0x3fbf)
    af79:	3fbf 
    af7a:	0001 
    af7b:	76f8 	st     #15872,*(0x3fbd)
    af7c:	3fbd 
    af7d:	3e00 
    af7e:	10f8 	ld     *(0x4359),a
    af7f:	4359 
    af80:	80f8 	stl    a,*(0x4358)
    af81:	4358 
    af82:	fc00 	ret    
    af83:	f020 	ld     #-22031,a
    af84:	a9f1 
    af85:	f074 	call   0xaac3
    af86:	aac3 
    af87:	fc00 	ret    
    af88:	7211 	mvdm   0x3fc1,ar1
    af89:	3fc1 
    af8a:	69f8 	orm    #1,*(0x3fb1)
    af8b:	3fb1 
    af8c:	0001 
    af8d:	60e1 	cmpm   *ar1(0x3),#0
    af8e:	0003 
    af8f:	0000 
    af90:	f830 	bc     0xaf9e,tc
    af91:	af9e 
    af92:	60e1 	cmpm   *ar1(0x3),#1
    af93:	0003 
    af94:	0001 
    af95:	f830 	bc     0xafa3,tc
    af96:	afa3 
    af97:	60e1 	cmpm   *ar1(0x3),#2
    af98:	0003 
    af99:	0002 
    af9a:	f830 	bc     0xafa3,tc
    af9b:	afa3 
    af9c:	f073 	b      0xafa8
    af9d:	afa8 
    af9e:	f020 	ld     #-21938,a
    af9f:	aa4e 
    afa0:	f074 	call   0xaac3
    afa1:	aac3 
    afa2:	fc00 	ret    
    afa3:	f020 	ld     #-21923,a
    afa4:	aa5d 
    afa5:	f074 	call   0xaac3
    afa6:	aac3 
    afa7:	fc00 	ret    
    afa8:	f020 	ld     #-21923,a
    afa9:	aa5d 
    afaa:	f074 	call   0xaac3
    afab:	aac3 
    afac:	fc00 	ret    
    afad:	7215 	mvdm   0x3fc2,ar5
    afae:	3fc2 
    afaf:	f6b8 	rsbx   st1,sxm
    afb0:	6ded 	mar    *+ar5(0xc)
    afb1:	000c 
    afb2:	7695 	st     #13830,*ar5+
    afb3:	3606 
    afb4:	7711 	stm    #17238,ar1
    afb5:	4356 
    afb6:	7681 	st     #1,*ar1
    afb7:	0001 
    afb8:	f495 	nop    
    afb9:	f020 	ld     #-6,a
    afba:	fffa 
    afbb:	e900 	ld     #0,b
    afbc:	7712 	stm    #-256,ar2
    afbd:	ff00 
    afbe:	7710 	stm    #28672,ar0
    afbf:	7000 
    afc0:	6daa 	mar    *ar2-0
    afc1:	6d8a 	mar    *ar2-
    afc2:	f980 	fcall  0xfffa
    afc3:	fffa 
    afc4:	7712 	stm    #-1,ar2
    afc5:	ffff 
    afc6:	7710 	stm    #-32768,ar0
    afc7:	8000 
    afc8:	6daa 	mar    *ar2-0
    afc9:	6d8a 	mar    *ar2-
    afca:	f981 	fcall  0x1fffa
    afcb:	fffa 
    afcc:	7712 	stm    #-1,ar2
    afcd:	ffff 
    afce:	7710 	stm    #-32768,ar0
    afcf:	8000 
    afd0:	6daa 	mar    *ar2-0
    afd1:	6d8a 	mar    *ar2-
    afd2:	f982 	fcall  0x2fffa
    afd3:	fffa 
    afd4:	7712 	stm    #-24577,ar2
    afd5:	9fff 
    afd6:	7710 	stm    #-32768,ar0
    afd7:	8000 
    afd8:	6daa 	mar    *ar2-0
    afd9:	6d8a 	mar    *ar2-
    afda:	f983 	fcall  0x39ffa
    afdb:	9ffa 
    afdc:	7710 	stm    #-28672,ar0
    afdd:	9000 
    afde:	f020 	ld     #-8193,a
    afdf:	dfff 
    afe0:	f010 	sub    #-28672,a
    afe1:	9000 
    afe2:	881a 	stlm   a,brc
    afe3:	f495 	nop    
    afe4:	f072 	rptb   0xafe6
    afe5:	afe6 
    afe6:	0190 	add    *ar0+,b
    afe7:	f495 	nop    
    afe8:	e82d 	ld     #45,a
    afe9:	f074 	call   0xa9ea
    afea:	a9ea 
    afeb:	01f8 	add    *(0x435d),b
    afec:	435d 
    afed:	8195 	stl    b,*ar5+
    afee:	7685 	st     #0,*ar5
    afef:	0000 
    aff0:	fc00 	ret    
    aff1:	f495 	nop    
    aff2:	f495 	nop    
    aff3:	f495 	nop    
    aff4:	f495 	nop    
    aff5:	f495 	nop    
    aff6:	f495 	nop    
    aff7:	f495 	nop    
    aff8:	f495 	nop    
    aff9:	e820 	ld     #32,a
    affa:	11f8 	ld     *(0x3f64),b
    affb:	3f64 
    affc:	f5e3 	cala   b
    affd:	7211 	mvdm   0x3fc1,ar1
    affe:	3fc1 
    afff:	7212 	mvdm   0x3fc2,ar2
    b000:	3fc2 
    b001:	10e1 	ld     *ar1(0x0),a
    b002:	0000 
    b003:	80e2 	stl    a,*ar2(0x0)
    b004:	0000 
    b005:	10e1 	ld     *ar1(0x1),a
    b006:	0001 
    b007:	80e2 	stl    a,*ar2(0x1)
    b008:	0001 
    b009:	10e1 	ld     *ar1(0x2),a
    b00a:	0002 
    b00b:	80e2 	stl    a,*ar2(0x2)
    b00c:	0002 
    b00d:	10e1 	ld     *ar1(0x3),a
    b00e:	0003 
    b00f:	80e2 	stl    a,*ar2(0x3)
    b010:	0003 
    b011:	10e1 	ld     *ar1(0x4),a
    b012:	0004 
    b013:	80e2 	stl    a,*ar2(0x4)
    b014:	0004 
    b015:	10e1 	ld     *ar1(0x6),a
    b016:	0006 
    b017:	80e2 	stl    a,*ar2(0x6)
    b018:	0006 
    b019:	f495 	nop    
    b01a:	f495 	nop    
    b01b:	f495 	nop    
    b01c:	10f8 	ld     *(0x43d8),a
    b01d:	43d8 
    b01e:	f4e3 	cala   a
    b01f:	f495 	nop    
    b020:	f495 	nop    
    b021:	f495 	nop    
    b022:	f495 	nop    
    b023:	f495 	nop    
    b024:	f074 	call   0xb535
    b025:	b535 
    b026:	f020 	ld     #3072,a
    b027:	0c00 
    b028:	18e1 	and    *ar1(0x9),a
    b029:	0009 
    b02a:	f845 	bc     0xb03b,aeq
    b02b:	b03b 
    b02c:	76f8 	st     #0,*(0x435f)
    b02d:	435f 
    b02e:	0000 
    b02f:	76f8 	st     #1,*(0x4361)
    b030:	4361 
    b031:	0001 
    b032:	68f8 	andm   #-513,*(0x3f92)
    b033:	3f92 
    b034:	fdff 
    b035:	10f8 	ld     *(0x909),a
    b036:	0909 
    b037:	f844 	bc     0xb03b,aneq
    b038:	b03b 
    b039:	f074 	call   0xc41d
    b03a:	c41d 
    b03b:	61f8 	bitf   *(0x3fb0),#2
    b03c:	3fb0 
    b03d:	0002 
    b03e:	f820 	bc     0xb0ed,ntc
    b03f:	b0ed 
    b040:	76f8 	st     #0,*(0x3fb1)
    b041:	3fb1 
    b042:	0000 
    b043:	ea86 	ld     #134,dp
    b044:	10e1 	ld     *ar1(0xc),a
    b045:	000c 
    b046:	80f8 	stl    a,*(0x3fc6)
    b047:	3fc6 
    b048:	10e1 	ld     *ar1(0xd),a
    b049:	000d 
    b04a:	80f8 	stl    a,*(0x3fc7)
    b04b:	3fc7 
    b04c:	68f8 	andm   #2047,*(0x3f92)
    b04d:	3f92 
    b04e:	07ff 
    b04f:	10e1 	ld     *ar1(0x10),a
    b050:	0010 
    b051:	f0fd 	sftl   a,-3
    b052:	f030 	and    #1,a
    b053:	0001 
    b054:	80f8 	stl    a,*(0x3fa9)
    b055:	3fa9 
    b056:	10e1 	ld     *ar1(0x10),a
    b057:	0010 
    b058:	f0e0 	sftl   a,0
    b059:	f030 	and    #7,a
    b05a:	0007 
    b05b:	80f8 	stl    a,*(0x3fa8)
    b05c:	3fa8 
    b05d:	7211 	mvdm   0x3fc1,ar1
    b05e:	3fc1 
    b05f:	f495 	nop    
    b060:	10e1 	ld     *ar1(0x0),a
    b061:	0000 
    b062:	f130 	and    #32767,a,b
    b063:	7fff 
    b064:	f210 	sub    #12,b,a
    b065:	000c 
    b066:	f843 	bc     0xb077,alt
    b067:	b077 
    b068:	f210 	sub    #34,b,a
    b069:	0022 
    b06a:	f846 	bc     0xb077,agt
    b06b:	b077 
    b06c:	f210 	sub    #30,b,a
    b06d:	001e 
    b06e:	f842 	bc     0xb070,ageq
    b06f:	b070 
    b070:	f200 	add    #17287,b,a
    b071:	4387 
    b072:	8813 	stlm   a,ar3
    b073:	f495 	nop    
    b074:	f495 	nop    
    b075:	1083 	ld     *ar3,a
    b076:	f4e3 	cala   a
    b077:	7211 	mvdm   0x3fc1,ar1
    b078:	3fc1 
    b079:	f495 	nop    
    b07a:	10e1 	ld     *ar1(0x2),a
    b07b:	0002 
    b07c:	f130 	and    #32767,a,b
    b07d:	7fff 
    b07e:	f030 	and    #-32768,a
    b07f:	8000 
    b080:	f845 	bc     0xb085,aeq
    b081:	b085 
    b082:	69f8 	orm    #16384,*(0x3f92)
    b083:	3f92 
    b084:	4000 
    b085:	f210 	sub    #11,b,a
    b086:	000b 
    b087:	f843 	bc     0xb094,alt
    b088:	b094 
    b089:	f210 	sub    #12,b,a
    b08a:	000c 
    b08b:	f846 	bc     0xb094,agt
    b08c:	b094 
    b08d:	f200 	add    #17287,b,a
    b08e:	4387 
    b08f:	8813 	stlm   a,ar3
    b090:	f495 	nop    
    b091:	f495 	nop    
    b092:	1083 	ld     *ar3,a
    b093:	f4e3 	cala   a
    b094:	7211 	mvdm   0x3fc1,ar1
    b095:	3fc1 
    b096:	f495 	nop    
    b097:	10e1 	ld     *ar1(0x7),a
    b098:	0007 
    b099:	f130 	and    #32767,a,b
    b09a:	7fff 
    b09b:	f845 	bc     0xb0b1,aeq
    b09c:	b0b1 
    b09d:	f210 	sub    #10,b,a
    b09e:	000a 
    b09f:	f844 	bc     0xb0b1,aneq
    b0a0:	b0b1 
    b0a1:	10e1 	ld     *ar1(0x7),a
    b0a2:	0007 
    b0a3:	f030 	and    #-32768,a
    b0a4:	8000 
    b0a5:	f845 	bc     0xb0aa,aeq
    b0a6:	b0aa 
    b0a7:	69f8 	orm    #16384,*(0x3f92)
    b0a8:	3f92 
    b0a9:	4000 
    b0aa:	f200 	add    #17287,b,a
    b0ab:	4387 
    b0ac:	8813 	stlm   a,ar3
    b0ad:	f495 	nop    
    b0ae:	f495 	nop    
    b0af:	1083 	ld     *ar3,a
    b0b0:	f4e3 	cala   a
    b0b1:	7211 	mvdm   0x3fc1,ar1
    b0b2:	3fc1 
    b0b3:	f495 	nop    
    b0b4:	10e1 	ld     *ar1(0x4),a
    b0b5:	0004 
    b0b6:	f130 	and    #32767,a,b
    b0b7:	7fff 
    b0b8:	f210 	sub    #512,b,a
    b0b9:	0200 
    b0ba:	f843 	bc     0xb0c9,alt
    b0bb:	b0c9 
    b0bc:	f330 	and    #-513,b
    b0bd:	fdff 
    b0be:	f200 	add    #17287,b,a
    b0bf:	4387 
    b0c0:	f000 	add    #69,a
    b0c1:	0045 
    b0c2:	8813 	stlm   a,ar3
    b0c3:	f495 	nop    
    b0c4:	f495 	nop    
    b0c5:	1083 	ld     *ar3,a
    b0c6:	f4e3 	cala   a
    b0c7:	f073 	b      0xb0d8
    b0c8:	b0d8 
    b0c9:	f210 	sub    #1,b,a
    b0ca:	0001 
    b0cb:	f843 	bc     0xb0d8,alt
    b0cc:	b0d8 
    b0cd:	f210 	sub    #34,b,a
    b0ce:	0022 
    b0cf:	f846 	bc     0xb0d8,agt
    b0d0:	b0d8 
    b0d1:	f200 	add    #17287,b,a
    b0d2:	4387 
    b0d3:	8813 	stlm   a,ar3
    b0d4:	f495 	nop    
    b0d5:	f495 	nop    
    b0d6:	1083 	ld     *ar3,a
    b0d7:	f4e3 	cala   a
    b0d8:	7211 	mvdm   0x3fc1,ar1
    b0d9:	3fc1 
    b0da:	f495 	nop    
    b0db:	11e1 	ld     *ar1(0x5),b
    b0dc:	0005 
    b0dd:	f210 	sub    #0,b,a
    b0de:	0000 
    b0df:	f843 	bc     0xb0ed,alt
    b0e0:	b0ed 
    b0e1:	f210 	sub    #3,b,a
    b0e2:	0003 
    b0e3:	f846 	bc     0xb0ed,agt
    b0e4:	b0ed 
    b0e5:	f200 	add    #17365,b,a
    b0e6:	43d5 
    b0e7:	8813 	stlm   a,ar3
    b0e8:	f495 	nop    
    b0e9:	f495 	nop    
    b0ea:	1083 	ld     *ar3,a
    b0eb:	f495 	nop    
    b0ec:	f4e3 	cala   a
    b0ed:	f495 	nop    
    b0ee:	f495 	nop    
    b0ef:	f495 	nop    
    b0f0:	e825 	ld     #37,a
    b0f1:	f000 	add    #17287,a
    b0f2:	4387 
    b0f3:	8813 	stlm   a,ar3
    b0f4:	f495 	nop    
    b0f5:	f495 	nop    
    b0f6:	1083 	ld     *ar3,a
    b0f7:	f074 	call   0xaac3
    b0f8:	aac3 
    b0f9:	61f8 	bitf   *(0x3fb0),#8
    b0fa:	3fb0 
    b0fb:	0008 
    b0fc:	f820 	bc     0xb106,ntc
    b0fd:	b106 
    b0fe:	e822 	ld     #34,a
    b0ff:	f000 	add    #17287,a
    b100:	4387 
    b101:	8813 	stlm   a,ar3
    b102:	f495 	nop    
    b103:	f495 	nop    
    b104:	1083 	ld     *ar3,a
    b105:	f4e3 	cala   a
    b106:	10f8 	ld     *(0x3f92),a
    b107:	3f92 
    b108:	f030 	and    #4095,a
    b109:	0fff 
    b10a:	80f8 	stl    a,*(0x8d5)
    b10b:	08d5 
    b10c:	fc00 	ret    
    b10d:	61f8 	bitf   *(0x9e1),#-32768
    b10e:	09e1 
    b10f:	8000 
    b110:	f830 	bc     0xb11e,tc
    b111:	b11e 
    b112:	61f8 	bitf   *(0x3fad),#4208
    b113:	3fad 
    b114:	1070 
    b115:	f820 	bc     0xb11e,ntc
    b116:	b11e 
    b117:	61f8 	bitf   *(0xa3f),#3
    b118:	0a3f 
    b119:	0003 
    b11a:	f820 	bc     0xb11e,ntc
    b11b:	b11e 
    b11c:	f981 	fcall  0x18a36
    b11d:	8a36 
    b11e:	fc00 	ret    
    b11f:	61f8 	bitf   *(0xa15),#-32768
    b120:	0a15 
    b121:	8000 
    b122:	f830 	bc     0xb12b,tc
    b123:	b12b 
    b124:	61f8 	bitf   *(0xa3f),#3
    b125:	0a3f 
    b126:	0003 
    b127:	f820 	bc     0xb12b,ntc
    b128:	b12b 
    b129:	f981 	fcall  0x18a33
    b12a:	8a33 
    b12b:	fc00 	ret    
    b12c:	e82f 	ld     #47,a
    b12d:	f074 	call   0xa9ea
    b12e:	a9ea 
    b12f:	61f8 	bitf   *(0x3f92),#-32768
    b130:	3f92 
    b131:	8000 
    b132:	f830 	bc     0xb186,tc
    b133:	b186 
    b134:	69f8 	orm    #-32768,*(0x3f92)
    b135:	3f92 
    b136:	8000 
    b137:	e902 	ld     #2,b
    b138:	6ff8 	ld     *(0x9bb),2,a
    b139:	09bb 
    b13a:	0c42 
    b13b:	fa45 	bcd    0xb17b,aeq
    b13c:	b17b 
    b13d:	f040 	or     #18,a
    b13e:	0012 
    b13f:	76f8 	st     #0,*(0x4356)
    b140:	4356 
    b141:	0000 
    b142:	75f8 	portw  *(0x4356),pa10240
    b143:	4356 
    b144:	2800 
    b145:	75f8 	portw  *(0xa3b),pa10243
    b146:	0a3b 
    b147:	2803 
    b148:	75f8 	portw  *(0xa3c),pa10244
    b149:	0a3c 
    b14a:	2804 
    b14b:	75f8 	portw  *(0xa3d),pa10245
    b14c:	0a3d 
    b14d:	2805 
    b14e:	75f8 	portw  *(0xa3e),pa10246
    b14f:	0a3e 
    b150:	2806 
    b151:	75f8 	portw  *(0x3fc6),pa10247
    b152:	3fc6 
    b153:	2807 
    b154:	75f8 	portw  *(0x3fc7),pa10248
    b155:	3fc7 
    b156:	2808 
    b157:	80f8 	stl    a,*(0x4356)
    b158:	4356 
    b159:	75f8 	portw  *(0x4356),pa10240
    b15a:	4356 
    b15b:	2800 
    b15c:	68f8 	andm   #-4097,*(0x3f92)
    b15d:	3f92 
    b15e:	efff 
    b15f:	7701 	stm    #2048,ifr
    b160:	0800 
    b161:	69f8 	orm    #2048,*(0x0)
    b162:	0000 
    b163:	0800 
    b164:	69f8 	orm    #1,*(0x4356)
    b165:	4356 
    b166:	0001 
    b167:	75f8 	portw  *(0x4356),pa10240
    b168:	4356 
    b169:	2800 
    b16a:	ec14 	rpt    #20
    b16b:	f495 	nop    
    b16c:	74f8 	portr  pa10242,*(0x4356)
    b16d:	4356 
    b16e:	2802 
    b16f:	61f8 	bitf   *(0x4356),#1
    b170:	4356 
    b171:	0001 
    b172:	f830 	bc     0xb17a,tc
    b173:	b17a 
    b174:	f310 	sub    #1,b
    b175:	0001 
    b176:	f84b 	bc     0xb17a,blt
    b177:	b17a 
    b178:	f073 	b      0xb138
    b179:	b138 
    b17a:	fc00 	ret    
    b17b:	f0c0 	xor    a
    b17c:	771a 	stm    #15,brc
    b17d:	000f 
    b17e:	69f8 	orm    #4096,*(0x3f92)
    b17f:	3f92 
    b180:	1000 
    b181:	f272 	rptbd  0xb185
    b182:	b185 
    b183:	7715 	stm    #16275,ar5
    b184:	3f93 
    b185:	8095 	stl    a,*ar5+
    b186:	fc00 	ret    
    b187:	f020 	ld     #400,a
    b188:	0190 
    b189:	f010 	sub    #1,a
    b18a:	0001 
    b18b:	f843 	bc     0xb193,alt
    b18c:	b193 
    b18d:	61f8 	bitf   *(0x3f92),#4096
    b18e:	3f92 
    b18f:	1000 
    b190:	f820 	bc     0xb189,ntc
    b191:	b189 
    b192:	fc00 	ret    
    b193:	68f8 	andm   #-2049,*(0x0)
    b194:	0000 
    b195:	f7ff 
    b196:	76f8 	st     #0,*(0x4356)
    b197:	4356 
    b198:	0000 
    b199:	75f8 	portw  *(0x4356),pa10240
    b19a:	4356 
    b19b:	2800 
    b19c:	fc00 	ret    
    b19d:	68f8 	andm   #-2049,*(0x0)
    b19e:	0000 
    b19f:	f7ff 
    b1a0:	74f8 	portr  pa10241,*(0x11)
    b1a1:	0011 
    b1a2:	2801 
    b1a3:	f020 	ld     #-23296,a
    b1a4:	a500 
    b1a5:	00f8 	add    *(0x11),a
    b1a6:	0011 
    b1a7:	7711 	stm    #16275,ar1
    b1a8:	3f93 
    b1a9:	f074 	call   0xb522
    b1aa:	b522 
    b1ab:	7491 	portr  pa10249,*ar1+
    b1ac:	2809 
    b1ad:	7491 	portr  pa10250,*ar1+
    b1ae:	280a 
    b1af:	7491 	portr  pa10251,*ar1+
    b1b0:	280b 
    b1b1:	7491 	portr  pa10252,*ar1+
    b1b2:	280c 
    b1b3:	7491 	portr  pa10253,*ar1+
    b1b4:	280d 
    b1b5:	7491 	portr  pa10254,*ar1+
    b1b6:	280e 
    b1b7:	7491 	portr  pa10255,*ar1+
    b1b8:	280f 
    b1b9:	7491 	portr  pa10256,*ar1+
    b1ba:	2810 
    b1bb:	7491 	portr  pa10257,*ar1+
    b1bc:	2811 
    b1bd:	7491 	portr  pa10258,*ar1+
    b1be:	2812 
    b1bf:	7491 	portr  pa10259,*ar1+
    b1c0:	2813 
    b1c1:	7491 	portr  pa10260,*ar1+
    b1c2:	2814 
    b1c3:	7491 	portr  pa10261,*ar1+
    b1c4:	2815 
    b1c5:	7491 	portr  pa10262,*ar1+
    b1c6:	2816 
    b1c7:	7491 	portr  pa10263,*ar1+
    b1c8:	2817 
    b1c9:	7491 	portr  pa10264,*ar1+
    b1ca:	2818 
    b1cb:	69f8 	orm    #4096,*(0x3f92)
    b1cc:	3f92 
    b1cd:	1000 
    b1ce:	76f8 	st     #0,*(0x11)
    b1cf:	0011 
    b1d0:	0000 
    b1d1:	75f8 	portw  *(0x11),pa10240
    b1d2:	0011 
    b1d3:	2800 
    b1d4:	fc00 	ret    
    b1d5:	f020 	ld     #2290,a
    b1d6:	08f2 
    b1d7:	4a08 	pshm   al
    b1d8:	f073 	b      0xb1e2
    b1d9:	b1e2 
    b1da:	f020 	ld     #2088,a
    b1db:	0828 
    b1dc:	4a08 	pshm   al
    b1dd:	f073 	b      0xb1e2
    b1de:	b1e2 
    b1df:	f020 	ld     #2108,a
    b1e0:	083c 
    b1e1:	4a08 	pshm   al
    b1e2:	e835 	ld     #53,a
    b1e3:	f074 	call   0xa9ea
    b1e4:	a9ea 
    b1e5:	8a10 	popm   ar0
    b1e6:	4a10 	pshm   ar0
    b1e7:	10f8 	ld     *(0x3fa4),a
    b1e8:	3fa4 
    b1e9:	80e0 	stl    a,*ar0(0x8)
    b1ea:	0008 
    b1eb:	10f8 	ld     *(0x3fa5),a
    b1ec:	3fa5 
    b1ed:	80e0 	stl    a,*ar0(0x9)
    b1ee:	0009 
    b1ef:	10f8 	ld     *(0x3fa7),a
    b1f0:	3fa7 
    b1f1:	80e0 	stl    a,*ar0(0xa)
    b1f2:	000a 
    b1f3:	10f8 	ld     *(0x3fa6),a
    b1f4:	3fa6 
    b1f5:	80e0 	stl    a,*ar0(0xb)
    b1f6:	000b 
    b1f7:	4bf8 	pshd   *(0x3fad)
    b1f8:	3fad 
    b1f9:	4bf8 	pshd   *(0x3faf)
    b1fa:	3faf 
    b1fb:	76f8 	st     #16384,*(0x3fad)
    b1fc:	3fad 
    b1fd:	4000 
    b1fe:	76f8 	st     #0,*(0x3faf)
    b1ff:	3faf 
    b200:	0000 
    b201:	e831 	ld     #49,a
    b202:	f074 	call   0xa9ea
    b203:	a9ea 
    b204:	8bf8 	popd   *(0x3faf)
    b205:	3faf 
    b206:	8bf8 	popd   *(0x3fad)
    b207:	3fad 
    b208:	7710 	stm    #15,ar0
    b209:	000f 
    b20a:	8a15 	popm   ar5
    b20b:	7713 	stm    #2302,ar3
    b20c:	08fe 
    b20d:	60f8 	cmpm   *(0x15),#2290
    b20e:	0015 
    b20f:	08f2 
    b210:	6db5 	mar    *ar5+0
    b211:	f830 	bc     0xb215,tc
    b212:	b215 
    b213:	ec04 	rpt    #4
    b214:	e59b 	mvdd   *ar3+,*ar5+
    b215:	fc00 	ret    
    b216:	69f8 	orm    #8192,*(0x3f92)
    b217:	3f92 
    b218:	2000 
    b219:	7711 	stm    #29270,ar1
    b21a:	7256 
    b21b:	7712 	stm    #3278,ar2
    b21c:	0cce 
    b21d:	7713 	stm    #191,ar3
    b21e:	00bf 
    b21f:	e829 	ld     #41,a
    b220:	f074 	call   0xa9ea
    b221:	a9ea 
    b222:	61f8 	bitf   *(0x3f92),#8192
    b223:	3f92 
    b224:	2000 
    b225:	f820 	bc     0xb22c,ntc
    b226:	b22c 
    b227:	f074 	call   0xb76c
    b228:	b76c 
    b229:	68f8 	andm   #-8193,*(0x3f92)
    b22a:	3f92 
    b22b:	dfff 
    b22c:	fc00 	ret    
    b22d:	e834 	ld     #52,a
    b22e:	f074 	call   0xa9ea
    b22f:	a9ea 
    b230:	76f8 	st     #1,*(0x3fad)
    b231:	3fad 
    b232:	0001 
    b233:	76f8 	st     #1,*(0x3fae)
    b234:	3fae 
    b235:	0001 
    b236:	76f8 	st     #3,*(0x3faf)
    b237:	3faf 
    b238:	0003 
    b239:	e831 	ld     #49,a
    b23a:	f074 	call   0xa9ea
    b23b:	a9ea 
    b23c:	fc00 	ret    
    b23d:	e834 	ld     #52,a
    b23e:	f074 	call   0xa9ea
    b23f:	a9ea 
    b240:	76f8 	st     #1,*(0x3fad)
    b241:	3fad 
    b242:	0001 
    b243:	76f8 	st     #0,*(0x3fae)
    b244:	3fae 
    b245:	0000 
    b246:	76f8 	st     #3,*(0x3faf)
    b247:	3faf 
    b248:	0003 
    b249:	e831 	ld     #49,a
    b24a:	f074 	call   0xa9ea
    b24b:	a9ea 
    b24c:	fc00 	ret    
    b24d:	e834 	ld     #52,a
    b24e:	f074 	call   0xa9ea
    b24f:	a9ea 
    b250:	76f8 	st     #8193,*(0x3fad)
    b251:	3fad 
    b252:	2001 
    b253:	76f8 	st     #0,*(0x3fae)
    b254:	3fae 
    b255:	0000 
    b256:	76f8 	st     #3,*(0x3faf)
    b257:	3faf 
    b258:	0003 
    b259:	e831 	ld     #49,a
    b25a:	f074 	call   0xa9ea
    b25b:	a9ea 
    b25c:	fc00 	ret    
    b25d:	e829 	ld     #41,a
    b25e:	11f8 	ld     *(0x3f64),b
    b25f:	3f64 
    b260:	f5e3 	cala   b
    b261:	f980 	fcall  0x7a19
    b262:	7a19 
    b263:	7210 	mvdm   0x3fc2,ar0
    b264:	3fc2 
    b265:	10f8 	ld     *(0x3fa4),a
    b266:	3fa4 
    b267:	80e0 	stl    a,*ar0(0x8)
    b268:	0008 
    b269:	10f8 	ld     *(0x3fa5),a
    b26a:	3fa5 
    b26b:	80e0 	stl    a,*ar0(0x9)
    b26c:	0009 
    b26d:	10f8 	ld     *(0x3fa7),a
    b26e:	3fa7 
    b26f:	80e0 	stl    a,*ar0(0xa)
    b270:	000a 
    b271:	10f8 	ld     *(0x3fa6),a
    b272:	3fa6 
    b273:	80e0 	stl    a,*ar0(0xb)
    b274:	000b 
    b275:	fc00 	ret    
    b276:	f980 	fcall  0x76a9
    b277:	76a9 
    b278:	e826 	ld     #38,a
    b279:	11f8 	ld     *(0x3f64),b
    b27a:	3f64 
    b27b:	f5e3 	cala   b
    b27c:	fc00 	ret    
    b27d:	e828 	ld     #40,a
    b27e:	11f8 	ld     *(0x3f64),b
    b27f:	3f64 
    b280:	f5e3 	cala   b
    b281:	f980 	fcall  0x7a16
    b282:	7a16 
    b283:	fc00 	ret    
    b284:	f980 	fcall  0x770a
    b285:	770a 
    b286:	e827 	ld     #39,a
    b287:	11f8 	ld     *(0x3f64),b
    b288:	3f64 
    b289:	f5e3 	cala   b
    b28a:	fc00 	ret    
    b28b:	e824 	ld     #36,a
    b28c:	11f8 	ld     *(0x3f64),b
    b28d:	3f64 
    b28e:	f5e3 	cala   b
    b28f:	f980 	fcall  0x86aa
    b290:	86aa 
    b291:	fc00 	ret    
    b292:	e825 	ld     #37,a
    b293:	11f8 	ld     *(0x3f64),b
    b294:	3f64 
    b295:	f5e3 	cala   b
    b296:	f980 	fcall  0x86a7
    b297:	86a7 
    b298:	fc00 	ret    
    b299:	e822 	ld     #34,a
    b29a:	11f8 	ld     *(0x3f64),b
    b29b:	3f64 
    b29c:	f5e3 	cala   b
    b29d:	f980 	fcall  0xe3fc
    b29e:	e3fc 
    b29f:	fc00 	ret    
    b2a0:	e823 	ld     #35,a
    b2a1:	11f8 	ld     *(0x3f64),b
    b2a2:	3f64 
    b2a3:	f5e3 	cala   b
    b2a4:	f980 	fcall  0xe3f9
    b2a5:	e3f9 
    b2a6:	fc00 	ret    
    b2a7:	69f8 	orm    #8192,*(0x3f92)
    b2a8:	3f92 
    b2a9:	2000 
    b2aa:	69f8 	orm    #2,*(0x3fc0)
    b2ab:	3fc0 
    b2ac:	0002 
    b2ad:	7711 	stm    #29270,ar1
    b2ae:	7256 
    b2af:	7712 	stm    #3278,ar2
    b2b0:	0cce 
    b2b1:	7713 	stm    #151,ar3
    b2b2:	0097 
    b2b3:	e829 	ld     #41,a
    b2b4:	f074 	call   0xa9ea
    b2b5:	a9ea 
    b2b6:	61f8 	bitf   *(0x3f92),#8192
    b2b7:	3f92 
    b2b8:	2000 
    b2b9:	f820 	bc     0xb2c0,ntc
    b2ba:	b2c0 
    b2bb:	f074 	call   0xb765
    b2bc:	b765 
    b2bd:	68f8 	andm   #-8193,*(0x3f92)
    b2be:	3f92 
    b2bf:	dfff 
    b2c0:	fc00 	ret    
    b2c1:	61f8 	bitf   *(0x3fb4),#1
    b2c2:	3fb4 
    b2c3:	0001 
    b2c4:	76f8 	st     #3278,*(0x3fb5)
    b2c5:	3fb5 
    b2c6:	0cce 
    b2c7:	f820 	bc     0xb2cc,ntc
    b2c8:	b2cc 
    b2c9:	76f8 	st     #3374,*(0x3fb5)
    b2ca:	3fb5 
    b2cb:	0d2e 
    b2cc:	76f8 	st     #0,*(0x8f8)
    b2cd:	08f8 
    b2ce:	0000 
    b2cf:	76f8 	st     #0,*(0x8fa)
    b2d0:	08fa 
    b2d1:	0000 
    b2d2:	76f8 	st     #0,*(0x8fb)
    b2d3:	08fb 
    b2d4:	0000 
    b2d5:	76f8 	st     #0,*(0x8fc)
    b2d6:	08fc 
    b2d7:	0000 
    b2d8:	76f8 	st     #0,*(0x8fd)
    b2d9:	08fd 
    b2da:	0000 
    b2db:	e833 	ld     #51,a
    b2dc:	f074 	call   0xa9ea
    b2dd:	a9ea 
    b2de:	6bf8 	addm   #1,*(0x3fb4)
    b2df:	3fb4 
    b2e0:	0001 
    b2e1:	10f8 	ld     *(0x8f8),a
    b2e2:	08f8 
    b2e3:	f844 	bc     0xb307,aneq
    b2e4:	b307 
    b2e5:	10f8 	ld     *(0x43d9),a
    b2e6:	43d9 
    b2e7:	f4e3 	cala   a
    b2e8:	f495 	nop    
    b2e9:	f495 	nop    
    b2ea:	f495 	nop    
    b2eb:	f495 	nop    
    b2ec:	f495 	nop    
    b2ed:	f495 	nop    
    b2ee:	f495 	nop    
    b2ef:	f495 	nop    
    b2f0:	f495 	nop    
    b2f1:	f495 	nop    
    b2f2:	f495 	nop    
    b2f3:	f495 	nop    
    b2f4:	f495 	nop    
    b2f5:	f495 	nop    
    b2f6:	f495 	nop    
    b2f7:	f495 	nop    
    b2f8:	f495 	nop    
    b2f9:	f495 	nop    
    b2fa:	f495 	nop    
    b2fb:	f495 	nop    
    b2fc:	f495 	nop    
    b2fd:	f495 	nop    
    b2fe:	f495 	nop    
    b2ff:	f495 	nop    
    b300:	10f8 	ld     *(0x3fb4),a
    b301:	3fb4 
    b302:	08f8 	sub    *(0x3fb3),a
    b303:	3fb3 
    b304:	f844 	bc     0xb312,aneq
    b305:	b312 
    b306:	f495 	nop    
    b307:	e82a 	ld     #42,a
    b308:	f074 	call   0xa9ea
    b309:	a9ea 
    b30a:	68f8 	andm   #-9,*(0x3fd3)
    b30b:	3fd3 
    b30c:	fff7 
    b30d:	f074 	call   0xaa87
    b30e:	aa87 
    b30f:	f845 	bc     0xb312,aeq
    b310:	b312 
    b311:	f4e3 	cala   a
    b312:	fc00 	ret    
    b313:	69f8 	orm    #8192,*(0x3f92)
    b314:	3f92 
    b315:	2000 
    b316:	10f8 	ld     *(0xc3f),a
    b317:	0c3f 
    b318:	80f8 	stl    a,*(0x3fb3)
    b319:	3fb3 
    b31a:	f073 	b      0xb323
    b31b:	b323 
    b31c:	69f8 	orm    #8192,*(0x3f92)
    b31d:	3f92 
    b31e:	2000 
    b31f:	10f8 	ld     *(0xc40),a
    b320:	0c40 
    b321:	80f8 	stl    a,*(0x3fb3)
    b322:	3fb3 
    b323:	69f8 	orm    #8,*(0x3fd3)
    b324:	3fd3 
    b325:	0008 
    b326:	76f8 	st     #0,*(0x3fb4)
    b327:	3fb4 
    b328:	0000 
    b329:	7711 	stm    #29296,ar1
    b32a:	7270 
    b32b:	7712 	stm    #3278,ar2
    b32c:	0cce 
    b32d:	7713 	stm    #48,ar3
    b32e:	0030 
    b32f:	e829 	ld     #41,a
    b330:	f074 	call   0xa9ea
    b331:	a9ea 
    b332:	61f8 	bitf   *(0x3f92),#8192
    b333:	3f92 
    b334:	2000 
    b335:	f820 	bc     0xb33c,ntc
    b336:	b33c 
    b337:	f074 	call   0xb75e
    b338:	b75e 
    b339:	68f8 	andm   #-8193,*(0x3f92)
    b33a:	3f92 
    b33b:	dfff 
    b33c:	fc00 	ret    
    b33d:	e82a 	ld     #42,a
    b33e:	f074 	call   0xa9ea
    b33f:	a9ea 
    b340:	f020 	ld     #12291,a
    b341:	3003 
    b342:	f074 	call   0xb522
    b343:	b522 
    b344:	e832 	ld     #50,a
    b345:	f074 	call   0xa9ea
    b346:	a9ea 
    b347:	7212 	mvdm   0x4350,ar2
    b348:	4350 
    b349:	10f8 	ld     *(0x3fb2),a
    b34a:	3fb2 
    b34b:	8092 	stl    a,*ar2+
    b34c:	7312 	mvmd   ar2,0x4350
    b34d:	4350 
    b34e:	f074 	call   0xb522
    b34f:	b522 
    b350:	f074 	call   0xaa87
    b351:	aa87 
    b352:	f845 	bc     0xb355,aeq
    b353:	b355 
    b354:	f4e3 	cala   a
    b355:	fc00 	ret    
    b356:	7711 	stm    #29309,ar1
    b357:	727d 
    b358:	7712 	stm    #3662,ar2
    b359:	0e4e 
    b35a:	7713 	stm    #64,ar3
    b35b:	0040 
    b35c:	e829 	ld     #41,a
    b35d:	f074 	call   0xa9ea
    b35e:	a9ea 
    b35f:	fc00 	ret    
    b360:	771d 	stm    #-88,pmst
    b361:	ffa8 
    b362:	69f8 	orm    #16,*(0x1d)
    b363:	001d 
    b364:	0010 
    b365:	7729 	stm    #2,bscr
    b366:	0002 
    b367:	7728 	stm    #9362,swwsr
    b368:	2492 
    b369:	75f8 	portw  *(0xc31),pa63488
    b36a:	0c31 
    b36b:	f800 
    b36c:	76f8 	st     #0,*(0x3fdc)
    b36d:	3fdc 
    b36e:	0000 
    b36f:	75f8 	portw  *(0x3fdc),pa63744
    b370:	3fdc 
    b371:	f900 
    b372:	76f8 	st     #896,*(0x4356)
    b373:	4356 
    b374:	0380 
    b375:	75f8 	portw  *(0x4356),pa64000
    b376:	4356 
    b377:	fa00 
    b378:	7706 	stm    #6144,st0
    b379:	1800 
    b37a:	7707 	stm    #10496,st1
    b37b:	2900 
    b37c:	7726 	stm    #16,tcr
    b37d:	0010 
    b37e:	7700 	stm    #0,imr
    b37f:	0000 
    b380:	7701 	stm    #-1,ifr
    b381:	ffff 
    b382:	7718 	stm    #23240,sp
    b383:	5ac8 
    b384:	7710 	stm    #23040,ar0
    b385:	5a00 
    b386:	ecc7 	rpt    #199
    b387:	7690 	st     #136,*ar0+
    b388:	0088 
    b389:	f074 	call   0xb43c
    b38a:	b43c 
    b38b:	f074 	call   0xbb00
    b38c:	bb00 
    b38d:	f074 	call   0x71fa
    b38e:	71fa 
    b38f:	68f8 	andm   #127,*(0x1d)
    b390:	001d 
    b391:	007f 
    b392:	69f8 	orm    #128,*(0x1d)
    b393:	001d 
    b394:	0080 
    b395:	76f8 	st     #511,*(0x4356)
    b396:	4356 
    b397:	01ff 
    b398:	75f8 	portw  *(0x4356),pa63489
    b399:	4356 
    b39a:	f801 
    b39b:	f020 	ld     #-14297,a
    b39c:	c827 
    b39d:	f074 	call   0x71bc
    b39e:	71bc 
    b39f:	f020 	ld     #-8792,a
    b3a0:	dda8 
    b3a1:	f074 	call   0x71bc
    b3a2:	71bc 
    b3a3:	10f8 	ld     *(0xc36),a
    b3a4:	0c36 
    b3a5:	f4e3 	cala   a
    b3a6:	68f8 	andm   #-16048,*(0x0)
    b3a7:	0000 
    b3a8:	c150 
    b3a9:	7701 	stm    #16047,ifr
    b3aa:	3eaf 
    b3ab:	76f8 	st     #-19457,*(0x3f6d)
    b3ac:	3f6d 
    b3ad:	b3ff 
    b3ae:	69f8 	orm    #4,*(0x3fdc)
    b3af:	3fdc 
    b3b0:	0004 
    b3b1:	75f8 	portw  *(0x3fdc),pa63744
    b3b2:	3fdc 
    b3b3:	f900 
    b3b4:	47f8 	rpt    *(0xc32)
    b3b5:	0c32 
    b3b6:	f495 	nop    
    b3b7:	76f8 	st     #28674,*(0x4356)
    b3b8:	4356 
    b3b9:	7002 
    b3ba:	75f8 	portw  *(0x4356),pa64544
    b3bb:	4356 
    b3bc:	fc20 
    b3bd:	76f8 	st     #2,*(0x4356)
    b3be:	4356 
    b3bf:	0002 
    b3c0:	75f8 	portw  *(0x4356),pa64546
    b3c1:	4356 
    b3c2:	fc22 
    b3c3:	68f8 	andm   #-5,*(0x3fdc)
    b3c4:	3fdc 
    b3c5:	fffb 
    b3c6:	75f8 	portw  *(0x3fdc),pa63744
    b3c7:	3fdc 
    b3c8:	f900 
    b3c9:	75f8 	portw  *(0x3fdc),pa63744
    b3ca:	3fdc 
    b3cb:	f900 
    b3cc:	70f8 	mvkd   0xe3,*(0x4356)
    b3cd:	4356 
    b3ce:	00e3 
    b3cf:	70f8 	mvkd   0xdb,*(0x4357)
    b3d0:	4357 
    b3d1:	00db 
    b3d2:	70f8 	mvkd   0xd3,*(0x4355)
    b3d3:	4355 
    b3d4:	00d3 
    b3d5:	f074 	call   0xbb00
    b3d6:	bb00 
    b3d7:	f074 	call   0xb4da
    b3d8:	b4da 
    b3d9:	f074 	call   0xa4ae
    b3da:	a4ae 
    b3db:	71f8 	mvdk   *(0x4356),0xe3
    b3dc:	4356 
    b3dd:	00e3 
    b3de:	71f8 	mvdk   *(0x4357),0xdb
    b3df:	4357 
    b3e0:	00db 
    b3e1:	71f8 	mvdk   *(0x4355),0xd3
    b3e2:	4355 
    b3e3:	00d3 
    b3e4:	10f8 	ld     *(0x3f6b),a
    b3e5:	3f6b 
    b3e6:	f4e3 	cala   a
    b3e7:	60f8 	cmpm   *(0x3f70),#0
    b3e8:	3f70 
    b3e9:	0000 
    b3ea:	f830 	bc     0xb3ff,tc
    b3eb:	b3ff 
    b3ec:	f7bb 	ssbx   st1,intm
    b3ed:	7218 	mvdm   0x3f6e,sp
    b3ee:	3f6e 
    b3ef:	76f8 	st     #2,*(0x3f70)
    b3f0:	3f70 
    b3f1:	0002 
    b3f2:	e83a 	ld     #58,a
    b3f3:	f074 	call   0xa9ea
    b3f4:	a9ea 
    b3f5:	f7bb 	ssbx   st1,intm
    b3f6:	76f8 	st     #1,*(0x3f70)
    b3f7:	3f70 
    b3f8:	0001 
    b3f9:	70f8 	mvkd   0x3f6f,*(0x3fcf)
    b3fa:	3fcf 
    b3fb:	3f6f 
    b3fc:	10f8 	ld     *(0x3fe2),a
    b3fd:	3fe2 
    b3fe:	f4e2 	bacc   a
    b3ff:	7707 	stm    #10496,st1
    b400:	2900 
    b401:	7706 	stm    #6144,st0
    b402:	1800 
    b403:	7718 	stm    #23240,sp
    b404:	5ac8 
    b405:	76f8 	st     #-23329,*(0x3f6d)
    b406:	3f6d 
    b407:	a4df 
    b408:	e839 	ld     #57,a
    b409:	f000 	add    #17287,a
    b40a:	4387 
    b40b:	8817 	stlm   a,ar7
    b40c:	f495 	nop    
    b40d:	f495 	nop    
    b40e:	1087 	ld     *ar7,a
    b40f:	f4e2 	bacc   a
    b410:	69f8 	orm    #40,*(0x1d)
    b411:	001d 
    b412:	0028 
    b413:	76f8 	st     #0,*(0xe)
    b414:	000e 
    b415:	0000 
    b416:	75f8 	portw  *(0xe),pa63744
    b417:	000e 
    b418:	f900 
    b419:	76f8 	st     #1,*(0xfff)
    b41a:	0fff 
    b41b:	0001 
    b41c:	60f8 	cmpm   *(0xfff),#4
    b41d:	0fff 
    b41e:	0004 
    b41f:	f820 	bc     0xb424,ntc
    b420:	b424 
    b421:	76f8 	st     #1,*(0xfff)
    b422:	0fff 
    b423:	0001 
    b424:	60f8 	cmpm   *(0xfff),#2
    b425:	0fff 
    b426:	0002 
    b427:	f820 	bc     0xb41c,ntc
    b428:	b41c 
    b429:	12f8 	ldu    *(0xffe),a
    b42a:	0ffe 
    b42b:	13f8 	ldu    *(0xffd),b
    b42c:	0ffd 
    b42d:	8911 	stlm   b,ar1
    b42e:	f84c 	bc     0xb431,bneq
    b42f:	b431 
    b430:	f4e2 	bacc   a
    b431:	7712 	stm    #2048,ar2
    b432:	0800 
    b433:	6d89 	mar    *ar1-
    b434:	8813 	stlm   a,ar3
    b435:	4711 	rpt    DP+0x11
    b436:	e589 	mvdd   *ar2+,*ar3+
    b437:	76f8 	st     #1,*(0xfff)
    b438:	0fff 
    b439:	0001 
    b43a:	f073 	b      0xb41c
    b43b:	b41c 
    b43c:	7711 	stm    #2048,ar1
    b43d:	0800 
    b43e:	f020 	ld     #2127,a
    b43f:	084f 
    b440:	f010 	sub    #2048,a
    b441:	0800 
    b442:	881a 	stlm   a,brc
    b443:	e800 	ld     #0,a
    b444:	f072 	rptb   0xb446
    b445:	b446 
    b446:	8091 	stl    a,*ar1+
    b447:	70f8 	mvkd   0xc33,*(0x3fd8)
    b448:	3fd8 
    b449:	0c33 
    b44a:	70f8 	mvkd   0xc34,*(0x3fd9)
    b44b:	3fd9 
    b44c:	0c34 
    b44d:	70f8 	mvkd   0xc35,*(0x3fda)
    b44e:	3fda 
    b44f:	0c35 
    b450:	70f8 	mvkd   0xc37,*(0x3fdb)
    b451:	3fdb 
    b452:	0c37 
    b453:	70f8 	mvkd   0x8de,*(0x3fdd)
    b454:	3fdd 
    b455:	08de 
    b456:	76f8 	st     #-1,*(0x3fba)
    b457:	3fba 
    b458:	ffff 
    b459:	76f8 	st     #-1,*(0x3fb9)
    b45a:	3fb9 
    b45b:	ffff 
    b45c:	76f8 	st     #16384,*(0x3fbe)
    b45d:	3fbe 
    b45e:	4000 
    b45f:	76f8 	st     #16384,*(0x3fbb)
    b460:	3fbb 
    b461:	4000 
    b462:	76f8 	st     #15872,*(0x3fbd)
    b463:	3fbd 
    b464:	3e00 
    b465:	76f8 	st     #15872,*(0x3fbc)
    b466:	3fbc 
    b467:	3e00 
    b468:	e800 	ld     #0,a
    b469:	80f8 	stl    a,*(0x3fbf)
    b46a:	3fbf 
    b46b:	80f8 	stl    a,*(0x909)
    b46c:	0909 
    b46d:	80f8 	stl    a,*(0x908)
    b46e:	0908 
    b46f:	80f8 	stl    a,*(0x3fd5)
    b470:	3fd5 
    b471:	76f8 	st     #16736,*(0x417f)
    b472:	417f 
    b473:	4160 
    b474:	76f8 	st     #15840,*(0x3dff)
    b475:	3dff 
    b476:	3de0 
    b477:	7711 	stm    #16736,ar1
    b478:	4160 
    b479:	f071 	rptz   a,#30
    b47a:	001e 
    b47b:	8091 	stl    a,*ar1+
    b47c:	7711 	stm    #15840,ar1
    b47d:	3de0 
    b47e:	f071 	rptz   a,#30
    b47f:	001e 
    b480:	8091 	stl    a,*ar1+
    b481:	80f8 	stl    a,*(0x3fd3)
    b482:	3fd3 
    b483:	80f8 	stl    a,*(0x945)
    b484:	0945 
    b485:	80f8 	stl    a,*(0x946)
    b486:	0946 
    b487:	76f8 	st     #-32620,*(0x3fc5)
    b488:	3fc5 
    b489:	8094 
    b48a:	80f8 	stl    a,*(0x3fd6)
    b48b:	3fd6 
    b48c:	80f8 	stl    a,*(0x3fd7)
    b48d:	3fd7 
    b48e:	80f8 	stl    a,*(0x3fd1)
    b48f:	3fd1 
    b490:	80f8 	stl    a,*(0x8d8)
    b491:	08d8 
    b492:	f495 	nop    
    b493:	f495 	nop    
    b494:	f495 	nop    
    b495:	f495 	nop    
    b496:	f495 	nop    
    b497:	f495 	nop    
    b498:	f495 	nop    
    b499:	f495 	nop    
    b49a:	f495 	nop    
    b49b:	f495 	nop    
    b49c:	f495 	nop    
    b49d:	76f8 	st     #-8318,*(0x3fce)
    b49e:	3fce 
    b49f:	df82 
    b4a0:	76f8 	st     #-15878,*(0x3fd4)
    b4a1:	3fd4 
    b4a2:	c1fa 
    b4a3:	76f8 	st     #-2603,*(0x5806)
    b4a4:	5806 
    b4a5:	f5d5 
    b4a6:	76f8 	st     #-2603,*(0x5807)
    b4a7:	5807 
    b4a8:	f5d5 
    b4a9:	76f8 	st     #0,*(0x906)
    b4aa:	0906 
    b4ab:	0000 
    b4ac:	76f8 	st     #0,*(0x907)
    b4ad:	0907 
    b4ae:	0000 
    b4af:	76f8 	st     #13830,*(0x8da)
    b4b0:	08da 
    b4b1:	3606 
    b4b2:	76f8 	st     #0,*(0x8db)
    b4b3:	08db 
    b4b4:	0000 
    b4b5:	fc00 	ret    
    b4b6:	7711 	stm    #17287,ar1
    b4b7:	4387 
    b4b8:	f020 	ld     #-21785,a
    b4b9:	aae7 
    b4ba:	f030 	and    #-1,a
    b4bb:	ffff 
    b4bc:	ec4d 	rpt    #77
    b4bd:	7e91 	reada  *ar1+
    b4be:	7711 	stm    #17365,ar1
    b4bf:	43d5 
    b4c0:	f020 	ld     #-21707,a
    b4c1:	ab35 
    b4c2:	f030 	and    #-1,a
    b4c3:	ffff 
    b4c4:	ec02 	rpt    #2
    b4c5:	7e91 	reada  *ar1+
    b4c6:	f074 	call   0xb4c9
    b4c7:	b4c9 
    b4c8:	fc00 	ret    
    b4c9:	f020 	ld     #-7242,a
    b4ca:	e3b6 
    b4cb:	f010 	sub    #-7391,a
    b4cc:	e321 
    b4cd:	881a 	stlm   a,brc
    b4ce:	f020 	ld     #-7391,a
    b4cf:	e321 
    b4d0:	7712 	stm    #128,ar2
    b4d1:	0080 
    b4d2:	f072 	rptb   0xb4d8
    b4d3:	b4d8 
    b4d4:	f030 	and    #-1,a
    b4d5:	ffff 
    b4d6:	7e92 	reada  *ar2+
    b4d7:	f000 	add    #1,a
    b4d8:	0001 
    b4d9:	fc00 	ret    
    b4da:	7711 	stm    #2623,ar1
    b4db:	0a3f 
    b4dc:	e800 	ld     #0,a
    b4dd:	ec05 	rpt    #5
    b4de:	8091 	stl    a,*ar1+
    b4df:	76f8 	st     #0,*(0x3fad)
    b4e0:	3fad 
    b4e1:	0000 
    b4e2:	76f8 	st     #15,*(0x3fae)
    b4e3:	3fae 
    b4e4:	000f 
    b4e5:	f980 	fcall  0x86a7
    b4e6:	86a7 
    b4e7:	76f8 	st     #0,*(0x3faa)
    b4e8:	3faa 
    b4e9:	0000 
    b4ea:	76f8 	st     #15,*(0x3fab)
    b4eb:	3fab 
    b4ec:	000f 
    b4ed:	f980 	fcall  0x86aa
    b4ee:	86aa 
    b4ef:	76f8 	st     #1,*(0x4361)
    b4f0:	4361 
    b4f1:	0001 
    b4f2:	76f8 	st     #16384,*(0x435c)
    b4f3:	435c 
    b4f4:	4000 
    b4f5:	76f8 	st     #0,*(0x8d9)
    b4f6:	08d9 
    b4f7:	0000 
    b4f8:	e800 	ld     #0,a
    b4f9:	80f8 	stl    a,*(0x3fc0)
    b4fa:	3fc0 
    b4fb:	80f8 	stl    a,*(0x3fb8)
    b4fc:	3fb8 
    b4fd:	68f8 	andm   #33,*(0x3fd3)
    b4fe:	3fd3 
    b4ff:	0021 
    b500:	80f8 	stl    a,*(0x4362)
    b501:	4362 
    b502:	80f8 	stl    a,*(0x4363)
    b503:	4363 
    b504:	80f8 	stl    a,*(0x435f)
    b505:	435f 
    b506:	80f8 	stl    a,*(0x91c)
    b507:	091c 
    b508:	80f8 	stl    a,*(0x435e)
    b509:	435e 
    b50a:	80f8 	stl    a,*(0x435d)
    b50b:	435d 
    b50c:	76f8 	st     #10240,*(0x3fc3)
    b50d:	3fc3 
    b50e:	2800 
    b50f:	76f8 	st     #10400,*(0x3fc4)
    b510:	3fc4 
    b511:	28a0 
    b512:	76f8 	st     #-16109,*(0x4353)
    b513:	4353 
    b514:	c113 
    b515:	76f8 	st     #-16100,*(0x4354)
    b516:	4354 
    b517:	c11c 
    b518:	f074 	call   0xc113
    b519:	c113 
    b51a:	f074 	call   0xc11c
    b51b:	c11c 
    b51c:	76f8 	st     #-20487,*(0x4368)
    b51d:	4368 
    b51e:	aff9 
    b51f:	f981 	fcall  0x18a30
    b520:	8a30 
    b521:	fc00 	ret    
    b522:	4a10 	pshm   ar0
    b523:	4a19 	pshm   bk
    b524:	7210 	mvdm   0x8dc,ar0
    b525:	08dc 
    b526:	f495 	nop    
    b527:	8080 	stl    a,*ar0
    b528:	10f8 	ld     *(0x8dd),a
    b529:	08dd 
    b52a:	8819 	stlm   a,bk
    b52b:	f495 	nop    
    b52c:	f495 	nop    
    b52d:	f495 	nop    
    b52e:	6dd0 	mar    *ar0+%
    b52f:	f495 	nop    
    b530:	7310 	mvmd   ar0,0x8dc
    b531:	08dc 
    b532:	8a19 	popm   bk
    b533:	8a10 	popm   ar0
    b534:	fc00 	ret    
    b535:	4a06 	pshm   st0
    b536:	4a10 	pshm   ar0
    b537:	61f8 	bitf   *(0x3fb0),#2
    b538:	3fb0 
    b539:	0002 
    b53a:	fa20 	bcd    0xb55a,ntc
    b53b:	b55a 
    b53c:	4a11 	pshm   ar1
    b53d:	4a19 	pshm   bk
    b53e:	7210 	mvdm   0x8dc,ar0
    b53f:	08dc 
    b540:	10f8 	ld     *(0x8dd),a
    b541:	08dd 
    b542:	8819 	stlm   a,bk
    b543:	7211 	mvdm   0x3fc1,ar1
    b544:	3fc1 
    b545:	10e1 	ld     *ar1(0x6),a
    b546:	0006 
    b547:	80d0 	stl    a,*ar0+%
    b548:	10e1 	ld     *ar1(0x8),a
    b549:	0008 
    b54a:	80d0 	stl    a,*ar0+%
    b54b:	10e1 	ld     *ar1(0x9),a
    b54c:	0009 
    b54d:	80d0 	stl    a,*ar0+%
    b54e:	10e1 	ld     *ar1(0x0),a
    b54f:	0000 
    b550:	80d0 	stl    a,*ar0+%
    b551:	10e1 	ld     *ar1(0x1),a
    b552:	0001 
    b553:	80d0 	stl    a,*ar0+%
    b554:	10e1 	ld     *ar1(0x4),a
    b555:	0004 
    b556:	80d0 	stl    a,*ar0+%
    b557:	f495 	nop    
    b558:	7310 	mvmd   ar0,0x8dc
    b559:	08dc 
    b55a:	8a19 	popm   bk
    b55b:	8a11 	popm   ar1
    b55c:	8a10 	popm   ar0
    b55d:	8a06 	popm   st0
    b55e:	fc00 	ret    
    b55f:	61f8 	bitf   *(0x3fc0),#1
    b560:	3fc0 
    b561:	0001 
    b562:	f830 	bc     0xb593,tc
    b563:	b593 
    b564:	7701 	stm    #2,ifr
    b565:	0002 
    b566:	69f8 	orm    #2,*(0x0)
    b567:	0000 
    b568:	0002 
    b569:	69f8 	orm    #16,*(0x3fd3)
    b56a:	3fd3 
    b56b:	0010 
    b56c:	10f8 	ld     *(0x8d6),a
    b56d:	08d6 
    b56e:	f030 	and    #-3,a
    b56f:	fffd 
    b570:	80f8 	stl    a,*(0x3fd2)
    b571:	3fd2 
    b572:	75f8 	portw  *(0x3fd2),pa2
    b573:	3fd2 
    b574:	0002 
    b575:	f040 	or     #2,a
    b576:	0002 
    b577:	80f8 	stl    a,*(0x3fd2)
    b578:	3fd2 
    b579:	75f8 	portw  *(0x3fd2),pa2
    b57a:	3fd2 
    b57b:	0002 
    b57c:	7312 	mvmd   ar2,0x3fb7
    b57d:	3fb7 
    b57e:	7715 	stm    #16328,ar5
    b57f:	3fc8 
    b580:	61f8 	bitf   *(0x3fc0),#2
    b581:	3fc0 
    b582:	0002 
    b583:	f820 	bc     0xb593,ntc
    b584:	b593 
    b585:	61f8 	bitf   *(0x8d8),#1
    b586:	08d8 
    b587:	0001 
    b588:	f830 	bc     0xb58e,tc
    b589:	b58e 
    b58a:	6185 	bitf   *ar5,#16
    b58b:	0010 
    b58c:	f820 	bc     0xb593,ntc
    b58d:	b593 
    b58e:	69f8 	orm    #1,*(0x3fc0)
    b58f:	3fc0 
    b590:	0001 
    b591:	f073 	b      0xb5a0
    b592:	b5a0 
    b593:	f020 	ld     #15547,a
    b594:	3cbb 
    b595:	80f8 	stl    a,*(0x3fb6)
    b596:	3fb6 
    b597:	74f8 	portr  pa3,*(0x3fd2)
    b598:	3fd2 
    b599:	0003 
    b59a:	68f8 	andm   #-1025,*(0x3fd2)
    b59b:	3fd2 
    b59c:	fbff 
    b59d:	75f8 	portw  *(0x3fd2),pa3
    b59e:	3fd2 
    b59f:	0003 
    b5a0:	fc00 	ret    
    b5a1:	7213 	mvdm   0x3fc1,ar3
    b5a2:	3fc1 
    b5a3:	f6b8 	rsbx   st1,sxm
    b5a4:	f495 	nop    
    b5a5:	10e3 	ld     *ar3(0xb),a
    b5a6:	000b 
    b5a7:	80f8 	stl    a,*(0x3fc8)
    b5a8:	3fc8 
    b5a9:	10e3 	ld     *ar3(0xe),a
    b5aa:	000e 
    b5ab:	80f8 	stl    a,*(0x3fc9)
    b5ac:	3fc9 
    b5ad:	10e3 	ld     *ar3(0xf),a
    b5ae:	000f 
    b5af:	80f8 	stl    a,*(0x3fcc)
    b5b0:	3fcc 
    b5b1:	7713 	stm    #2498,ar3
    b5b2:	09c2 
    b5b3:	7313 	mvmd   ar3,0x3fcb
    b5b4:	3fcb 
    b5b5:	76f8 	st     #0,*(0x3fca)
    b5b6:	3fca 
    b5b7:	0000 
    b5b8:	7712 	stm    #15547,ar2
    b5b9:	3cbb 
    b5ba:	61f8 	bitf   *(0x8ed),#1
    b5bb:	08ed 
    b5bc:	0001 
    b5bd:	f930 	cc     0xb646,tc
    b5be:	b646 
    b5bf:	61f8 	bitf   *(0x8f1),#1
    b5c0:	08f1 
    b5c1:	0001 
    b5c2:	f930 	cc     0xb67e,tc
    b5c3:	b67e 
    b5c4:	61f8 	bitf   *(0x8ee),#1
    b5c5:	08ee 
    b5c6:	0001 
    b5c7:	f930 	cc     0xb650,tc
    b5c8:	b650 
    b5c9:	61f8 	bitf   *(0x8ef),#1
    b5ca:	08ef 
    b5cb:	0001 
    b5cc:	f930 	cc     0xb65a,tc
    b5cd:	b65a 
    b5ce:	61f8 	bitf   *(0x8f7),#1
    b5cf:	08f7 
    b5d0:	0001 
    b5d1:	f930 	cc     0xb674,tc
    b5d2:	b674 
    b5d3:	61f8 	bitf   *(0x8f2),#1
    b5d4:	08f2 
    b5d5:	0001 
    b5d6:	f930 	cc     0xb684,tc
    b5d7:	b684 
    b5d8:	61f8 	bitf   *(0x8f3),#1
    b5d9:	08f3 
    b5da:	0001 
    b5db:	f930 	cc     0xb68e,tc
    b5dc:	b68e 
    b5dd:	61f8 	bitf   *(0x8f5),#1
    b5de:	08f5 
    b5df:	0001 
    b5e0:	f930 	cc     0xb6a2,tc
    b5e1:	b6a2 
    b5e2:	61f8 	bitf   *(0x8f6),#1
    b5e3:	08f6 
    b5e4:	0001 
    b5e5:	f930 	cc     0xb6a8,tc
    b5e6:	b6a8 
    b5e7:	10f8 	ld     *(0x3f66),a
    b5e8:	3f66 
    b5e9:	f4e3 	cala   a
    b5ea:	10f8 	ld     *(0x3f67),a
    b5eb:	3f67 
    b5ec:	f4e2 	bacc   a
    b5ed:	61f8 	bitf   *(0x8f4),#1
    b5ee:	08f4 
    b5ef:	0001 
    b5f0:	f930 	cc     0xb698,tc
    b5f1:	b698 
    b5f2:	61f8 	bitf   *(0x3fb8),#8
    b5f3:	3fb8 
    b5f4:	0008 
    b5f5:	f930 	cc     0xb6f0,tc
    b5f6:	b6f0 
    b5f7:	61f8 	bitf   *(0x3fb8),#-32768
    b5f8:	3fb8 
    b5f9:	8000 
    b5fa:	f930 	cc     0xb6c4,tc
    b5fb:	b6c4 
    b5fc:	61f8 	bitf   *(0x3fb8),#4
    b5fd:	3fb8 
    b5fe:	0004 
    b5ff:	f930 	cc     0xb6e0,tc
    b600:	b6e0 
    b601:	61f8 	bitf   *(0x3fb8),#8192
    b602:	3fb8 
    b603:	2000 
    b604:	f930 	cc     0xb6be,tc
    b605:	b6be 
    b606:	61f8 	bitf   *(0x3fb8),#2
    b607:	3fb8 
    b608:	0002 
    b609:	f930 	cc     0xb6da,tc
    b60a:	b6da 
    b60b:	61f8 	bitf   *(0x3fb8),#16384
    b60c:	3fb8 
    b60d:	4000 
    b60e:	f930 	cc     0xb6b8,tc
    b60f:	b6b8 
    b610:	61f8 	bitf   *(0x3fb8),#1
    b611:	3fb8 
    b612:	0001 
    b613:	f930 	cc     0xb6ca,tc
    b614:	b6ca 
    b615:	61f8 	bitf   *(0x3fb8),#4096
    b616:	3fb8 
    b617:	1000 
    b618:	f930 	cc     0xb6b2,tc
    b619:	b6b2 
    b61a:	61f8 	bitf   *(0x3fb0),#2
    b61b:	3fb0 
    b61c:	0002 
    b61d:	f820 	bc     0xb62b,ntc
    b61e:	b62b 
    b61f:	7715 	stm    #16328,ar5
    b620:	3fc8 
    b621:	f6b8 	rsbx   st1,sxm
    b622:	963f 	bit    *ar5,15
    b623:	f930 	cc     0xb63d,tc
    b624:	b63d 
    b625:	963c 	bit    *ar5,12
    b626:	f930 	cc     0xb660,tc
    b627:	b660 
    b628:	963b 	bit    *ar5,11
    b629:	f930 	cc     0xb663,tc
    b62a:	b663 
    b62b:	fc00 	ret    
    b62c:	61f8 	bitf   *(0x3fb1),#2
    b62d:	3fb1 
    b62e:	0002 
    b62f:	f830 	bc     0xb6fd,tc
    b630:	b6fd 
    b631:	61f8 	bitf   *(0x3fb1),#1
    b632:	3fb1 
    b633:	0001 
    b634:	f830 	bc     0xb70f,tc
    b635:	b70f 
    b636:	61f8 	bitf   *(0x3fb1),#4
    b637:	3fb1 
    b638:	0004 
    b639:	f830 	bc     0xb734,tc
    b63a:	b734 
    b63b:	f073 	b      0xb73d
    b63c:	b73d 
    b63d:	7213 	mvdm   0x3fcb,ar3
    b63e:	3fcb 
    b63f:	7692 	st     #4106,*ar2+
    b640:	100a 
    b641:	ec0d 	rpt    #13
    b642:	e598 	mvdd   *ar3+,*ar2+
    b643:	fe00 	retd   
    b644:	e598 	mvdd   *ar3+,*ar2+
    b645:	e598 	mvdd   *ar3+,*ar2+
    b646:	68f8 	andm   #-2,*(0x8ed)
    b647:	08ed 
    b648:	fffe 
    b649:	7692 	st     #514,*ar2+
    b64a:	0202 
    b64b:	7092 	mvkd   0x8ed,*ar2+
    b64c:	08ed 
    b64d:	7692 	st     #258,*ar2+
    b64e:	0102 
    b64f:	fc00 	ret    
    b650:	68f8 	andm   #-2,*(0x8ee)
    b651:	08ee 
    b652:	fffe 
    b653:	7692 	st     #514,*ar2+
    b654:	0202 
    b655:	7092 	mvkd   0x8ee,*ar2+
    b656:	08ee 
    b657:	7692 	st     #258,*ar2+
    b658:	0102 
    b659:	fc00 	ret    
    b65a:	68f8 	andm   #-2,*(0x8ef)
    b65b:	08ef 
    b65c:	fffe 
    b65d:	7092 	mvkd   0x8ef,*ar2+
    b65e:	08ef 
    b65f:	fc00 	ret    
    b660:	7092 	mvkd   0x8f0,*ar2+
    b661:	08f0 
    b662:	fc00 	ret    
    b663:	7713 	stm    #16332,ar3
    b664:	3fcc 
    b665:	1083 	ld     *ar3,a
    b666:	f030 	and    #7168,a
    b667:	1c00 
    b668:	f47c 	sfta   a,-4
    b669:	f000 	add    #16,a
    b66a:	0010 
    b66b:	8092 	stl    a,*ar2+
    b66c:	1083 	ld     *ar3,a
    b66d:	f030 	and    #1023,a
    b66e:	03ff 
    b66f:	f466 	sfta   a,6
    b670:	f000 	add    #14,a
    b671:	000e 
    b672:	8092 	stl    a,*ar2+
    b673:	fc00 	ret    
    b674:	68f8 	andm   #-2,*(0x8f7)
    b675:	08f7 
    b676:	fffe 
    b677:	7692 	st     #514,*ar2+
    b678:	0202 
    b679:	7092 	mvkd   0x8f7,*ar2+
    b67a:	08f7 
    b67b:	7692 	st     #258,*ar2+
    b67c:	0102 
    b67d:	fc00 	ret    
    b67e:	68f8 	andm   #-2,*(0x8f1)
    b67f:	08f1 
    b680:	fffe 
    b681:	7092 	mvkd   0x8f1,*ar2+
    b682:	08f1 
    b683:	fc00 	ret    
    b684:	68f8 	andm   #-2,*(0x8f2)
    b685:	08f2 
    b686:	fffe 
    b687:	7692 	st     #514,*ar2+
    b688:	0202 
    b689:	7092 	mvkd   0x8f2,*ar2+
    b68a:	08f2 
    b68b:	7692 	st     #258,*ar2+
    b68c:	0102 
    b68d:	fc00 	ret    
    b68e:	68f8 	andm   #-2,*(0x8f3)
    b68f:	08f3 
    b690:	fffe 
    b691:	7692 	st     #514,*ar2+
    b692:	0202 
    b693:	7092 	mvkd   0x8f3,*ar2+
    b694:	08f3 
    b695:	7692 	st     #258,*ar2+
    b696:	0102 
    b697:	fc00 	ret    
    b698:	10f8 	ld     *(0x8f4),a
    b699:	08f4 
    b69a:	f030 	and    #6145,a
    b69b:	1801 
    b69c:	80f8 	stl    a,*(0x3fd1)
    b69d:	3fd1 
    b69e:	68f8 	andm   #-2,*(0x8f4)
    b69f:	08f4 
    b6a0:	fffe 
    b6a1:	fc00 	ret    
    b6a2:	68f8 	andm   #-2,*(0x8f5)
    b6a3:	08f5 
    b6a4:	fffe 
    b6a5:	7092 	mvkd   0x8f5,*ar2+
    b6a6:	08f5 
    b6a7:	fc00 	ret    
    b6a8:	68f8 	andm   #-2,*(0x8f6)
    b6a9:	08f6 
    b6aa:	fffe 
    b6ab:	7692 	st     #514,*ar2+
    b6ac:	0202 
    b6ad:	7092 	mvkd   0x8f6,*ar2+
    b6ae:	08f6 
    b6af:	7692 	st     #258,*ar2+
    b6b0:	0102 
    b6b1:	fc00 	ret    
    b6b2:	7692 	st     #520,*ar2+
    b6b3:	0208 
    b6b4:	68f8 	andm   #-4097,*(0x3fb8)
    b6b5:	3fb8 
    b6b6:	efff 
    b6b7:	fc00 	ret    
    b6b8:	7692 	st     #264,*ar2+
    b6b9:	0108 
    b6ba:	68f8 	andm   #-16386,*(0x3fb8)
    b6bb:	3fb8 
    b6bc:	bffe 
    b6bd:	fc00 	ret    
    b6be:	7692 	st     #136,*ar2+
    b6bf:	0088 
    b6c0:	68f8 	andm   #-8193,*(0x3fb8)
    b6c1:	3fb8 
    b6c2:	dfff 
    b6c3:	fc00 	ret    
    b6c4:	7692 	st     #72,*ar2+
    b6c5:	0048 
    b6c6:	68f8 	andm   #32763,*(0x3fb8)
    b6c7:	3fb8 
    b6c8:	7ffb 
    b6c9:	fc00 	ret    
    b6ca:	7692 	st     #514,*ar2+
    b6cb:	0202 
    b6cc:	10f8 	ld     *(0x8f6),a
    b6cd:	08f6 
    b6ce:	f030 	and    #-193,a
    b6cf:	ff3f 
    b6d0:	8092 	stl    a,*ar2+
    b6d1:	7692 	st     #258,*ar2+
    b6d2:	0102 
    b6d3:	68f8 	andm   #-2,*(0x3fb8)
    b6d4:	3fb8 
    b6d5:	fffe 
    b6d6:	69f8 	orm    #2,*(0x3fb8)
    b6d7:	3fb8 
    b6d8:	0002 
    b6d9:	fc00 	ret    
    b6da:	f074 	call   0xb6a8
    b6db:	b6a8 
    b6dc:	68f8 	andm   #-3,*(0x3fb8)
    b6dd:	3fb8 
    b6de:	fffd 
    b6df:	fc00 	ret    
    b6e0:	7692 	st     #514,*ar2+
    b6e1:	0202 
    b6e2:	10f8 	ld     *(0x8ee),a
    b6e3:	08ee 
    b6e4:	f040 	or     #-32768,a
    b6e5:	8000 
    b6e6:	8092 	stl    a,*ar2+
    b6e7:	7692 	st     #258,*ar2+
    b6e8:	0102 
    b6e9:	68f8 	andm   #-5,*(0x3fb8)
    b6ea:	3fb8 
    b6eb:	fffb 
    b6ec:	69f8 	orm    #8,*(0x3fb8)
    b6ed:	3fb8 
    b6ee:	0008 
    b6ef:	fc00 	ret    
    b6f0:	7692 	st     #514,*ar2+
    b6f1:	0202 
    b6f2:	10f8 	ld     *(0x8ee),a
    b6f3:	08ee 
    b6f4:	f495 	nop    
    b6f5:	f495 	nop    
    b6f6:	8092 	stl    a,*ar2+
    b6f7:	7692 	st     #258,*ar2+
    b6f8:	0102 
    b6f9:	68f8 	andm   #-9,*(0x3fb8)
    b6fa:	3fb8 
    b6fb:	fff7 
    b6fc:	fc00 	ret    
    b6fd:	7692 	st     #7178,*ar2+
    b6fe:	1c0a 
    b6ff:	7713 	stm    #16329,ar3
    b700:	3fc9 
    b701:	e827 	ld     #39,a
    b702:	f274 	calld  0xa9ea
    b703:	a9ea 
    b704:	f495 	nop    
    b705:	e518 	mvdd   *ar3,*ar2+
    b706:	61f8 	bitf   *(0x3f92),#16384
    b707:	3f92 
    b708:	4000 
    b709:	f820 	bc     0xb73d,ntc
    b70a:	b73d 
    b70b:	f074 	call   0xb773
    b70c:	b773 
    b70d:	f073 	b      0xb73d
    b70e:	b73d 
    b70f:	7692 	st     #7178,*ar2+
    b710:	1c0a 
    b711:	10f8 	ld     *(0x3f91),a
    b712:	3f91 
    b713:	f030 	and    #255,a
    b714:	00ff 
    b715:	7211 	mvdm   0x3fc2,ar1
    b716:	3fc2 
    b717:	f844 	bc     0xb71c,aneq
    b718:	b71c 
    b719:	76e1 	st     #15,*ar1(0x2)
    b71a:	0002 
    b71b:	000f 
    b71c:	fa45 	bcd    0xb73d,aeq
    b71d:	b73d 
    b71e:	7692 	st     #18,*ar2+
    b71f:	0012 
    b720:	7713 	stm    #16329,ar3
    b721:	3fc9 
    b722:	6d8a 	mar    *ar2-
    b723:	e828 	ld     #40,a
    b724:	f274 	calld  0xa9ea
    b725:	a9ea 
    b726:	f495 	nop    
    b727:	e518 	mvdd   *ar3,*ar2+
    b728:	61f8 	bitf   *(0x3f92),#16384
    b729:	3f92 
    b72a:	4000 
    b72b:	6bf8 	addm   #1,*(0x3fca)
    b72c:	3fca 
    b72d:	0001 
    b72e:	f820 	bc     0xb73d,ntc
    b72f:	b73d 
    b730:	f074 	call   0xb773
    b731:	b773 
    b732:	f073 	b      0xb73d
    b733:	b73d 
    b734:	7692 	st     #7178,*ar2+
    b735:	1c0a 
    b736:	7692 	st     #18,*ar2+
    b737:	0012 
    b738:	6bf8 	addm   #1,*(0x3fca)
    b739:	3fca 
    b73a:	0001 
    b73b:	f073 	b      0xb73d
    b73c:	b73d 
    b73d:	4812 	ldm    ar2,a
    b73e:	f010 	sub    #15547,a
    b73f:	3cbb 
    b740:	f845 	bc     0xb749,aeq
    b741:	b749 
    b742:	e821 	ld     #33,a
    b743:	11f8 	ld     *(0x3f64),b
    b744:	3f64 
    b745:	f5e3 	cala   b
    b746:	10f8 	ld     *(0x3f68),a
    b747:	3f68 
    b748:	f4e3 	cala   a
    b749:	fe00 	retd   
    b74a:	f7b8 	ssbx   st1,sxm
    b74b:	f495 	nop    
    b74c:	7211 	mvdm   0x3fc1,ar1
    b74d:	3fc1 
    b74e:	f495 	nop    
    b74f:	10e1 	ld     *ar1(0x0),a
    b750:	0000 
    b751:	f130 	and    #-32768,a,b
    b752:	8000 
    b753:	f84d 	bc     0xb759,beq
    b754:	b759 
    b755:	f020 	ld     #-19801,a
    b756:	b2a7 
    b757:	f073 	b      0xb75b
    b758:	b75b 
    b759:	f020 	ld     #-19798,a
    b75a:	b2aa 
    b75b:	f074 	call   0xaa6c
    b75c:	aa6c 
    b75d:	fc00 	ret    
    b75e:	76f8 	st     #-3980,*(0x158)
    b75f:	0158 
    b760:	f074 
    b761:	76f8 	st     #29322,*(0x159)
    b762:	0159 
    b763:	728a 
    b764:	fc00 	ret    
    b765:	76f8 	st     #-3980,*(0x158)
    b766:	0158 
    b767:	f074 
    b768:	76f8 	st     #29363,*(0x159)
    b769:	0159 
    b76a:	72b3 
    b76b:	fc00 	ret    
    b76c:	76f8 	st     #-3980,*(0x158)
    b76d:	0158 
    b76e:	f074 
    b76f:	76f8 	st     #29346,*(0x159)
    b770:	0159 
    b771:	72a2 
    b772:	fc00 	ret    
    b773:	6dea 	mar    *+ar2(0xfff0)
    b774:	fff0 
    b775:	771a 	stm    #15,brc
    b776:	000f 
    b777:	f072 	rptb   0xb77a
    b778:	b77a 
    b779:	6a92 	xorm   #43648,*ar2+
    b77a:	aa80 
    b77b:	fc00 	ret    
    b77c:	f980 	fcall  0x859c
    b77d:	859c 
    b77e:	fc00 	ret    
    b77f:	f980 	fcall  0x859f
    b780:	859f 
    b781:	fc00 	ret    
    b782:	f020 	ld     #-20180,a
    b783:	b12c 
    b784:	f074 	call   0xaac3
    b785:	aac3 
    b786:	f074 	call   0xb74c
    b787:	b74c 
    b788:	7211 	mvdm   0x3fc1,ar1
    b789:	3fc1 
    b78a:	f495 	nop    
    b78b:	60e1 	cmpm   *ar1(0x1),#0
    b78c:	0001 
    b78d:	0000 
    b78e:	f830 	bc     0xb7a0,tc
    b78f:	b7a0 
    b790:	60e1 	cmpm   *ar1(0x1),#1
    b791:	0001 
    b792:	0001 
    b793:	f830 	bc     0xb7a5,tc
    b794:	b7a5 
    b795:	60e1 	cmpm   *ar1(0x1),#2
    b796:	0001 
    b797:	0002 
    b798:	f830 	bc     0xb7a5,tc
    b799:	b7a5 
    b79a:	60e1 	cmpm   *ar1(0x1),#3
    b79b:	0001 
    b79c:	0003 
    b79d:	f830 	bc     0xb7aa,tc
    b79e:	b7aa 
    b79f:	fc00 	ret    
    b7a0:	f020 	ld     #-17482,a
    b7a1:	bbb6 
    b7a2:	f074 	call   0xaa9f
    b7a3:	aa9f 
    b7a4:	fc00 	ret    
    b7a5:	f020 	ld     #-17453,a
    b7a6:	bbd3 
    b7a7:	f074 	call   0xaa9f
    b7a8:	aa9f 
    b7a9:	fc00 	ret    
    b7aa:	f020 	ld     #-17424,a
    b7ab:	bbf0 
    b7ac:	f074 	call   0xaa9f
    b7ad:	aa9f 
    b7ae:	fc00 	ret    
    b7af:	ea86 	ld     #134,dp
    b7b0:	7211 	mvdm   0x3fc1,ar1
    b7b1:	3fc1 
    b7b2:	7659 	st     #26,DP+0x59
    b7b3:	001a 
    b7b4:	10e1 	ld     *ar1(0x8),a
    b7b5:	0008 
    b7b6:	f0e0 	sftl   a,0
    b7b7:	f030 	and    #127,a
    b7b8:	007f 
    b7b9:	ec0f 	rpt    #15
    b7ba:	1e59 	subc   DP+0x59,a
    b7bb:	f030 	and    #3,a
    b7bc:	0003 
    b7bd:	80e1 	stl    a,*ar1(0x1)
    b7be:	0001 
    b7bf:	80e1 	stl    a,*ar1(0x3)
    b7c0:	0003 
    b7c1:	f074 	call   0xb8e9
    b7c2:	b8e9 
    b7c3:	e83e 	ld     #62,a
    b7c4:	f074 	call   0xa9ea
    b7c5:	a9ea 
    b7c6:	f074 	call   0xb95b
    b7c7:	b95b 
    b7c8:	f074 	call   0xb937
    b7c9:	b937 
    b7ca:	f074 	call   0xb782
    b7cb:	b782 
    b7cc:	fc00 	ret    
    b7cd:	7212 	mvdm   0x3fc1,ar2
    b7ce:	3fc1 
    b7cf:	e800 	ld     #0,a
    b7d0:	80f8 	stl    a,*(0x3fad)
    b7d1:	3fad 
    b7d2:	68f8 	andm   #3072,*(0x3fae)
    b7d3:	3fae 
    b7d4:	0c00 
    b7d5:	80f8 	stl    a,*(0x3faf)
    b7d6:	3faf 
    b7d7:	80f8 	stl    a,*(0x3faa)
    b7d8:	3faa 
    b7d9:	80f8 	stl    a,*(0x3fab)
    b7da:	3fab 
    b7db:	80f8 	stl    a,*(0x3fac)
    b7dc:	3fac 
    b7dd:	80f8 	stl    a,*(0x4361)
    b7de:	4361 
    b7df:	76f8 	st     #1,*(0x435f)
    b7e0:	435f 
    b7e1:	0001 
    b7e2:	10e2 	ld     *ar2(0x9),a
    b7e3:	0009 
    b7e4:	f0e0 	sftl   a,0
    b7e5:	f030 	and    #15,a
    b7e6:	000f 
    b7e7:	80f8 	stl    a,*(0x4356)
    b7e8:	4356 
    b7e9:	60f8 	cmpm   *(0x4356),#0
    b7ea:	4356 
    b7eb:	0000 
    b7ec:	f820 	bc     0xb7f7,ntc
    b7ed:	b7f7 
    b7ee:	76f8 	st     #1,*(0x4361)
    b7ef:	4361 
    b7f0:	0001 
    b7f1:	76f8 	st     #2,*(0x4356)
    b7f2:	4356 
    b7f3:	0002 
    b7f4:	69e2 	orm    #2,*ar2(0x9)
    b7f5:	0009 
    b7f6:	0002 
    b7f7:	f495 	nop    
    b7f8:	f495 	nop    
    b7f9:	f495 	nop    
    b7fa:	f495 	nop    
    b7fb:	f495 	nop    
    b7fc:	f495 	nop    
    b7fd:	f495 	nop    
    b7fe:	f495 	nop    
    b7ff:	f495 	nop    
    b800:	f495 	nop    
    b801:	f495 	nop    
    b802:	f495 	nop    
    b803:	f495 	nop    
    b804:	f495 	nop    
    b805:	f495 	nop    
    b806:	f495 	nop    
    b807:	f495 	nop    
    b808:	f495 	nop    
    b809:	f495 	nop    
    b80a:	f495 	nop    
    b80b:	f495 	nop    
    b80c:	60f8 	cmpm   *(0x4356),#10
    b80d:	4356 
    b80e:	000a 
    b80f:	f820 	bc     0xb813,ntc
    b810:	b813 
    b811:	f073 	b      0xb818
    b812:	b818 
    b813:	60f8 	cmpm   *(0x4356),#2
    b814:	4356 
    b815:	0002 
    b816:	f820 	bc     0xb81e,ntc
    b817:	b81e 
    b818:	76f8 	st     #2,*(0x3faf)
    b819:	3faf 
    b81a:	0002 
    b81b:	76f8 	st     #2,*(0x3fac)
    b81c:	3fac 
    b81d:	0002 
    b81e:	61e2 	bitf   *ar2(0x9),#-32768
    b81f:	0009 
    b820:	8000 
    b821:	68f8 	andm   #-17,*(0x3fbf)
    b822:	3fbf 
    b823:	ffef 
    b824:	f820 	bc     0xb82f,ntc
    b825:	b82f 
    b826:	69f8 	orm    #16,*(0x3fbf)
    b827:	3fbf 
    b828:	0010 
    b829:	69f8 	orm    #256,*(0x3fab)
    b82a:	3fab 
    b82b:	0100 
    b82c:	69f8 	orm    #256,*(0x3fae)
    b82d:	3fae 
    b82e:	0100 
    b82f:	10e2 	ld     *ar2(0x9),a
    b830:	0009 
    b831:	f0f4 	sftl   a,-12
    b832:	f030 	and    #7,a
    b833:	0007 
    b834:	f010 	sub    #3,a
    b835:	0003 
    b836:	f844 	bc     0xb83e,aneq
    b837:	b83e 
    b838:	69f8 	orm    #-32768,*(0x3faa)
    b839:	3faa 
    b83a:	8000 
    b83b:	69f8 	orm    #-32768,*(0x3fad)
    b83c:	3fad 
    b83d:	8000 
    b83e:	f020 	ld     #768,a
    b83f:	0300 
    b840:	18e2 	and    *ar2(0x9),a
    b841:	0009 
    b842:	f845 	bc     0xb85e,aeq
    b843:	b85e 
    b844:	f074 	call   0xad11
    b845:	ad11 
    b846:	f074 	call   0xb8c1
    b847:	b8c1 
    b848:	76f8 	st     #0,*(0x3fba)
    b849:	3fba 
    b84a:	0000 
    b84b:	76f8 	st     #0,*(0x3fb9)
    b84c:	3fb9 
    b84d:	0000 
    b84e:	10f8 	ld     *(0x4356),a
    b84f:	4356 
    b850:	f010 	sub    #2,a
    b851:	0002 
    b852:	f845 	bc     0xb85e,aeq
    b853:	b85e 
    b854:	10f8 	ld     *(0x909),a
    b855:	0909 
    b856:	f844 	bc     0xb85e,aneq
    b857:	b85e 
    b858:	69f8 	orm    #16384,*(0x3fb8)
    b859:	3fb8 
    b85a:	4000 
    b85b:	69f8 	orm    #-32768,*(0x3fb8)
    b85c:	3fb8 
    b85d:	8000 
    b85e:	60f8 	cmpm   *(0x3fb9),#2
    b85f:	3fb9 
    b860:	0002 
    b861:	f830 	bc     0xb870,tc
    b862:	b870 
    b863:	61e2 	bitf   *ar2(0x9),#-32768
    b864:	0009 
    b865:	8000 
    b866:	f820 	bc     0xb86d,ntc
    b867:	b86d 
    b868:	69f8 	orm    #-32768,*(0x96e)
    b869:	096e 
    b86a:	8000 
    b86b:	f073 	b      0xb870
    b86c:	b870 
    b86d:	69f8 	orm    #-32768,*(0xa24)
    b86e:	0a24 
    b86f:	8000 
    b870:	60f8 	cmpm   *(0x3fba),#0
    b871:	3fba 
    b872:	0000 
    b873:	f820 	bc     0xb885,ntc
    b874:	b885 
    b875:	60f8 	cmpm   *(0x3faf),#2
    b876:	3faf 
    b877:	0002 
    b878:	f820 	bc     0xb87d,ntc
    b879:	b87d 
    b87a:	69f8 	orm    #4,*(0x3fae)
    b87b:	3fae 
    b87c:	0004 
    b87d:	60f8 	cmpm   *(0x3faf),#1
    b87e:	3faf 
    b87f:	0001 
    b880:	f820 	bc     0xb885,ntc
    b881:	b885 
    b882:	69f8 	orm    #8,*(0x3fae)
    b883:	3fae 
    b884:	0008 
    b885:	fc00 	ret    
    b886:	03e5 	adds   *ar5(0xeb7e),b
    b887:	eb7e 
    b888:	43f5 	sub    *+ar5(0x5386)%,16,b
    b889:	5386 
    b88a:	b9ea 	mas    *ar4+0%,*ar4+,a,b
    b88b:	9d9f 	srccd  *ar3+,bleq
    b88c:	aa25 	ld     *ar4,a || macr   *ar3-,b
    b88d:	000c 	add    DP+0x0c,a
    b88e:	893b 	stlm   b,bkr0
    b88f:	5d18 	dsubt  DP+0x18,b
    b890:	2b9b 	macr   *+ar3,b
    b891:	9037 	add    *ar5,7,a
    b892:	228b 	mpyr   *ar3-,a
    b893:	e6d4 	st     b,*ar2- || ld     *ar3+0%,t
    b894:	34d7 	bitt   *ar7+%
    b895:	c00c 	st     a,*ar2+0% || add    *ar2,a
    b896:	03e5 	adds   *ar5(0xeb7e),b
    b897:	eb7e 
    b898:	43f5 	sub    *+ar5(0x5386)%,16,b
    b899:	5386 
    b89a:	b9ea 	mas    *ar4+0%,*ar4+,a,b
    b89b:	9d9f 	srccd  *ar3+,bleq
    b89c:	aa25 	ld     *ar4,a || macr   *ar3-,b
    b89d:	0008 	add    DP+0x08,a
    b89e:	893b 	stlm   b,bkr0
    b89f:	5d18 	dsubt  DP+0x18,b
    b8a0:	2b9b 	macr   *+ar3,b
    b8a1:	9037 	add    *ar5,7,a
    b8a2:	228b 	mpyr   *ar3-,a
    b8a3:	e6d4 	st     b,*ar2- || ld     *ar3+0%,t
    b8a4:	34d7 	bitt   *ar7+%
    b8a5:	4008 	sub    DP+0x08,16,a
    b8a6:	03e5 	adds   *ar5(0xeb7e),b
    b8a7:	eb7e 
    b8a8:	43f5 	sub    *+ar5(0x5386)%,16,b
    b8a9:	5386 
    b8aa:	b9ea 	mas    *ar4+0%,*ar4+,a,b
    b8ab:	9d9f 	srccd  *ar3+,bleq
    b8ac:	aa25 	ld     *ar4,a || macr   *ar3-,b
    b8ad:	0000 	add    DP+0x00,a
    b8ae:	893b 	stlm   b,bkr0
    b8af:	5d18 	dsubt  DP+0x18,b
    b8b0:	2b9b 	macr   *+ar3,b
    b8b1:	9037 	add    *ar5,7,a
    b8b2:	228b 	mpyr   *ar3-,a
    b8b3:	e6d4 	st     b,*ar2- || ld     *ar3+0%,t
    b8b4:	34d7 	bitt   *ar7+%
    b8b5:	0000 	add    DP+0x00,a
    b8b6:	c000 	st     a,*ar2 || add    *ar2,a
    b8b7:	2e28 	masr   DP+0x28,a
    b8b8:	0000 	add    DP+0x00,a
    b8b9:	5ddd 	dsubt  *ar5+0%,b
    b8ba:	3ce7 	add    *ar7(0xdc7d),16,a
    b8bb:	dc7d 
    b8bc:	a9ff 	ld     *ar5+0%,b || mac    *ar5+0%,a
    b8bd:	ea96 	ld     #150,dp
    b8be:	fa88 	fbd    0x81652
    b8bf:	1652 
    b8c0:	e000 	firs   *ar2,*ar2,0x10f8
    b8c1:	10f8 
    b8c2:	435a 	sub    DP+0x5a,16,b
    b8c3:	f0ff 	sftl   a,-1
    b8c4:	f0e3 	sftl   a,3
    b8c5:	61f8 	bitf   *(0x3fab),#256
    b8c6:	3fab 
    b8c7:	0100 
    b8c8:	f830 	bc     0xb8d7,tc
    b8c9:	b8d7 
    b8ca:	f000 	add    #19456,a
    b8cb:	4c00 
    b8cc:	80f8 	stl    a,*(0x3d97)
    b8cd:	3d97 
    b8ce:	76f8 	st     #0,*(0x3d98)
    b8cf:	3d98 
    b8d0:	0000 
    b8d1:	7710 	stm    #19456,ar0
    b8d2:	4c00 
    b8d3:	7711 	stm    #2596,ar1
    b8d4:	0a24 
    b8d5:	f073 	b      0xb8e2
    b8d6:	b8e2 
    b8d7:	f000 	add    #19456,a
    b8d8:	4c00 
    b8d9:	80f8 	stl    a,*(0x3d99)
    b8da:	3d99 
    b8db:	76f8 	st     #0,*(0x3d9a)
    b8dc:	3d9a 
    b8dd:	0000 
    b8de:	7710 	stm    #19456,ar0
    b8df:	4c00 
    b8e0:	7711 	stm    #2414,ar1
    b8e1:	096e 
    b8e2:	ec2f 	rpt    #47
    b8e3:	7c90 	mvpd   0xb886,*ar0+
    b8e4:	b886 
    b8e5:	ec0a 	rpt    #10
    b8e6:	7c91 	mvpd   0xb8b6,*ar1+
    b8e7:	b8b6 
    b8e8:	fc00 	ret    
    b8e9:	ea86 	ld     #134,dp
    b8ea:	7211 	mvdm   0x3fc1,ar1
    b8eb:	3fc1 
    b8ec:	7664 	st     #26,DP+0x64
    b8ed:	001a 
    b8ee:	10e1 	ld     *ar1(0x8),a
    b8ef:	0008 
    b8f0:	f0f8 	sftl   a,-8
    b8f1:	f030 	and    #127,a
    b8f2:	007f 
    b8f3:	ec0f 	rpt    #15
    b8f4:	1e64 	subc   DP+0x64,a
    b8f5:	f0f0 	sftl   a,-16
    b8f6:	f030 	and    #31,a
    b8f7:	001f 
    b8f8:	8064 	stl    a,DP+0x64
    b8f9:	f010 	sub    #13,a
    b8fa:	000d 
    b8fb:	f842 	bc     0xb8ff,ageq
    b8fc:	b8ff 
    b8fd:	f000 	add    #13,a
    b8fe:	000d 
    b8ff:	80f8 	stl    a,*(0x4359)
    b900:	4359 
    b901:	f030 	and    #3,a
    b902:	0003 
    b903:	80f8 	stl    a,*(0x435a)
    b904:	435a 
    b905:	fc00 	ret    
    b906:	f074 	call   0xb8e9
    b907:	b8e9 
    b908:	e83e 	ld     #62,a
    b909:	f074 	call   0xa9ea
    b90a:	a9ea 
    b90b:	e826 	ld     #38,a
    b90c:	f074 	call   0xa9ea
    b90d:	a9ea 
    b90e:	f074 	call   0xae94
    b90f:	ae94 
    b910:	f074 	call   0xb95b
    b911:	b95b 
    b912:	f020 	ld     #-20180,a
    b913:	b12c 
    b914:	f074 	call   0xaac3
    b915:	aac3 
    b916:	f020 	ld     #-17542,a
    b917:	bb7a 
    b918:	f074 	call   0xaac3
    b919:	aac3 
    b91a:	69f8 	orm    #1,*(0x3fb1)
    b91b:	3fb1 
    b91c:	0001 
    b91d:	f020 	ld     #-17369,a
    b91e:	bc27 
    b91f:	f074 	call   0xaa9f
    b920:	aa9f 
    b921:	10f8 	ld     *(0x4364),a
    b922:	4364 
    b923:	80f8 	stl    a,*(0x4365)
    b924:	4365 
    b925:	61f8 	bitf   *(0x3fab),#256
    b926:	3fab 
    b927:	0100 
    b928:	76f8 	st     #-8617,*(0x4366)
    b929:	4366 
    b92a:	de57 
    b92b:	76f8 	st     #-8499,*(0x4367)
    b92c:	4367 
    b92d:	decd 
    b92e:	f830 	bc     0xb936,tc
    b92f:	b936 
    b930:	76f8 	st     #-8665,*(0x4366)
    b931:	4366 
    b932:	de27 
    b933:	76f8 	st     #-8535,*(0x4367)
    b934:	4367 
    b935:	dea9 
    b936:	fc00 	ret    
    b937:	7211 	mvdm   0x3fc1,ar1
    b938:	3fc1 
    b939:	69f8 	orm    #1,*(0x3fb1)
    b93a:	3fb1 
    b93b:	0001 
    b93c:	60e1 	cmpm   *ar1(0x3),#0
    b93d:	0003 
    b93e:	0000 
    b93f:	f830 	bc     0xb951,tc
    b940:	b951 
    b941:	60e1 	cmpm   *ar1(0x3),#1
    b942:	0003 
    b943:	0001 
    b944:	f830 	bc     0xb956,tc
    b945:	b956 
    b946:	60e1 	cmpm   *ar1(0x3),#2
    b947:	0003 
    b948:	0002 
    b949:	f830 	bc     0xb956,tc
    b94a:	b956 
    b94b:	60e1 	cmpm   *ar1(0x3),#3
    b94c:	0003 
    b94d:	0003 
    b94e:	f830 	bc     0xb956,tc
    b94f:	b956 
    b950:	fc00 	ret    
    b951:	f020 	ld     #-17532,a
    b952:	bb84 
    b953:	f074 	call   0xaac3
    b954:	aac3 
    b955:	fc00 	ret    
    b956:	f020 	ld     #-17490,a
    b957:	bbae 
    b958:	f074 	call   0xaac3
    b959:	aac3 
    b95a:	fc00 	ret    
    b95b:	69f8 	orm    #1,*(0x3fd3)
    b95c:	3fd3 
    b95d:	0001 
    b95e:	60f8 	cmpm   *(0x3fba),#2
    b95f:	3fba 
    b960:	0002 
    b961:	f820 	bc     0xb98c,ntc
    b962:	b98c 
    b963:	61f8 	bitf   *(0x3fab),#256
    b964:	3fab 
    b965:	0100 
    b966:	f830 	bc     0xb97d,tc
    b967:	b97d 
    b968:	60f8 	cmpm   *(0x4359),#3
    b969:	4359 
    b96a:	0003 
    b96b:	f830 	bc     0xb977,tc
    b96c:	b977 
    b96d:	60f8 	cmpm   *(0x4359),#7
    b96e:	4359 
    b96f:	0007 
    b970:	f830 	bc     0xb977,tc
    b971:	b977 
    b972:	60f8 	cmpm   *(0x4359),#12
    b973:	4359 
    b974:	000c 
    b975:	f820 	bc     0xb98c,ntc
    b976:	b98c 
    b977:	f074 	call   0xbd1e
    b978:	bd1e 
    b979:	f074 	call   0xbc47
    b97a:	bc47 
    b97b:	f073 	b      0xb98c
    b97c:	b98c 
    b97d:	60f8 	cmpm   *(0x4359),#0
    b97e:	4359 
    b97f:	0000 
    b980:	f830 	bc     0xb977,tc
    b981:	b977 
    b982:	60f8 	cmpm   *(0x4359),#4
    b983:	4359 
    b984:	0004 
    b985:	f830 	bc     0xb977,tc
    b986:	b977 
    b987:	60f8 	cmpm   *(0x4359),#8
    b988:	4359 
    b989:	0008 
    b98a:	f830 	bc     0xb977,tc
    b98b:	b977 
    b98c:	60f8 	cmpm   *(0x3fb9),#0
    b98d:	3fb9 
    b98e:	0000 
    b98f:	f820 	bc     0xb9ba,ntc
    b990:	b9ba 
    b991:	61f8 	bitf   *(0x3fab),#256
    b992:	3fab 
    b993:	0100 
    b994:	f830 	bc     0xb9ab,tc
    b995:	b9ab 
    b996:	60f8 	cmpm   *(0x4359),#1
    b997:	4359 
    b998:	0001 
    b999:	f830 	bc     0xb9a5,tc
    b99a:	b9a5 
    b99b:	60f8 	cmpm   *(0x4359),#5
    b99c:	4359 
    b99d:	0005 
    b99e:	f830 	bc     0xb9a5,tc
    b99f:	b9a5 
    b9a0:	60f8 	cmpm   *(0x4359),#10
    b9a1:	4359 
    b9a2:	000a 
    b9a3:	f820 	bc     0xb9ba,ntc
    b9a4:	b9ba 
    b9a5:	f074 	call   0xbd47
    b9a6:	bd47 
    b9a7:	f074 	call   0xbccb
    b9a8:	bccb 
    b9a9:	f073 	b      0xb9ba
    b9aa:	b9ba 
    b9ab:	60f8 	cmpm   *(0x4359),#2
    b9ac:	4359 
    b9ad:	0002 
    b9ae:	f830 	bc     0xb9a5,tc
    b9af:	b9a5 
    b9b0:	60f8 	cmpm   *(0x4359),#6
    b9b1:	4359 
    b9b2:	0006 
    b9b3:	f830 	bc     0xb9a5,tc
    b9b4:	b9a5 
    b9b5:	60f8 	cmpm   *(0x4359),#11
    b9b6:	4359 
    b9b7:	000b 
    b9b8:	f830 	bc     0xb9a5,tc
    b9b9:	b9a5 
    b9ba:	fc00 	ret    
    b9bb:	f020 	ld     #-20180,a
    b9bc:	b12c 
    b9bd:	f074 	call   0xaac3
    b9be:	aac3 
    b9bf:	f074 	call   0xb74c
    b9c0:	b74c 
    b9c1:	7211 	mvdm   0x3fc1,ar1
    b9c2:	3fc1 
    b9c3:	f495 	nop    
    b9c4:	60e1 	cmpm   *ar1(0x1),#0
    b9c5:	0001 
    b9c6:	0000 
    b9c7:	f830 	bc     0xb9d9,tc
    b9c8:	b9d9 
    b9c9:	60e1 	cmpm   *ar1(0x1),#1
    b9ca:	0001 
    b9cb:	0001 
    b9cc:	f830 	bc     0xb9e1,tc
    b9cd:	b9e1 
    b9ce:	60e1 	cmpm   *ar1(0x1),#2
    b9cf:	0001 
    b9d0:	0002 
    b9d1:	f830 	bc     0xb9e1,tc
    b9d2:	b9e1 
    b9d3:	60e1 	cmpm   *ar1(0x1),#3
    b9d4:	0001 
    b9d5:	0003 
    b9d6:	f830 	bc     0xb9e9,tc
    b9d7:	b9e9 
    b9d8:	fc00 	ret    
    b9d9:	6be1 	addm   #1,*ar1(0x1)
    b9da:	0001 
    b9db:	0001 
    b9dc:	f020 	ld     #-17482,a
    b9dd:	bbb6 
    b9de:	f074 	call   0xaa9f
    b9df:	aa9f 
    b9e0:	fc00 	ret    
    b9e1:	6be1 	addm   #1,*ar1(0x1)
    b9e2:	0001 
    b9e3:	0001 
    b9e4:	f020 	ld     #-17453,a
    b9e5:	bbd3 
    b9e6:	f074 	call   0xaa9f
    b9e7:	aa9f 
    b9e8:	fc00 	ret    
    b9e9:	6be1 	addm   #1,*ar1(0x1)
    b9ea:	0001 
    b9eb:	0001 
    b9ec:	f020 	ld     #-17424,a
    b9ed:	bbf0 
    b9ee:	f074 	call   0xaa9f
    b9ef:	aa9f 
    b9f0:	fc00 	ret    
    b9f1:	7211 	mvdm   0x3fc1,ar1
    b9f2:	3fc1 
    b9f3:	f495 	nop    
    b9f4:	10e1 	ld     *ar1(0x9),a
    b9f5:	0009 
    b9f6:	f0e0 	sftl   a,0
    b9f7:	f030 	and    #15,a
    b9f8:	000f 
    b9f9:	f110 	sub    #2,a,b
    b9fa:	0002 
    b9fb:	f84d 	bc     0xb7af,beq
    b9fc:	b7af 
    b9fd:	f110 	sub    #10,a,b
    b9fe:	000a 
    b9ff:	f84d 	bc     0xba41,beq
    ba00:	ba41 
    ba01:	f110 	sub    #8,a,b
    ba02:	0008 
    ba03:	f84d 	bc     0xba23,beq
    ba04:	ba23 
    ba05:	f110 	sub    #11,a,b
    ba06:	000b 
    ba07:	f84d 	bc     0xba23,beq
    ba08:	ba23 
    ba09:	ea86 	ld     #134,dp
    ba0a:	7211 	mvdm   0x3fc1,ar1
    ba0b:	3fc1 
    ba0c:	7659 	st     #26,DP+0x59
    ba0d:	001a 
    ba0e:	10e1 	ld     *ar1(0x8),a
    ba0f:	0008 
    ba10:	f0e0 	sftl   a,0
    ba11:	f030 	and    #127,a
    ba12:	007f 
    ba13:	ec0f 	rpt    #15
    ba14:	1e59 	subc   DP+0x59,a
    ba15:	f030 	and    #3,a
    ba16:	0003 
    ba17:	80e1 	stl    a,*ar1(0x1)
    ba18:	0001 
    ba19:	80e1 	stl    a,*ar1(0x3)
    ba1a:	0003 
    ba1b:	e83d 	ld     #61,a
    ba1c:	f074 	call   0xa9ea
    ba1d:	a9ea 
    ba1e:	f074 	call   0xaf88
    ba1f:	af88 
    ba20:	f074 	call   0xac17
    ba21:	ac17 
    ba22:	fc00 	ret    
    ba23:	ea86 	ld     #134,dp
    ba24:	7211 	mvdm   0x3fc1,ar1
    ba25:	3fc1 
    ba26:	7659 	st     #26,DP+0x59
    ba27:	001a 
    ba28:	10e1 	ld     *ar1(0x8),a
    ba29:	0008 
    ba2a:	f0e0 	sftl   a,0
    ba2b:	f030 	and    #127,a
    ba2c:	007f 
    ba2d:	ec0f 	rpt    #15
    ba2e:	1e59 	subc   DP+0x59,a
    ba2f:	f030 	and    #3,a
    ba30:	0003 
    ba31:	80e1 	stl    a,*ar1(0x1)
    ba32:	0001 
    ba33:	80e1 	stl    a,*ar1(0x3)
    ba34:	0003 
    ba35:	f074 	call   0xba5f
    ba36:	ba5f 
    ba37:	e83f 	ld     #63,a
    ba38:	f074 	call   0xa9ea
    ba39:	a9ea 
    ba3a:	f074 	call   0xc030
    ba3b:	c030 
    ba3c:	f074 	call   0xba7c
    ba3d:	ba7c 
    ba3e:	f074 	call   0xb9bb
    ba3f:	b9bb 
    ba40:	fc00 	ret    
    ba41:	ea86 	ld     #134,dp
    ba42:	7211 	mvdm   0x3fc1,ar1
    ba43:	3fc1 
    ba44:	7659 	st     #26,DP+0x59
    ba45:	001a 
    ba46:	10e1 	ld     *ar1(0x8),a
    ba47:	0008 
    ba48:	f0e0 	sftl   a,0
    ba49:	f030 	and    #127,a
    ba4a:	007f 
    ba4b:	ec0f 	rpt    #15
    ba4c:	1e59 	subc   DP+0x59,a
    ba4d:	f030 	and    #3,a
    ba4e:	0003 
    ba4f:	80e1 	stl    a,*ar1(0x1)
    ba50:	0001 
    ba51:	80e1 	stl    a,*ar1(0x3)
    ba52:	0003 
    ba53:	f074 	call   0xb8e9
    ba54:	b8e9 
    ba55:	e83e 	ld     #62,a
    ba56:	f074 	call   0xa9ea
    ba57:	a9ea 
    ba58:	f074 	call   0xc066
    ba59:	c066 
    ba5a:	f074 	call   0xb937
    ba5b:	b937 
    ba5c:	f074 	call   0xb782
    ba5d:	b782 
    ba5e:	fc00 	ret    
    ba5f:	ea86 	ld     #134,dp
    ba60:	7211 	mvdm   0x3fc1,ar1
    ba61:	3fc1 
    ba62:	7664 	st     #26,DP+0x64
    ba63:	001a 
    ba64:	10e1 	ld     *ar1(0x8),a
    ba65:	0008 
    ba66:	f0f8 	sftl   a,-8
    ba67:	f030 	and    #127,a
    ba68:	007f 
    ba69:	ec0f 	rpt    #15
    ba6a:	1e64 	subc   DP+0x64,a
    ba6b:	f0f0 	sftl   a,-16
    ba6c:	f030 	and    #31,a
    ba6d:	001f 
    ba6e:	8064 	stl    a,DP+0x64
    ba6f:	f010 	sub    #13,a
    ba70:	000d 
    ba71:	f842 	bc     0xba75,ageq
    ba72:	ba75 
    ba73:	f000 	add    #13,a
    ba74:	000d 
    ba75:	80f8 	stl    a,*(0x4359)
    ba76:	4359 
    ba77:	f030 	and    #3,a
    ba78:	0003 
    ba79:	80f8 	stl    a,*(0x435a)
    ba7a:	435a 
    ba7b:	fc00 	ret    
    ba7c:	7211 	mvdm   0x3fc1,ar1
    ba7d:	3fc1 
    ba7e:	69f8 	orm    #1,*(0x3fb1)
    ba7f:	3fb1 
    ba80:	0001 
    ba81:	60e1 	cmpm   *ar1(0x3),#0
    ba82:	0003 
    ba83:	0000 
    ba84:	f830 	bc     0xba96,tc
    ba85:	ba96 
    ba86:	60e1 	cmpm   *ar1(0x3),#1
    ba87:	0003 
    ba88:	0001 
    ba89:	f830 	bc     0xba9b,tc
    ba8a:	ba9b 
    ba8b:	60e1 	cmpm   *ar1(0x3),#2
    ba8c:	0003 
    ba8d:	0002 
    ba8e:	f830 	bc     0xba9b,tc
    ba8f:	ba9b 
    ba90:	60e1 	cmpm   *ar1(0x3),#3
    ba91:	0003 
    ba92:	0003 
    ba93:	f830 	bc     0xba9b,tc
    ba94:	ba9b 
    ba95:	fc00 	ret    
    ba96:	f020 	ld     #-17532,a
    ba97:	bb84 
    ba98:	f074 	call   0xaac3
    ba99:	aac3 
    ba9a:	fc00 	ret    
    ba9b:	f020 	ld     #-17490,a
    ba9c:	bbae 
    ba9d:	f074 	call   0xaac3
    ba9e:	aac3 
    ba9f:	fc00 	ret    
    baa0:	7212 	mvdm   0x3fc1,ar2
    baa1:	3fc1 
    baa2:	e800 	ld     #0,a
    baa3:	80f8 	stl    a,*(0x3fad)
    baa4:	3fad 
    baa5:	80f8 	stl    a,*(0x3fae)
    baa6:	3fae 
    baa7:	80f8 	stl    a,*(0x3faf)
    baa8:	3faf 
    baa9:	80f8 	stl    a,*(0x3faa)
    baaa:	3faa 
    baab:	80f8 	stl    a,*(0x3fab)
    baac:	3fab 
    baad:	80f8 	stl    a,*(0x3fac)
    baae:	3fac 
    baaf:	80f8 	stl    a,*(0x4361)
    bab0:	4361 
    bab1:	76f8 	st     #1,*(0x435f)
    bab2:	435f 
    bab3:	0001 
    bab4:	68f8 	andm   #-17,*(0x3fbf)
    bab5:	3fbf 
    bab6:	ffef 
    bab7:	10e2 	ld     *ar2(0x9),a
    bab8:	0009 
    bab9:	f0e0 	sftl   a,0
    baba:	f030 	and    #15,a
    babb:	000f 
    babc:	80f8 	stl    a,*(0x4356)
    babd:	4356 
    babe:	60f8 	cmpm   *(0x4356),#0
    babf:	4356 
    bac0:	0000 
    bac1:	f820 	bc     0xbacc,ntc
    bac2:	bacc 
    bac3:	76f8 	st     #1,*(0x4361)
    bac4:	4361 
    bac5:	0001 
    bac6:	76f8 	st     #1,*(0x4356)
    bac7:	4356 
    bac8:	0001 
    bac9:	69e2 	orm    #1,*ar2(0x9)
    baca:	0009 
    bacb:	0001 
    bacc:	76f8 	st     #0,*(0x3faf)
    bacd:	3faf 
    bace:	0000 
    bacf:	76f8 	st     #0,*(0x3fac)
    bad0:	3fac 
    bad1:	0000 
    bad2:	10e2 	ld     *ar2(0x9),a
    bad3:	0009 
    bad4:	f0f4 	sftl   a,-12
    bad5:	f030 	and    #7,a
    bad6:	0007 
    bad7:	f010 	sub    #3,a
    bad8:	0003 
    bad9:	f844 	bc     0xbae1,aneq
    bada:	bae1 
    badb:	69f8 	orm    #-32768,*(0x3faa)
    badc:	3faa 
    badd:	8000 
    bade:	69f8 	orm    #-32768,*(0x3fad)
    badf:	3fad 
    bae0:	8000 
    bae1:	f020 	ld     #768,a
    bae2:	0300 
    bae3:	18e2 	and    *ar2(0x9),a
    bae4:	0009 
    bae5:	f845 	bc     0xbaef,aeq
    bae6:	baef 
    bae7:	f074 	call   0xad11
    bae8:	ad11 
    bae9:	76f8 	st     #0,*(0x3fba)
    baea:	3fba 
    baeb:	0000 
    baec:	76f8 	st     #0,*(0x3fb9)
    baed:	3fb9 
    baee:	0000 
    baef:	60f8 	cmpm   *(0x3fb9),#2
    baf0:	3fb9 
    baf1:	0002 
    baf2:	f830 	bc     0xbaf7,tc
    baf3:	baf7 
    baf4:	69f8 	orm    #-32768,*(0xa24)
    baf5:	0a24 
    baf6:	8000 
    baf7:	60f8 	cmpm   *(0x3fba),#0
    baf8:	3fba 
    baf9:	0000 
    bafa:	f820 	bc     0xbaff,ntc
    bafb:	baff 
    bafc:	76f8 	st     #2,*(0x3fae)
    bafd:	3fae 
    bafe:	0002 
    baff:	fc00 	ret    
    bb00:	76f8 	st     #-21704,*(0x43d8)
    bb01:	43d8 
    bb02:	ab38 
    bb03:	76f8 	st     #-17650,*(0x43d9)
    bb04:	43d9 
    bb05:	bb0e 
    bb06:	76f8 	st     #0,*(0x8d5)
    bb07:	08d5 
    bb08:	0000 
    bb09:	76f8 	st     #-21704,*(0x3f6c)
    bb0a:	3f6c 
    bb0b:	ab38 
    bb0c:	f073 	b      0xc10d
    bb0d:	c10d 
    bb0e:	69f8 	orm    #4,*(0x3fdc)
    bb0f:	3fdc 
    bb10:	0004 
    bb11:	75f8 	portw  *(0x3fdc),pa63744
    bb12:	3fdc 
    bb13:	f900 
    bb14:	47f8 	rpt    *(0xc32)
    bb15:	0c32 
    bb16:	f495 	nop    
    bb17:	74f8 	portr  pa64552,*(0x11)
    bb18:	0011 
    bb19:	fc28 
    bb1a:	76f8 	st     #3072,*(0x4356)
    bb1b:	4356 
    bb1c:	0c00 
    bb1d:	75f8 	portw  *(0x4356),pa64001
    bb1e:	4356 
    bb1f:	fa01 
    bb20:	68f8 	andm   #-5,*(0x3fdc)
    bb21:	3fdc 
    bb22:	fffb 
    bb23:	75f8 	portw  *(0x3fdc),pa63744
    bb24:	3fdc 
    bb25:	f900 
    bb26:	75f8 	portw  *(0x3fdc),pa63744
    bb27:	3fdc 
    bb28:	f900 
    bb29:	fc00 	ret    
    bb2a:	eeff 	frame  -1
    bb2b:	76f8 	st     #136,*(0x4bf9)
    bb2c:	4bf9 
    bb2d:	0088 
    bb2e:	f020 	ld     #-2,a
    bb2f:	fffe 
    bb30:	18f8 	and    *(0x8f7),a
    bb31:	08f7 
    bb32:	80f8 	stl    a,*(0x9c5)
    bb33:	09c5 
    bb34:	f074 	call   0xc69c
    bb35:	c69c 
    bb36:	ee01 	frame  1
    bb37:	fc00 	ret    
    bb38:	eeff 	frame  -1
    bb39:	71f8 	mvdk   *(0x9c5),0x8f7
    bb3a:	09c5 
    bb3b:	08f7 
    bb3c:	f074 	call   0xd0be
    bb3d:	d0be 
    bb3e:	ee01 	frame  1
    bb3f:	fc00 	ret    
    bb40:	f074 	call   0xca6f
    bb41:	ca6f 
    bb42:	10f8 	ld     *(0x4bc2),a
    bb43:	4bc2 
    bb44:	f845 	bc     0xbb4d,aeq
    bb45:	bb4d 
    bb46:	f010 	sub    #1,a
    bb47:	0001 
    bb48:	f844 	bc     0xbb4d,aneq
    bb49:	bb4d 
    bb4a:	68f8 	andm   #-65,*(0x3fd3)
    bb4b:	3fd3 
    bb4c:	ffbf 
    bb4d:	fc00 	ret    
    bb4e:	f981 	fcall  0x1f235
    bb4f:	f235 
    bb50:	f4e4 	fret   
    bb51:	f495 	nop    
    bb52:	f495 	nop    
    bb53:	f981 	fcall  0x1f217
    bb54:	f217 
    bb55:	fc00 	ret    
    bb56:	f981 	fcall  0x1f21a
    bb57:	f21a 
    bb58:	fc00 	ret    
    bb59:	f981 	fcall  0x1f21d
    bb5a:	f21d 
    bb5b:	fc00 	ret    
    bb5c:	f981 	fcall  0x1f220
    bb5d:	f220 
    bb5e:	fc00 	ret    
    bb5f:	f981 	fcall  0x1f223
    bb60:	f223 
    bb61:	fc00 	ret    
    bb62:	f981 	fcall  0x1f226
    bb63:	f226 
    bb64:	fc00 	ret    
    bb65:	f981 	fcall  0x1f229
    bb66:	f229 
    bb67:	fc00 	ret    
    bb68:	f981 	fcall  0x1f22c
    bb69:	f22c 
    bb6a:	fc00 	ret    
    bb6b:	f981 	fcall  0x1f22f
    bb6c:	f22f 
    bb6d:	fc00 	ret    
    bb6e:	f981 	fcall  0x1f232
    bb6f:	f232 
    bb70:	fc00 	ret    
    bb71:	f981 	fcall  0x1f235
    bb72:	f235 
    bb73:	fc00 	ret    
    bb74:	f981 	fcall  0x1f238
    bb75:	f238 
    bb76:	fc00 	ret    
    bb77:	f981 	fcall  0x1f23b
    bb78:	f23b 
    bb79:	fc00 	ret    
    bb7a:	69f8 	orm    #1,*(0x3faa)
    bb7b:	3faa 
    bb7c:	0001 
    bb7d:	e830 	ld     #48,a
    bb7e:	f074 	call   0xa9ea
    bb7f:	a9ea 
    bb80:	68f8 	andm   #-2,*(0x3faa)
    bb81:	3faa 
    bb82:	fffe 
    bb83:	fc00 	ret    
    bb84:	4bf8 	pshd   *(0x3faa)
    bb85:	3faa 
    bb86:	4bf8 	pshd   *(0x3fab)
    bb87:	3fab 
    bb88:	4bf8 	pshd   *(0x3fac)
    bb89:	3fac 
    bb8a:	76f8 	st     #8192,*(0x3faa)
    bb8b:	3faa 
    bb8c:	2000 
    bb8d:	76f8 	st     #1,*(0x3fab)
    bb8e:	3fab 
    bb8f:	0001 
    bb90:	76f8 	st     #3,*(0x3fac)
    bb91:	3fac 
    bb92:	0003 
    bb93:	e830 	ld     #48,a
    bb94:	f074 	call   0xa9ea
    bb95:	a9ea 
    bb96:	68f8 	andm   #32767,*(0xa06)
    bb97:	0a06 
    bb98:	7fff 
    bb99:	f074 	call   0xb12c
    bb9a:	b12c 
    bb9b:	76f8 	st     #1,*(0x3faa)
    bb9c:	3faa 
    bb9d:	0001 
    bb9e:	76f8 	st     #0,*(0x3fab)
    bb9f:	3fab 
    bba0:	0000 
    bba1:	76f8 	st     #3,*(0x3fac)
    bba2:	3fac 
    bba3:	0003 
    bba4:	e830 	ld     #48,a
    bba5:	f074 	call   0xa9ea
    bba6:	a9ea 
    bba7:	8bf8 	popd   *(0x3fac)
    bba8:	3fac 
    bba9:	8bf8 	popd   *(0x3fab)
    bbaa:	3fab 
    bbab:	8bf8 	popd   *(0x3faa)
    bbac:	3faa 
    bbad:	fc00 	ret    
    bbae:	4bf8 	pshd   *(0x3faa)
    bbaf:	3faa 
    bbb0:	4bf8 	pshd   *(0x3fab)
    bbb1:	3fab 
    bbb2:	4bf8 	pshd   *(0x3fac)
    bbb3:	3fac 
    bbb4:	f073 	b      0xbb99
    bbb5:	bb99 
    bbb6:	4bf8 	pshd   *(0x3fad)
    bbb7:	3fad 
    bbb8:	4bf8 	pshd   *(0x3fae)
    bbb9:	3fae 
    bbba:	4bf8 	pshd   *(0x3faf)
    bbbb:	3faf 
    bbbc:	e834 	ld     #52,a
    bbbd:	f074 	call   0xa9ea
    bbbe:	a9ea 
    bbbf:	76f8 	st     #1,*(0x3fad)
    bbc0:	3fad 
    bbc1:	0001 
    bbc2:	76f8 	st     #1,*(0x3fae)
    bbc3:	3fae 
    bbc4:	0001 
    bbc5:	76f8 	st     #3,*(0x3faf)
    bbc6:	3faf 
    bbc7:	0003 
    bbc8:	e831 	ld     #49,a
    bbc9:	f074 	call   0xa9ea
    bbca:	a9ea 
    bbcb:	8bf8 	popd   *(0x3faf)
    bbcc:	3faf 
    bbcd:	8bf8 	popd   *(0x3fae)
    bbce:	3fae 
    bbcf:	8bf8 	popd   *(0x3fad)
    bbd0:	3fad 
    bbd1:	f073 	b      0xbc0b
    bbd2:	bc0b 
    bbd3:	4bf8 	pshd   *(0x3fad)
    bbd4:	3fad 
    bbd5:	4bf8 	pshd   *(0x3fae)
    bbd6:	3fae 
    bbd7:	4bf8 	pshd   *(0x3faf)
    bbd8:	3faf 
    bbd9:	e834 	ld     #52,a
    bbda:	f074 	call   0xa9ea
    bbdb:	a9ea 
    bbdc:	76f8 	st     #1,*(0x3fad)
    bbdd:	3fad 
    bbde:	0001 
    bbdf:	76f8 	st     #0,*(0x3fae)
    bbe0:	3fae 
    bbe1:	0000 
    bbe2:	76f8 	st     #3,*(0x3faf)
    bbe3:	3faf 
    bbe4:	0003 
    bbe5:	e831 	ld     #49,a
    bbe6:	f074 	call   0xa9ea
    bbe7:	a9ea 
    bbe8:	8bf8 	popd   *(0x3faf)
    bbe9:	3faf 
    bbea:	8bf8 	popd   *(0x3fae)
    bbeb:	3fae 
    bbec:	8bf8 	popd   *(0x3fad)
    bbed:	3fad 
    bbee:	f073 	b      0xbc0b
    bbef:	bc0b 
    bbf0:	4bf8 	pshd   *(0x3fad)
    bbf1:	3fad 
    bbf2:	4bf8 	pshd   *(0x3fae)
    bbf3:	3fae 
    bbf4:	4bf8 	pshd   *(0x3faf)
    bbf5:	3faf 
    bbf6:	e834 	ld     #52,a
    bbf7:	f074 	call   0xa9ea
    bbf8:	a9ea 
    bbf9:	76f8 	st     #8193,*(0x3fad)
    bbfa:	3fad 
    bbfb:	2001 
    bbfc:	76f8 	st     #0,*(0x3fae)
    bbfd:	3fae 
    bbfe:	0000 
    bbff:	76f8 	st     #3,*(0x3faf)
    bc00:	3faf 
    bc01:	0003 
    bc02:	e831 	ld     #49,a
    bc03:	f074 	call   0xa9ea
    bc04:	a9ea 
    bc05:	8bf8 	popd   *(0x3faf)
    bc06:	3faf 
    bc07:	8bf8 	popd   *(0x3fae)
    bc08:	3fae 
    bc09:	8bf8 	popd   *(0x3fad)
    bc0a:	3fad 
    bc0b:	7211 	mvdm   0x3fc1,ar1
    bc0c:	3fc1 
    bc0d:	f495 	nop    
    bc0e:	10e1 	ld     *ar1(0x9),a
    bc0f:	0009 
    bc10:	f0e0 	sftl   a,0
    bc11:	f030 	and    #15,a
    bc12:	000f 
    bc13:	f110 	sub    #2,a,b
    bc14:	0002 
    bc15:	61e1 	bitf   *ar1(0x9),#-32768
    bc16:	0009 
    bc17:	8000 
    bc18:	f820 	bc     0xbc26,ntc
    bc19:	bc26 
    bc1a:	f84c 	bc     0xbc26,bneq
    bc1b:	bc26 
    bc1c:	10f8 	ld     *(0x4a9a),a
    bc1d:	4a9a 
    bc1e:	f030 	and    #255,a
    bc1f:	00ff 
    bc20:	f010 	sub    #7,a
    bc21:	0007 
    bc22:	f844 	bc     0xbc26,aneq
    bc23:	bc26 
    bc24:	f074 	call   0xbd84
    bc25:	bd84 
    bc26:	fc00 	ret    
    bc27:	e834 	ld     #52,a
    bc28:	f074 	call   0xa9ea
    bc29:	a9ea 
    bc2a:	f074 	call   0xbd69
    bc2b:	bd69 
    bc2c:	f074 	call   0xbe3e
    bc2d:	be3e 
    bc2e:	7211 	mvdm   0x4366,ar1
    bc2f:	4366 
    bc30:	f495 	nop    
    bc31:	1091 	ld     *ar1+,a
    bc32:	f845 	bc     0xbc39,aeq
    bc33:	bc39 
    bc34:	7311 	mvmd   ar1,0x4366
    bc35:	4366 
    bc36:	f4e3 	cala   a
    bc37:	f073 	b      0xbc2e
    bc38:	bc2e 
    bc39:	f074 	call   0xbe5d
    bc3a:	be5d 
    bc3b:	7211 	mvdm   0x4367,ar1
    bc3c:	4367 
    bc3d:	f495 	nop    
    bc3e:	1091 	ld     *ar1+,a
    bc3f:	f845 	bc     0xbc46,aeq
    bc40:	bc46 
    bc41:	7311 	mvmd   ar1,0x4367
    bc42:	4367 
    bc43:	f4e3 	cala   a
    bc44:	f073 	b      0xbc3b
    bc45:	bc3b 
    bc46:	fc00 	ret    
    bc47:	6bf8 	addm   #1,*(0x3fba)
    bc48:	3fba 
    bc49:	0001 
    bc4a:	fc00 	ret    
    bc4b:	8a11 	popm   ar1
    bc4c:	10f8 	ld     *(0x4356),a
    bc4d:	4356 
    bc4e:	80f8 	stl    a,*(0x4366)
    bc4f:	4366 
    bc50:	f073 	b      0xbc2c
    bc51:	bc2c 
    bc52:	69f8 	orm    #256,*(0x3fad)
    bc53:	3fad 
    bc54:	0100 
    bc55:	fc00 	ret    
    bc56:	69f8 	orm    #512,*(0x3fad)
    bc57:	3fad 
    bc58:	0200 
    bc59:	fc00 	ret    
    bc5a:	69f8 	orm    #1024,*(0x3fae)
    bc5b:	3fae 
    bc5c:	0400 
    bc5d:	fc00 	ret    
    bc5e:	68f8 	andm   #-1025,*(0x3fae)
    bc5f:	3fae 
    bc60:	fbff 
    bc61:	fc00 	ret    
    bc62:	e831 	ld     #49,a
    bc63:	f074 	call   0xa9ea
    bc64:	a9ea 
    bc65:	10f8 	ld     *(0x9f0),a
    bc66:	09f0 
    bc67:	61f8 	bitf   *(0x3fbf),#16
    bc68:	3fbf 
    bc69:	0010 
    bc6a:	f820 	bc     0xbc6e,ntc
    bc6b:	bc6e 
    bc6c:	10f8 	ld     *(0x958),a
    bc6d:	0958 
    bc6e:	80f8 	stl    a,*(0x4355)
    bc6f:	4355 
    bc70:	fc00 	ret    
    bc71:	10f8 	ld     *(0x4361),a
    bc72:	4361 
    bc73:	f844 	bc     0xbc80,aneq
    bc74:	bc80 
    bc75:	69f8 	orm    #32,*(0x3fbf)
    bc76:	3fbf 
    bc77:	0020 
    bc78:	76f8 	st     #31,*(0x4b2c)
    bc79:	4b2c 
    bc7a:	001f 
    bc7b:	76f8 	st     #16384,*(0x3fbe)
    bc7c:	3fbe 
    bc7d:	4000 
    bc7e:	f074 	call   0xbc81
    bc7f:	bc81 
    bc80:	fc00 	ret    
    bc81:	10f8 	ld     *(0x4361),a
    bc82:	4361 
    bc83:	f844 	bc     0xbcb9,aneq
    bc84:	bcb9 
    bc85:	61f8 	bitf   *(0x8d9),#1
    bc86:	08d9 
    bc87:	0001 
    bc88:	f820 	bc     0xbc95,ntc
    bc89:	bc95 
    bc8a:	61f8 	bitf   *(0x3fbf),#16
    bc8b:	3fbf 
    bc8c:	0010 
    bc8d:	7710 	stm    #2544,ar0
    bc8e:	09f0 
    bc8f:	ff30 	xc     2,tc
    bc90:	7710 	stm    #2392,ar0
    bc91:	0958 
    bc92:	ec13 	rpt    #19
    bc93:	7c90 	mvpd   0xbdbe,*ar0+
    bc94:	bdbe 
    bc95:	e823 	ld     #35,a
    bc96:	11f8 	ld     *(0x3f64),b
    bc97:	3f64 
    bc98:	f5e3 	cala   b
    bc99:	f981 	fcall  0x1bc82
    bc9a:	bc82 
    bc9b:	e824 	ld     #36,a
    bc9c:	f074 	call   0xa9ea
    bc9d:	a9ea 
    bc9e:	61f8 	bitf   *(0x8d9),#2
    bc9f:	08d9 
    bca0:	0002 
    bca1:	f820 	bc     0xbcaa,ntc
    bca2:	bcaa 
    bca3:	7210 	mvdm   0x3fbe,ar0
    bca4:	3fbe 
    bca5:	7719 	stm    #350,bk
    bca6:	015e 
    bca7:	ec9f 	rpt    #159
    bca8:	7cd0 	mvpd   0xa942,*ar0+%
    bca9:	a942 
    bcaa:	7211 	mvdm   0x3fbe,ar1
    bcab:	3fbe 
    bcac:	7710 	stm    #160,ar0
    bcad:	00a0 
    bcae:	7719 	stm    #350,bk
    bcaf:	015e 
    bcb0:	f495 	nop    
    bcb1:	6dd9 	mar    *ar1+0%
    bcb2:	f495 	nop    
    bcb3:	7311 	mvmd   ar1,0x3fbe
    bcb4:	3fbe 
    bcb5:	e82d 	ld     #45,a
    bcb6:	11f8 	ld     *(0x3f64),b
    bcb7:	3f64 
    bcb8:	f5e3 	cala   b
    bcb9:	fc00 	ret    
    bcba:	60f8 	cmpm   *(0x3faf),#1
    bcbb:	3faf 
    bcbc:	0001 
    bcbd:	f820 	bc     0xbcc2,ntc
    bcbe:	bcc2 
    bcbf:	69f8 	orm    #8,*(0x3fae)
    bcc0:	3fae 
    bcc1:	0008 
    bcc2:	60f8 	cmpm   *(0x3faf),#2
    bcc3:	3faf 
    bcc4:	0002 
    bcc5:	f820 	bc     0xbcca,ntc
    bcc6:	bcca 
    bcc7:	69f8 	orm    #4,*(0x3fae)
    bcc8:	3fae 
    bcc9:	0004 
    bcca:	fc00 	ret    
    bccb:	6bf8 	addm   #1,*(0x3fb9)
    bccc:	3fb9 
    bccd:	0001 
    bcce:	fc00 	ret    
    bccf:	10f8 	ld     *(0x4361),a
    bcd0:	4361 
    bcd1:	f844 	bc     0xbcdc,aneq
    bcd2:	bcdc 
    bcd3:	69f8 	orm    #1,*(0x3fbf)
    bcd4:	3fbf 
    bcd5:	0001 
    bcd6:	76f8 	st     #255,*(0x4a9a)
    bcd7:	4a9a 
    bcd8:	00ff 
    bcd9:	76f8 	st     #15872,*(0x3fbd)
    bcda:	3fbd 
    bcdb:	3e00 
    bcdc:	fc00 	ret    
    bcdd:	61f8 	bitf   *(0xa15),#-32768
    bcde:	0a15 
    bcdf:	8000 
    bce0:	f820 	bc     0xbce5,ntc
    bce1:	bce5 
    bce2:	69f8 	orm    #256,*(0x3faa)
    bce3:	3faa 
    bce4:	0100 
    bce5:	fc00 	ret    
    bce6:	10f8 	ld     *(0x4361),a
    bce7:	4361 
    bce8:	f844 	bc     0xbd1d,aneq
    bce9:	bd1d 
    bcea:	61f8 	bitf   *(0x8d9),#16
    bceb:	08d9 
    bcec:	0010 
    bced:	f820 	bc     0xbcf6,ntc
    bcee:	bcf6 
    bcef:	7210 	mvdm   0x3fbd,ar0
    bcf0:	3fbd 
    bcf1:	7719 	stm    #350,bk
    bcf2:	015e 
    bcf3:	ec9f 	rpt    #159
    bcf4:	7cd0 	mvpd   0xa942,*ar0+%
    bcf5:	a942 
    bcf6:	68f8 	andm   #-5,*(0x3fbf)
    bcf7:	3fbf 
    bcf8:	fffb 
    bcf9:	61f8 	bitf   *(0x8d7),#4
    bcfa:	08d7 
    bcfb:	0004 
    bcfc:	f820 	bc     0xbd01,ntc
    bcfd:	bd01 
    bcfe:	69f8 	orm    #4,*(0x3fbf)
    bcff:	3fbf 
    bd00:	0004 
    bd01:	60f8 	cmpm   *(0x4a9a),#248
    bd02:	4a9a 
    bd03:	00f8 
    bd04:	f830 	bc     0xbd0c,tc
    bd05:	bd0c 
    bd06:	e838 	ld     #56,a
    bd07:	f074 	call   0xa9ea
    bd08:	a9ea 
    bd09:	e823 	ld     #35,a
    bd0a:	f074 	call   0xa9ea
    bd0b:	a9ea 
    bd0c:	e822 	ld     #34,a
    bd0d:	11f8 	ld     *(0x3f64),b
    bd0e:	3f64 
    bd0f:	f5e3 	cala   b
    bd10:	f981 	fcall  0x1bc7f
    bd11:	bc7f 
    bd12:	7211 	mvdm   0x3fbd,ar1
    bd13:	3fbd 
    bd14:	7710 	stm    #160,ar0
    bd15:	00a0 
    bd16:	7719 	stm    #350,bk
    bd17:	015e 
    bd18:	f495 	nop    
    bd19:	6dd9 	mar    *ar1+0%
    bd1a:	f495 	nop    
    bd1b:	7311 	mvmd   ar1,0x3fbd
    bd1c:	3fbd 
    bd1d:	fc00 	ret    
    bd1e:	10f8 	ld     *(0x4361),a
    bd1f:	4361 
    bd20:	f844 	bc     0xbd46,aneq
    bd21:	bd46 
    bd22:	68f8 	andm   #-17,*(0x0)
    bd23:	0000 
    bd24:	ffef 
    bd25:	69f8 	orm    #1,*(0x3fd3)
    bd26:	3fd3 
    bd27:	0001 
    bd28:	76f8 	st     #16384,*(0x3fbb)
    bd29:	3fbb 
    bd2a:	4000 
    bd2b:	7211 	mvdm   0x3fbb,ar1
    bd2c:	3fbb 
    bd2d:	10f8 	ld     *(0x3fb9),a
    bd2e:	3fb9 
    bd2f:	f010 	sub    #1,a
    bd30:	0001 
    bd31:	f842 	bc     0xbd39,ageq
    bd32:	bd39 
    bd33:	7722 	stm    #8,spc0
    bd34:	0008 
    bd35:	7701 	stm    #16,ifr
    bd36:	0010 
    bd37:	7722 	stm    #200,spc0
    bd38:	00c8 
    bd39:	7191 	mvdk   *ar1+,0x21
    bd3a:	0021 
    bd3b:	69f8 	orm    #16,*(0x435b)
    bd3c:	435b 
    bd3d:	0010 
    bd3e:	7311 	mvmd   ar1,0x3fbb
    bd3f:	3fbb 
    bd40:	69f8 	orm    #16,*(0x0)
    bd41:	0000 
    bd42:	0010 
    bd43:	69f8 	orm    #4097,*(0x3fb8)
    bd44:	3fb8 
    bd45:	1001 
    bd46:	fc00 	ret    
    bd47:	10f8 	ld     *(0x4361),a
    bd48:	4361 
    bd49:	f844 	bc     0xbd68,aneq
    bd4a:	bd68 
    bd4b:	68f8 	andm   #-17,*(0x0)
    bd4c:	0000 
    bd4d:	ffef 
    bd4e:	69f8 	orm    #1,*(0x3fd3)
    bd4f:	3fd3 
    bd50:	0001 
    bd51:	60f8 	cmpm   *(0x3fba),#3
    bd52:	3fba 
    bd53:	0003 
    bd54:	f830 	bc     0xbd5c,tc
    bd55:	bd5c 
    bd56:	7722 	stm    #8,spc0
    bd57:	0008 
    bd58:	7701 	stm    #16,ifr
    bd59:	0010 
    bd5a:	7722 	stm    #200,spc0
    bd5b:	00c8 
    bd5c:	76f8 	st     #15872,*(0x3fbc)
    bd5d:	3fbc 
    bd5e:	3e00 
    bd5f:	69f8 	orm    #16,*(0x435b)
    bd60:	435b 
    bd61:	0010 
    bd62:	69f8 	orm    #16,*(0x0)
    bd63:	0000 
    bd64:	0010 
    bd65:	69f8 	orm    #8196,*(0x3fb8)
    bd66:	3fb8 
    bd67:	2004 
    bd68:	fc00 	ret    
    bd69:	7212 	mvdm   0x3fc1,ar2
    bd6a:	3fc1 
    bd6b:	69f8 	orm    #1,*(0x3fad)
    bd6c:	3fad 
    bd6d:	0001 
    bd6e:	fc00 	ret    
    bd6f:	10f8 	ld     *(0x4361),a
    bd70:	4361 
    bd71:	f844 	bc     0xbd83,aneq
    bd72:	bd83 
    bd73:	76f8 	st     #7,*(0x4a9a)
    bd74:	4a9a 
    bd75:	0007 
    bd76:	f074 	call   0xbce6
    bd77:	bce6 
    bd78:	7211 	mvdm   0x3fbd,ar1
    bd79:	3fbd 
    bd7a:	7710 	stm    #-160,ar0
    bd7b:	ff60 
    bd7c:	7719 	stm    #350,bk
    bd7d:	015e 
    bd7e:	f495 	nop    
    bd7f:	6dd9 	mar    *ar1+0%
    bd80:	f495 	nop    
    bd81:	7311 	mvmd   ar1,0x3fbd
    bd82:	3fbd 
    bd83:	fc00 	ret    
    bd84:	10f8 	ld     *(0x4361),a
    bd85:	4361 
    bd86:	f844 	bc     0xbd92,aneq
    bd87:	bd92 
    bd88:	76f8 	st     #248,*(0x4a9a)
    bd89:	4a9a 
    bd8a:	00f8 
    bd8b:	f074 	call   0xbce6
    bd8c:	bce6 
    bd8d:	f074 	call   0xbea3
    bd8e:	bea3 
    bd8f:	76f8 	st     #255,*(0x4a9a)
    bd90:	4a9a 
    bd91:	00ff 
    bd92:	f074 	call   0xbcdd
    bd93:	bcdd 
    bd94:	f074 	call   0xbd97
    bd95:	bd97 
    bd96:	fc00 	ret    
    bd97:	69f8 	orm    #512,*(0x3faa)
    bd98:	3faa 
    bd99:	0200 
    bd9a:	f074 	call   0xbd9d
    bd9b:	bd9d 
    bd9c:	fc00 	ret    
    bd9d:	f074 	call   0xbdc9
    bd9e:	bdc9 
    bd9f:	f074 	call   0xbe29
    bda0:	be29 
    bda1:	61f8 	bitf   *(0x8d9),#8
    bda2:	08d9 
    bda3:	0008 
    bda4:	f820 	bc     0xbdb1,ntc
    bda5:	bdb1 
    bda6:	61f8 	bitf   *(0x3fbf),#16
    bda7:	3fbf 
    bda8:	0010 
    bda9:	7710 	stm    #2596,ar0
    bdaa:	0a24 
    bdab:	ff30 	xc     2,tc
    bdac:	7710 	stm    #2414,ar0
    bdad:	096e 
    bdae:	ec13 	rpt    #19
    bdaf:	7c90 	mvpd   0xbdbe,*ar0+
    bdb0:	bdbe 
    bdb1:	e830 	ld     #48,a
    bdb2:	f074 	call   0xa9ea
    bdb3:	a9ea 
    bdb4:	68f8 	andm   #32767,*(0xa24)
    bdb5:	0a24 
    bdb6:	7fff 
    bdb7:	68f8 	andm   #32767,*(0x96e)
    bdb8:	096e 
    bdb9:	7fff 
    bdba:	68f8 	andm   #32767,*(0xa15)
    bdbb:	0a15 
    bdbc:	7fff 
    bdbd:	fc00 	ret    
    bdbe:	c000 	st     a,*ar2 || add    *ar2,a
    bdbf:	2e28 	masr   DP+0x28,a
    bdc0:	0000 	add    DP+0x00,a
    bdc1:	2e19 	masr   DP+0x19,a
    bdc2:	d8f9 	st     a,*ar3+ || mas    *ar5+0%,a
    bdc3:	3ef0 	add    *+ar0(0x405)%,16,b,a
    bdc4:	0405 
    bdc5:	6979 	orm    #-23298,DP+0x79
    bdc6:	a4fe 
    bdc7:	00be 	add    *ar6+0B,a
    bdc8:	f000 	add    #30483,a
    bdc9:	7713 
    bdca:	09f0 	sub    *+ar0(0x7715)%,b
    bdcb:	7715 
    bdcc:	0a24 	subs   DP+0x24,a
    bdcd:	61f8 	bitf   *(0x3fbf),#16
    bdce:	3fbf 
    bdcf:	0010 
    bdd0:	f820 	bc     0xbdd6,ntc
    bdd1:	bdd6 
    bdd2:	7713 	stm    #2392,ar3
    bdd3:	0958 
    bdd4:	7715 	stm    #2414,ar5
    bdd5:	096e 
    bdd6:	7212 	mvdm   0x3fc1,ar2
    bdd7:	3fc1 
    bdd8:	f495 	nop    
    bdd9:	11e2 	ld     *ar2(0x9),b
    bdda:	0009 
    bddb:	f3f4 	sftl   b,-12
    bddc:	f330 	and    #7,b
    bddd:	0007 
    bdde:	f84d 	bc     0xbe28,beq
    bddf:	be28 
    bde0:	ec0a 	rpt    #10
    bde1:	e59b 	mvdd   *ar3+,*ar5+
    bde2:	6ded 	mar    *+ar5(0xfff5)
    bde3:	fff5 
    bde4:	7695 	st     #-32768,*ar5+
    bde5:	8000 
    bde6:	f210 	sub    #1,b,a
    bde7:	0001 
    bde8:	f845 	bc     0xbdf8,aeq
    bde9:	bdf8 
    bdea:	f210 	sub    #4,b,a
    bdeb:	0004 
    bdec:	f845 	bc     0xbe00,aeq
    bded:	be00 
    bdee:	f210 	sub    #5,b,a
    bdef:	0005 
    bdf0:	f845 	bc     0xbe08,aeq
    bdf1:	be08 
    bdf2:	f210 	sub    #6,b,a
    bdf3:	0006 
    bdf4:	f845 	bc     0xbe14,aeq
    bdf5:	be14 
    bdf6:	f073 	b      0xbe28
    bdf7:	be28 
    bdf8:	10f8 	ld     *(0x4355),a
    bdf9:	4355 
    bdfa:	f030 	and    #4,a
    bdfb:	0004 
    bdfc:	f844 	bc     0xbe25,aneq
    bdfd:	be25 
    bdfe:	f073 	b      0xbe20
    bdff:	be20 
    be00:	10f8 	ld     *(0x4355),a
    be01:	4355 
    be02:	f030 	and    #5,a
    be03:	0005 
    be04:	f844 	bc     0xbe25,aneq
    be05:	be25 
    be06:	f073 	b      0xbe20
    be07:	be20 
    be08:	11f8 	ld     *(0x4355),b
    be09:	4355 
    be0a:	f230 	and    #24,b,a
    be0b:	0018 
    be0c:	f845 	bc     0xbe25,aeq
    be0d:	be25 
    be0e:	f230 	and    #4,b,a
    be0f:	0004 
    be10:	f844 	bc     0xbe25,aneq
    be11:	be25 
    be12:	f073 	b      0xbe20
    be13:	be20 
    be14:	10f8 	ld     *(0x4355),a
    be15:	4355 
    be16:	f030 	and    #24,a
    be17:	0018 
    be18:	f845 	bc     0xbe25,aeq
    be19:	be25 
    be1a:	10f8 	ld     *(0x4355),a
    be1b:	4355 
    be1c:	f030 	and    #13,a
    be1d:	000d 
    be1e:	f844 	bc     0xbe25,aneq
    be1f:	be25 
    be20:	61f8 	bitf   *(0x9e1),#-32768
    be21:	09e1 
    be22:	8000 
    be23:	f820 	bc     0xbe28,ntc
    be24:	be28 
    be25:	e800 	ld     #0,a
    be26:	ec0a 	rpt    #10
    be27:	8095 	stl    a,*ar5+
    be28:	fc00 	ret    
    be29:	61f8 	bitf   *(0x8d7),#8
    be2a:	08d7 
    be2b:	0008 
    be2c:	f820 	bc     0xbe3d,ntc
    be2d:	be3d 
    be2e:	7713 	stm    #2414,ar3
    be2f:	096e 
    be30:	7715 	stm    #2596,ar5
    be31:	0a24 
    be32:	61f8 	bitf   *(0x3fbf),#16
    be33:	3fbf 
    be34:	0010 
    be35:	f820 	bc     0xbe3b,ntc
    be36:	be3b 
    be37:	7713 	stm    #2596,ar3
    be38:	0a24 
    be39:	7715 	stm    #2414,ar5
    be3a:	096e 
    be3b:	ec13 	rpt    #19
    be3c:	e59b 	mvdd   *ar3+,*ar5+
    be3d:	fc00 	ret    
    be3e:	f6b6 	rsbx   st1,frct
    be3f:	10f8 	ld     *(0x4366),a
    be40:	4366 
    be41:	80f8 	stl    a,*(0x4356)
    be42:	4356 
    be43:	10f8 	ld     *(0x4365),a
    be44:	4365 
    be45:	61f8 	bitf   *(0x3fab),#256
    be46:	3fab 
    be47:	0100 
    be48:	f820 	bc     0xbe4c,ntc
    be49:	be4c 
    be4a:	f010 	sub    #1,a
    be4b:	0001 
    be4c:	f1ff 	sftl   a,-1,b
    be4d:	62f8 	mpy    *(0x3fba),#12,a
    be4e:	3fba 
    be4f:	000c 
    be50:	00f8 	add    *(0x4366),a
    be51:	4366 
    be52:	f600 	add    b,a
    be53:	80f8 	stl    a,*(0x4366)
    be54:	4366 
    be55:	7211 	mvdm   0x4366,ar1
    be56:	4366 
    be57:	f495 	nop    
    be58:	1081 	ld     *ar1,a
    be59:	fc45 	rc     aeq
    be5a:	80f8 	stl    a,*(0x4366)
    be5b:	4366 
    be5c:	fc00 	ret    
    be5d:	f6b6 	rsbx   st1,frct
    be5e:	10f8 	ld     *(0x4365),a
    be5f:	4365 
    be60:	61f8 	bitf   *(0x3fab),#256
    be61:	3fab 
    be62:	0100 
    be63:	f820 	bc     0xbe67,ntc
    be64:	be67 
    be65:	f010 	sub    #1,a
    be66:	0001 
    be67:	f1ff 	sftl   a,-1,b
    be68:	62f8 	mpy    *(0x3fb9),#12,a
    be69:	3fb9 
    be6a:	000c 
    be6b:	00f8 	add    *(0x4367),a
    be6c:	4367 
    be6d:	f600 	add    b,a
    be6e:	80f8 	stl    a,*(0x4367)
    be6f:	4367 
    be70:	7211 	mvdm   0x4367,ar1
    be71:	4367 
    be72:	f495 	nop    
    be73:	1081 	ld     *ar1,a
    be74:	fc45 	rc     aeq
    be75:	80f8 	stl    a,*(0x4367)
    be76:	4367 
    be77:	fc00 	ret    
    be78:	68f8 	andm   #-513,*(0x3fbf)
    be79:	3fbf 
    be7a:	fdff 
    be7b:	68f8 	andm   #-513,*(0x3fae)
    be7c:	3fae 
    be7d:	fdff 
    be7e:	7212 	mvdm   0x3fc1,ar2
    be7f:	3fc1 
    be80:	61f8 	bitf   *(0x3fbf),#16
    be81:	3fbf 
    be82:	0010 
    be83:	10e2 	ld     *ar2(0x8),a
    be84:	0008 
    be85:	f0f8 	sftl   a,-8
    be86:	f030 	and    #127,a
    be87:	007f 
    be88:	f830 	bc     0xbe93,tc
    be89:	be93 
    be8a:	f110 	sub    #6,a,b
    be8b:	0006 
    be8c:	f84d 	bc     0xbe9c,beq
    be8d:	be9c 
    be8e:	f110 	sub    #58,a,b
    be8f:	003a 
    be90:	f84d 	bc     0xbe9c,beq
    be91:	be9c 
    be92:	fc00 	ret    
    be93:	f110 	sub    #20,a,b
    be94:	0014 
    be95:	f84d 	bc     0xbe9c,beq
    be96:	be9c 
    be97:	f110 	sub    #72,a,b
    be98:	0048 
    be99:	f84d 	bc     0xbe9c,beq
    be9a:	be9c 
    be9b:	fc00 	ret    
    be9c:	69f8 	orm    #512,*(0x3fbf)
    be9d:	3fbf 
    be9e:	0200 
    be9f:	69f8 	orm    #512,*(0x3fae)
    bea0:	3fae 
    bea1:	0200 
    bea2:	fc00 	ret    
    bea3:	61f8 	bitf   *(0x8d7),#4
    bea4:	08d7 
    bea5:	0004 
    bea6:	f820 	bc     0xbeef,ntc
    bea7:	beef 
    bea8:	e900 	ld     #0,b
    bea9:	61f8 	bitf   *(0x3fbf),#16
    beaa:	3fbf 
    beab:	0010 
    beac:	f830 	bc     0xbecf,tc
    bead:	becf 
    beae:	10f8 	ld     *(0xa24),a
    beaf:	0a24 
    beb0:	f030 	and    #16384,a
    beb1:	4000 
    beb2:	f493 	cmpl   a
    beb3:	18f8 	and    *(0x435c),a
    beb4:	435c 
    beb5:	f1a0 	or     a,b
    beb6:	10f8 	ld     *(0xa24),a
    beb7:	0a24 
    beb8:	f030 	and    #16384,a
    beb9:	4000 
    beba:	f1a0 	or     a,b
    bebb:	10f8 	ld     *(0x3fbf),a
    bebc:	3fbf 
    bebd:	f030 	and    #8,a
    bebe:	0008 
    bebf:	f1a0 	or     a,b
    bec0:	10f8 	ld     *(0xa24),a
    bec1:	0a24 
    bec2:	f030 	and    #16384,a
    bec3:	4000 
    bec4:	80f8 	stl    a,*(0x435c)
    bec5:	435c 
    bec6:	69f8 	orm    #-32768,*(0xa24)
    bec7:	0a24 
    bec8:	8000 
    bec9:	f84c 	bc     0xbeef,bneq
    beca:	beef 
    becb:	68f8 	andm   #32767,*(0xa24)
    becc:	0a24 
    becd:	7fff 
    bece:	fc00 	ret    
    becf:	10f8 	ld     *(0x96e),a
    bed0:	096e 
    bed1:	f030 	and    #16384,a
    bed2:	4000 
    bed3:	f493 	cmpl   a
    bed4:	18f8 	and    *(0x435c),a
    bed5:	435c 
    bed6:	f1a0 	or     a,b
    bed7:	10f8 	ld     *(0x96e),a
    bed8:	096e 
    bed9:	f030 	and    #16384,a
    beda:	4000 
    bedb:	f1a0 	or     a,b
    bedc:	10f8 	ld     *(0x3fbf),a
    bedd:	3fbf 
    bede:	f030 	and    #8,a
    bedf:	0008 
    bee0:	f1a0 	or     a,b
    bee1:	10f8 	ld     *(0x96e),a
    bee2:	096e 
    bee3:	f030 	and    #16384,a
    bee4:	4000 
    bee5:	80f8 	stl    a,*(0x435c)
    bee6:	435c 
    bee7:	69f8 	orm    #-32768,*(0x96e)
    bee8:	096e 
    bee9:	8000 
    beea:	f84c 	bc     0xbeef,bneq
    beeb:	beef 
    beec:	68f8 	andm   #32767,*(0x96e)
    beed:	096e 
    beee:	7fff 
    beef:	fc00 	ret    
    bef0:	68f8 	andm   #-9,*(0x3fbf)
    bef1:	3fbf 
    bef2:	fff7 
    bef3:	61f8 	bitf   *(0x3fbf),#16
    bef4:	3fbf 
    bef5:	0010 
    bef6:	f830 	bc     0xbf0f,tc
    bef7:	bf0f 
    bef8:	7212 	mvdm   0x3fc1,ar2
    bef9:	3fc1 
    befa:	f495 	nop    
    befb:	10e2 	ld     *ar2(0x8),a
    befc:	0008 
    befd:	f0f8 	sftl   a,-8
    befe:	f030 	and    #127,a
    beff:	007f 
    bf00:	f110 	sub    #101,a,b
    bf01:	0065 
    bf02:	f84c 	bc     0xbf07,bneq
    bf03:	bf07 
    bf04:	69f8 	orm    #8,*(0x3fbf)
    bf05:	3fbf 
    bf06:	0008 
    bf07:	f110 	sub    #49,a,b
    bf08:	0031 
    bf09:	f84c 	bc     0xbf0e,bneq
    bf0a:	bf0e 
    bf0b:	69f8 	orm    #8,*(0x3fbf)
    bf0c:	3fbf 
    bf0d:	0008 
    bf0e:	fc00 	ret    
    bf0f:	7212 	mvdm   0x3fc1,ar2
    bf10:	3fc1 
    bf11:	f495 	nop    
    bf12:	10e2 	ld     *ar2(0x8),a
    bf13:	0008 
    bf14:	f0f8 	sftl   a,-8
    bf15:	f030 	and    #127,a
    bf16:	007f 
    bf17:	f110 	sub    #11,a,b
    bf18:	000b 
    bf19:	f84c 	bc     0xbf1e,bneq
    bf1a:	bf1e 
    bf1b:	69f8 	orm    #8,*(0x3fbf)
    bf1c:	3fbf 
    bf1d:	0008 
    bf1e:	f110 	sub    #63,a,b
    bf1f:	003f 
    bf20:	f84c 	bc     0xbf25,bneq
    bf21:	bf25 
    bf22:	69f8 	orm    #8,*(0x3fbf)
    bf23:	3fbf 
    bf24:	0008 
    bf25:	fc00 	ret    
    bf26:	f074 	call   0xb74c
    bf27:	b74c 
    bf28:	61f8 	bitf   *(0x91c),#1
    bf29:	091c 
    bf2a:	0001 
    bf2b:	f820 	bc     0xbf58,ntc
    bf2c:	bf58 
    bf2d:	68f8 	andm   #-513,*(0x3f92)
    bf2e:	3f92 
    bf2f:	fdff 
    bf30:	61f8 	bitf   *(0x91c),#2
    bf31:	091c 
    bf32:	0002 
    bf33:	f820 	bc     0xbf3e,ntc
    bf34:	bf3e 
    bf35:	10f8 	ld     *(0x4353),a
    bf36:	4353 
    bf37:	f4e3 	cala   a
    bf38:	69f8 	orm    #512,*(0x3f92)
    bf39:	3f92 
    bf3a:	0200 
    bf3b:	68f8 	andm   #-129,*(0x91c)
    bf3c:	091c 
    bf3d:	ff7f 
    bf3e:	68f8 	andm   #-1025,*(0x3f92)
    bf3f:	3f92 
    bf40:	fbff 
    bf41:	61f8 	bitf   *(0x91c),#4
    bf42:	091c 
    bf43:	0004 
    bf44:	f820 	bc     0xbf55,ntc
    bf45:	bf55 
    bf46:	69f8 	orm    #1024,*(0x3f92)
    bf47:	3f92 
    bf48:	0400 
    bf49:	61f8 	bitf   *(0x91c),#256
    bf4a:	091c 
    bf4b:	0100 
    bf4c:	f820 	bc     0xbf55,ntc
    bf4d:	bf55 
    bf4e:	68f8 	andm   #-257,*(0x91c)
    bf4f:	091c 
    bf50:	feff 
    bf51:	10f8 	ld     *(0x4354),a
    bf52:	4354 
    bf53:	f074 	call   0xaac3
    bf54:	aac3 
    bf55:	68f8 	andm   #-2,*(0x91c)
    bf56:	091c 
    bf57:	fffe 
    bf58:	7211 	mvdm   0x3fc1,ar1
    bf59:	3fc1 
    bf5a:	f495 	nop    
    bf5b:	11e1 	ld     *ar1(0x9),b
    bf5c:	0009 
    bf5d:	f2fc 	sftl   b,-4,a
    bf5e:	f030 	and    #15,a
    bf5f:	000f 
    bf60:	f3e0 	sftl   b,0
    bf61:	f330 	and    #15,b
    bf62:	000f 
    bf63:	f010 	sub    #1,a
    bf64:	0001 
    bf65:	f845 	bc     0xbf6d,aeq
    bf66:	bf6d 
    bf67:	f210 	sub    #10,b,a
    bf68:	000a 
    bf69:	f845 	bc     0xbfcb,aeq
    bf6a:	bfcb 
    bf6b:	f073 	b      0xb906
    bf6c:	b906 
    bf6d:	f210 	sub    #8,b,a
    bf6e:	0008 
    bf6f:	f845 	bc     0xbf77,aeq
    bf70:	bf77 
    bf71:	f210 	sub    #11,b,a
    bf72:	000b 
    bf73:	f845 	bc     0xbfa1,aeq
    bf74:	bfa1 
    bf75:	f880 	fb     0xaf35
    bf76:	af35 
    bf77:	f074 	call   0xba5f
    bf78:	ba5f 
    bf79:	e83f 	ld     #63,a
    bf7a:	f074 	call   0xa9ea
    bf7b:	a9ea 
    bf7c:	e826 	ld     #38,a
    bf7d:	f074 	call   0xa9ea
    bf7e:	a9ea 
    bf7f:	f074 	call   0xae94
    bf80:	ae94 
    bf81:	f074 	call   0xc030
    bf82:	c030 
    bf83:	f020 	ld     #-20180,a
    bf84:	b12c 
    bf85:	f074 	call   0xaac3
    bf86:	aac3 
    bf87:	f020 	ld     #-17542,a
    bf88:	bb7a 
    bf89:	f074 	call   0xaac3
    bf8a:	aac3 
    bf8b:	69f8 	orm    #1,*(0x3fb1)
    bf8c:	3fb1 
    bf8d:	0001 
    bf8e:	f020 	ld     #-16339,a
    bf8f:	c02d 
    bf90:	f074 	call   0xaa9f
    bf91:	aa9f 
    bf92:	10f8 	ld     *(0x435a),a
    bf93:	435a 
    bf94:	80f8 	stl    a,*(0x4365)
    bf95:	4365 
    bf96:	76f8 	st     #-18142,*(0x4366)
    bf97:	4366 
    bf98:	b922 
    bf99:	76f8 	st     #-18105,*(0x4367)
    bf9a:	4367 
    bf9b:	b947 
    bf9c:	f020 	ld     #-16173,a
    bf9d:	c0d3 
    bf9e:	f074 	call   0xaac3
    bf9f:	aac3 
    bfa0:	fc00 	ret    
    bfa1:	f074 	call   0xba5f
    bfa2:	ba5f 
    bfa3:	e83f 	ld     #63,a
    bfa4:	f074 	call   0xa9ea
    bfa5:	a9ea 
    bfa6:	e826 	ld     #38,a
    bfa7:	f074 	call   0xa9ea
    bfa8:	a9ea 
    bfa9:	f074 	call   0xae94
    bfaa:	ae94 
    bfab:	f074 	call   0xc030
    bfac:	c030 
    bfad:	f020 	ld     #-20180,a
    bfae:	b12c 
    bfaf:	f074 	call   0xaac3
    bfb0:	aac3 
    bfb1:	f020 	ld     #-17542,a
    bfb2:	bb7a 
    bfb3:	f074 	call   0xaac3
    bfb4:	aac3 
    bfb5:	69f8 	orm    #1,*(0x3fb1)
    bfb6:	3fb1 
    bfb7:	0001 
    bfb8:	f020 	ld     #-16339,a
    bfb9:	c02d 
    bfba:	f074 	call   0xaa9f
    bfbb:	aa9f 
    bfbc:	10f8 	ld     *(0x435a),a
    bfbd:	435a 
    bfbe:	80f8 	stl    a,*(0x4365)
    bfbf:	4365 
    bfc0:	76f8 	st     #-18075,*(0x4366)
    bfc1:	4366 
    bfc2:	b965 
    bfc3:	76f8 	st     #-18039,*(0x4367)
    bfc4:	4367 
    bfc5:	b989 
    bfc6:	f020 	ld     #-16173,a
    bfc7:	c0d3 
    bfc8:	f074 	call   0xaac3
    bfc9:	aac3 
    bfca:	fc00 	ret    
    bfcb:	f074 	call   0xb8e9
    bfcc:	b8e9 
    bfcd:	e83e 	ld     #62,a
    bfce:	f074 	call   0xa9ea
    bfcf:	a9ea 
    bfd0:	e826 	ld     #38,a
    bfd1:	f074 	call   0xa9ea
    bfd2:	a9ea 
    bfd3:	f074 	call   0xae94
    bfd4:	ae94 
    bfd5:	f074 	call   0xc066
    bfd6:	c066 
    bfd7:	f020 	ld     #-20180,a
    bfd8:	b12c 
    bfd9:	f074 	call   0xaac3
    bfda:	aac3 
    bfdb:	f020 	ld     #-17542,a
    bfdc:	bb7a 
    bfdd:	f074 	call   0xaac3
    bfde:	aac3 
    bfdf:	69f8 	orm    #1,*(0x3fb1)
    bfe0:	3fb1 
    bfe1:	0001 
    bfe2:	f020 	ld     #-16339,a
    bfe3:	c02d 
    bfe4:	f074 	call   0xaa9f
    bfe5:	aa9f 
    bfe6:	10f8 	ld     *(0x435a),a
    bfe7:	435a 
    bfe8:	80f8 	stl    a,*(0x4365)
    bfe9:	4365 
    bfea:	76f8 	st     #-18009,*(0x4366)
    bfeb:	4366 
    bfec:	b9a7 
    bfed:	76f8 	st     #-17974,*(0x4367)
    bfee:	4367 
    bfef:	b9ca 
    bff0:	fc00 	ret    
    bff1:	f074 	call   0xb8e9
    bff2:	b8e9 
    bff3:	e83e 	ld     #62,a
    bff4:	f074 	call   0xa9ea
    bff5:	a9ea 
    bff6:	e826 	ld     #38,a
    bff7:	f074 	call   0xa9ea
    bff8:	a9ea 
    bff9:	7211 	mvdm   0x3fc1,ar1
    bffa:	3fc1 
    bffb:	f495 	nop    
    bffc:	11e1 	ld     *ar1(0x9),b
    bffd:	0009 
    bffe:	f3e0 	sftl   b,0
    bfff:	f330 	and    #15,b
    c000:	000f 
    c001:	f210 	sub    #10,b,a
    c002:	000a 
    c003:	f844 	bc     0xc009,aneq
    c004:	c009 
    c005:	f074 	call   0xc066
    c006:	c066 
    c007:	f073 	b      0xc00b
    c008:	c00b 
    c009:	f074 	call   0xb95b
    c00a:	b95b 
    c00b:	fc00 	ret    
    c00c:	f020 	ld     #768,a
    c00d:	0300 
    c00e:	18e2 	and    *ar2(0x9),a
    c00f:	0009 
    c010:	f845 	bc     0xc02c,aeq
    c011:	c02c 
    c012:	f982 	fcall  0x28acb
    c013:	8acb 
    c014:	7211 	mvdm   0x3fc1,ar1
    c015:	3fc1 
    c016:	f495 	nop    
    c017:	11e1 	ld     *ar1(0x9),b
    c018:	0009 
    c019:	f3e0 	sftl   b,0
    c01a:	f330 	and    #15,b
    c01b:	000f 
    c01c:	f210 	sub    #8,b,a
    c01d:	0008 
    c01e:	f844 	bc     0xc026,aneq
    c01f:	c026 
    c020:	f982 	fcall  0x28009
    c021:	8009 
    c022:	f982 	fcall  0x2800c
    c023:	800c 
    c024:	f073 	b      0xc02a
    c025:	c02a 
    c026:	f982 	fcall  0x28003
    c027:	8003 
    c028:	f982 	fcall  0x28006
    c029:	8006 
    c02a:	f982 	fcall  0x28af8
    c02b:	8af8 
    c02c:	fc00 	ret    
    c02d:	f982 	fcall  0x28000
    c02e:	8000 
    c02f:	fc00 	ret    
    c030:	f074 	call   0xc00c
    c031:	c00c 
    c032:	69f8 	orm    #1,*(0x3fd3)
    c033:	3fd3 
    c034:	0001 
    c035:	60f8 	cmpm   *(0x3fba),#2
    c036:	3fba 
    c037:	0002 
    c038:	f820 	bc     0xc04d,ntc
    c039:	c04d 
    c03a:	60f8 	cmpm   *(0x4359),#0
    c03b:	4359 
    c03c:	0000 
    c03d:	f830 	bc     0xc049,tc
    c03e:	c049 
    c03f:	60f8 	cmpm   *(0x4359),#4
    c040:	4359 
    c041:	0004 
    c042:	f830 	bc     0xc049,tc
    c043:	c049 
    c044:	60f8 	cmpm   *(0x4359),#9
    c045:	4359 
    c046:	0009 
    c047:	f820 	bc     0xc04d,ntc
    c048:	c04d 
    c049:	f074 	call   0xbd1e
    c04a:	bd1e 
    c04b:	f074 	call   0xbc47
    c04c:	bc47 
    c04d:	60f8 	cmpm   *(0x3fb9),#0
    c04e:	3fb9 
    c04f:	0000 
    c050:	f820 	bc     0xc065,ntc
    c051:	c065 
    c052:	60f8 	cmpm   *(0x4359),#0
    c053:	4359 
    c054:	0000 
    c055:	f830 	bc     0xc061,tc
    c056:	c061 
    c057:	60f8 	cmpm   *(0x4359),#4
    c058:	4359 
    c059:	0004 
    c05a:	f830 	bc     0xc061,tc
    c05b:	c061 
    c05c:	60f8 	cmpm   *(0x4359),#8
    c05d:	4359 
    c05e:	0008 
    c05f:	f820 	bc     0xc065,ntc
    c060:	c065 
    c061:	f074 	call   0xbd47
    c062:	bd47 
    c063:	f074 	call   0xbccb
    c064:	bccb 
    c065:	fc00 	ret    
    c066:	f074 	call   0xc00c
    c067:	c00c 
    c068:	69f8 	orm    #1,*(0x3fd3)
    c069:	3fd3 
    c06a:	0001 
    c06b:	60f8 	cmpm   *(0x3fba),#2
    c06c:	3fba 
    c06d:	0002 
    c06e:	f820 	bc     0xc099,ntc
    c06f:	c099 
    c070:	61f8 	bitf   *(0x3fab),#256
    c071:	3fab 
    c072:	0100 
    c073:	f830 	bc     0xc08a,tc
    c074:	c08a 
    c075:	60f8 	cmpm   *(0x4359),#3
    c076:	4359 
    c077:	0003 
    c078:	f830 	bc     0xc084,tc
    c079:	c084 
    c07a:	60f8 	cmpm   *(0x4359),#8
    c07b:	4359 
    c07c:	0008 
    c07d:	f830 	bc     0xc084,tc
    c07e:	c084 
    c07f:	60f8 	cmpm   *(0x4359),#12
    c080:	4359 
    c081:	000c 
    c082:	f820 	bc     0xc099,ntc
    c083:	c099 
    c084:	f074 	call   0xbd1e
    c085:	bd1e 
    c086:	f074 	call   0xbc47
    c087:	bc47 
    c088:	f073 	b      0xc099
    c089:	c099 
    c08a:	60f8 	cmpm   *(0x4359),#0
    c08b:	4359 
    c08c:	0000 
    c08d:	f830 	bc     0xc084,tc
    c08e:	c084 
    c08f:	60f8 	cmpm   *(0x4359),#4
    c090:	4359 
    c091:	0004 
    c092:	f830 	bc     0xc084,tc
    c093:	c084 
    c094:	60f8 	cmpm   *(0x4359),#9
    c095:	4359 
    c096:	0009 
    c097:	f830 	bc     0xc084,tc
    c098:	c084 
    c099:	60f8 	cmpm   *(0x3fb9),#0
    c09a:	3fb9 
    c09b:	0000 
    c09c:	f820 	bc     0xc0c7,ntc
    c09d:	c0c7 
    c09e:	61f8 	bitf   *(0x3fab),#256
    c09f:	3fab 
    c0a0:	0100 
    c0a1:	f830 	bc     0xc0b8,tc
    c0a2:	c0b8 
    c0a3:	60f8 	cmpm   *(0x4359),#12
    c0a4:	4359 
    c0a5:	000c 
    c0a6:	f830 	bc     0xc0b2,tc
    c0a7:	c0b2 
    c0a8:	60f8 	cmpm   *(0x4359),#3
    c0a9:	4359 
    c0aa:	0003 
    c0ab:	f830 	bc     0xc0b2,tc
    c0ac:	c0b2 
    c0ad:	60f8 	cmpm   *(0x4359),#7
    c0ae:	4359 
    c0af:	0007 
    c0b0:	f820 	bc     0xc0c7,ntc
    c0b1:	c0c7 
    c0b2:	f074 	call   0xbd47
    c0b3:	bd47 
    c0b4:	f074 	call   0xbccb
    c0b5:	bccb 
    c0b6:	f073 	b      0xc0c7
    c0b7:	c0c7 
    c0b8:	60f8 	cmpm   *(0x4359),#12
    c0b9:	4359 
    c0ba:	000c 
    c0bb:	f830 	bc     0xc0b2,tc
    c0bc:	c0b2 
    c0bd:	60f8 	cmpm   *(0x4359),#4
    c0be:	4359 
    c0bf:	0004 
    c0c0:	f830 	bc     0xc0b2,tc
    c0c1:	c0b2 
    c0c2:	60f8 	cmpm   *(0x4359),#8
    c0c3:	4359 
    c0c4:	0008 
    c0c5:	f830 	bc     0xc0b2,tc
    c0c6:	c0b2 
    c0c7:	fc00 	ret    
    c0c8:	f074 	call   0xa9ea
    c0c9:	a9ea 
    c0ca:	f4e4 	fret   
    c0cb:	f300 	add    #16222,b
    c0cc:	3f5e 
    c0cd:	8917 	stlm   b,ar7
    c0ce:	f495 	nop    
    c0cf:	f495 	nop    
    c0d0:	1187 	ld     *ar7,b
    c0d1:	f5e3 	cala   b
    c0d2:	f4e4 	fret   
    c0d3:	f020 	ld     #768,a
    c0d4:	0300 
    c0d5:	18e2 	and    *ar2(0x9),a
    c0d6:	0009 
    c0d7:	f845 	bc     0xc0e1,aeq
    c0d8:	c0e1 
    c0d9:	f020 	ld     #-16158,a
    c0da:	c0e2 
    c0db:	f074 	call   0xaac3
    c0dc:	aac3 
    c0dd:	f020 	ld     #-16155,a
    c0de:	c0e5 
    c0df:	f074 	call   0xaac3
    c0e0:	aac3 
    c0e1:	fc00 	ret    
    c0e2:	f983 	fcall  0x3942e
    c0e3:	942e 
    c0e4:	fc00 	ret    
    c0e5:	f982 	fcall  0x2fbe5
    c0e6:	fbe5 
    c0e7:	fc00 	ret    
    c0e8:	f074 	call   0x9fe6
    c0e9:	9fe6 
    c0ea:	f4e4 	fret   
    c0eb:	13f8 	ldu    *(0x44af),b
    c0ec:	44af 
    c0ed:	f5e3 	cala   b
    c0ee:	f4e4 	fret   
    c0ef:	13f8 	ldu    *(0x44b0),b
    c0f0:	44b0 
    c0f1:	f5e3 	cala   b
    c0f2:	f4e4 	fret   
    c0f3:	f074 	call   0xc0f3
    c0f4:	c0f3 
    c0f5:	f4e4 	fret   
    c0f6:	f074 	call   0xc0f6
    c0f7:	c0f6 
    c0f8:	f4e4 	fret   
    c0f9:	f074 	call   0x886b
    c0fa:	886b 
    c0fb:	f4e4 	fret   
    c0fc:	f074 	call   0x8898
    c0fd:	8898 
    c0fe:	f4e4 	fret   
    c0ff:	f074 	call   0x8900
    c100:	8900 
    c101:	f4e4 	fret   
    c102:	f074 	call   0x8fb8
    c103:	8fb8 
    c104:	f4e4 	fret   
    c105:	f074 	call   0x920a
    c106:	920a 
    c107:	f4e4 	fret   
    c108:	f074 	call   0x75e8
    c109:	75e8 
    c10a:	f4e4 	fret   
    c10b:	f495 	nop    
    c10c:	f495 	nop    
    c10d:	76f8 	st     #-16110,*(0x3fe3)
    c10e:	3fe3 
    c10f:	c112 
    c110:	f073 	b      0xb4b6
    c111:	b4b6 
    c112:	f4e4 	fret   
    c113:	f981 	fcall  0x1a8b5
    c114:	a8b5 
    c115:	70f8 	mvkd   0x91d,*(0x382c)
    c116:	382c 
    c117:	091d 
    c118:	70f8 	mvkd   0x91e,*(0x382e)
    c119:	382e 
    c11a:	091e 
    c11b:	fc00 	ret    
    c11c:	ea70 	ld     #112,dp
    c11d:	f980 	fcall  0xf0c4
    c11e:	f0c4 
    c11f:	10f8 	ld     *(0x91c),a
    c120:	091c 
    c121:	f0fb 	sftl   a,-5
    c122:	f030 	and    #3,a
    c123:	0003 
    c124:	80f8 	stl    a,*(0x3809)
    c125:	3809 
    c126:	fc00 	ret    
    c127:	e82c 	ld     #44,a
    c128:	11f8 	ld     *(0x3f64),b
    c129:	3f64 
    c12a:	f5e3 	cala   b
    c12b:	61f8 	bitf   *(0x3f92),#1024
    c12c:	3f92 
    c12d:	0400 
    c12e:	f820 	bc     0xc149,ntc
    c12f:	c149 
    c130:	7707 	stm    #10048,st1
    c131:	2740 
    c132:	7213 	mvdm   0x3fbd,ar3
    c133:	3fbd 
    c134:	7719 	stm    #350,bk
    c135:	015e 
    c136:	7715 	stm    #11520,ar5
    c137:	2d00 
    c138:	7710 	stm    #1,ar0
    c139:	0001 
    c13a:	ec9f 	rpt    #159
    c13b:	e5db 	mvdd   *ar3+0%,*ar5+
    c13c:	ea70 	ld     #112,dp
    c13d:	f980 	fcall  0xf0c1
    c13e:	f0c1 
    c13f:	7215 	mvdm   0x3fbd,ar5
    c140:	3fbd 
    c141:	7719 	stm    #350,bk
    c142:	015e 
    c143:	7713 	stm    #11520,ar3
    c144:	2d00 
    c145:	7710 	stm    #1,ar0
    c146:	0001 
    c147:	ec9f 	rpt    #159
    c148:	e59f 	mvdd   *ar3+,*ar5+0%
    c149:	fc00 	ret    
    c14a:	f7b6 	ssbx   st1,frct
    c14b:	60f8 	cmpm   *(0x3fba),#3
    c14c:	3fba 
    c14d:	0003 
    c14e:	fa20 	bcd    0xc16b,ntc
    c14f:	c16b 
    c150:	7211 	mvdm   0x3fbb,ar1
    c151:	3fbb 
    c152:	7719 	stm    #350,bk
    c153:	015e 
    c154:	1181 	ld     *ar1,b
    c155:	76d1 	st     #0,*ar1+%
    c156:	0000 
    c157:	7719 	stm    #31,bk
    c158:	001f 
    c159:	7311 	mvmd   ar1,0x3fbb
    c15a:	3fbb 
    c15b:	7211 	mvdm   0x3dff,ar1
    c15c:	3dff 
    c15d:	f6b9 	rsbx   st1,ovm
    c15e:	81d1 	stl    b,*ar1+%
    c15f:	f171 	rptz   b,#30
    c160:	001e 
    c161:	79d1 	macp   *ar1+%,0xca3,b
    c162:	0ca3 
    c163:	f7b9 	ssbx   st1,ovm
    c164:	47f8 	rpt    *(0x904)
    c165:	0904 
    c166:	f761 	sfta   b,1
    c167:	7311 	mvmd   ar1,0x3dff
    c168:	3dff 
    c169:	730c 	mvmd   bh,0x21
    c16a:	0021 
    c16b:	7211 	mvdm   0x417f,ar1
    c16c:	417f 
    c16d:	7719 	stm    #31,bk
    c16e:	001f 
    c16f:	10f8 	ld     *(0x3fb9),a
    c170:	3fb9 
    c171:	f010 	sub    #1,a
    c172:	0001 
    c173:	fa43 	bcd    0xc19c,alt
    c174:	c19c 
    c175:	70d1 	mvkd   0x20,*ar1+%
    c176:	0020 
    c177:	61f8 	bitf   *(0x3f92),#512
    c178:	3f92 
    c179:	0200 
    c17a:	fa20 	bcd    0xc18a,ntc
    c17b:	c18a 
    c17c:	45f8 	ld     *(0x20),16,b
    c17d:	0020 
    c17e:	f6bf 	rsbx   st1,braf
    c17f:	fb81 	fcalld 0x1a8b2
    c180:	a8b2 
    c181:	44f8 	ld     *(0x21),16,a
    c182:	0021 
    c183:	7211 	mvdm   0x417f,ar1
    c184:	417f 
    c185:	7719 	stm    #31,bk
    c186:	001f 
    c187:	f495 	nop    
    c188:	f495 	nop    
    c189:	82d1 	sth    a,*ar1+%
    c18a:	f6b9 	rsbx   st1,ovm
    c18b:	f171 	rptz   b,#30
    c18c:	001e 
    c18d:	79d1 	macp   *ar1+%,0xc84,b
    c18e:	0c84 
    c18f:	7311 	mvmd   ar1,0x417f
    c190:	417f 
    c191:	7211 	mvdm   0x3fbc,ar1
    c192:	3fbc 
    c193:	7719 	stm    #350,bk
    c194:	015e 
    c195:	f7b9 	ssbx   st1,ovm
    c196:	47f8 	rpt    *(0x903)
    c197:	0903 
    c198:	f761 	sfta   b,1
    c199:	83d1 	sth    b,*ar1+%
    c19a:	7311 	mvmd   ar1,0x3fbc
    c19b:	3fbc 
    c19c:	fc00 	ret    
    c19d:	f7b6 	ssbx   st1,frct
    c19e:	7211 	mvdm   0x417f,ar1
    c19f:	417f 
    c1a0:	7719 	stm    #31,bk
    c1a1:	001f 
    c1a2:	f6b9 	rsbx   st1,ovm
    c1a3:	70d1 	mvkd   0x20,*ar1+%
    c1a4:	0020 
    c1a5:	f171 	rptz   b,#30
    c1a6:	001e 
    c1a7:	79d1 	macp   *ar1+%,0xc84,b
    c1a8:	0c84 
    c1a9:	7311 	mvmd   ar1,0x417f
    c1aa:	417f 
    c1ab:	f7b9 	ssbx   st1,ovm
    c1ac:	47f8 	rpt    *(0x903)
    c1ad:	0903 
    c1ae:	f761 	sfta   b,1
    c1af:	7719 	stm    #31,bk
    c1b0:	001f 
    c1b1:	7211 	mvdm   0x3dff,ar1
    c1b2:	3dff 
    c1b3:	f6b9 	rsbx   st1,ovm
    c1b4:	83d1 	sth    b,*ar1+%
    c1b5:	f171 	rptz   b,#30
    c1b6:	001e 
    c1b7:	79d1 	macp   *ar1+%,0xca3,b
    c1b8:	0ca3 
    c1b9:	f7b9 	ssbx   st1,ovm
    c1ba:	47f8 	rpt    *(0x904)
    c1bb:	0904 
    c1bc:	f761 	sfta   b,1
    c1bd:	7311 	mvmd   ar1,0x3dff
    c1be:	3dff 
    c1bf:	730c 	mvmd   bh,0x21
    c1c0:	0021 
    c1c1:	fc00 	ret    
    c1c2:	7211 	mvdm   0x3fbb,ar1
    c1c3:	3fbb 
    c1c4:	10f8 	ld     *(0x3fd1),a
    c1c5:	3fd1 
    c1c6:	f030 	and    #6144,a
    c1c7:	1800 
    c1c8:	f010 	sub    #6144,a
    c1c9:	1800 
    c1ca:	fa44 	bcd    0xc1d8,aneq
    c1cb:	c1d8 
    c1cc:	7719 	stm    #350,bk
    c1cd:	015e 
    c1ce:	7481 	portr  pa2096,*ar1
    c1cf:	0830 
    c1d0:	7211 	mvdm   0x3fbc,ar1
    c1d1:	3fbc 
    c1d2:	f495 	nop    
    c1d3:	6dc1 	mar    *ar1-%
    c1d4:	7581 	portw  *ar1,pa2080
    c1d5:	0820 
    c1d6:	f073 	b      0xc1df
    c1d7:	c1df 
    c1d8:	60f8 	cmpm   *(0x3fba),#3
    c1d9:	3fba 
    c1da:	0003 
    c1db:	f820 	bc     0xc1df,ntc
    c1dc:	c1df 
    c1dd:	7581 	portw  *ar1,pa2080
    c1de:	0820 
    c1df:	76f8 	st     #16,*(0x11)
    c1e0:	0011 
    c1e1:	0010 
    c1e2:	75f8 	portw  *(0x11),pa2054
    c1e3:	0011 
    c1e4:	0806 
    c1e5:	fc00 	ret    
    c1e6:	10f8 	ld     *(0x3fb9),a
    c1e7:	3fb9 
    c1e8:	f010 	sub    #1,a
    c1e9:	0001 
    c1ea:	7211 	mvdm   0x3fbc,ar1
    c1eb:	3fbc 
    c1ec:	fa43 	bcd    0xc1f3,alt
    c1ed:	c1f3 
    c1ee:	7719 	stm    #350,bk
    c1ef:	015e 
    c1f0:	6dc1 	mar    *ar1-%
    c1f1:	7481 	portr  pa2096,*ar1
    c1f2:	0830 
    c1f3:	76f8 	st     #4,*(0x11)
    c1f4:	0011 
    c1f5:	0004 
    c1f6:	75f8 	portw  *(0x11),pa2054
    c1f7:	0011 
    c1f8:	0806 
    c1f9:	fc00 	ret    
    c1fa:	7717 	stm    #2310,ar7
    c1fb:	0906 
    c1fc:	7716 	stm    #2311,ar6
    c1fd:	0907 
    c1fe:	1087 	ld     *ar7,a
    c1ff:	0886 	sub    *ar6,a
    c200:	f845 	bc     0xc221,aeq
    c201:	c221 
    c202:	7212 	mvdm   0x3fce,ar2
    c203:	3fce 
    c204:	7187 	mvdk   *ar7,0x907
    c205:	0907 
    c206:	68f8 	andm   #-4097,*(0x909)
    c207:	0909 
    c208:	efff 
    c209:	6187 	bitf   *ar7,#10753
    c20a:	2a01 
    c20b:	f930 	cc     0xc222,tc
    c20c:	c222 
    c20d:	6187 	bitf   *ar7,#4096
    c20e:	1000 
    c20f:	f930 	cc     0xc250,tc
    c210:	c250 
    c211:	6187 	bitf   *ar7,#16384
    c212:	4000 
    c213:	f930 	cc     0xc241,tc
    c214:	c241 
    c215:	6187 	bitf   *ar7,#2
    c216:	0002 
    c217:	f930 	cc     0xc25f,tc
    c218:	c25f 
    c219:	6187 	bitf   *ar7,#1024
    c21a:	0400 
    c21b:	f930 	cc     0xc269,tc
    c21c:	c269 
    c21d:	6187 	bitf   *ar7,#-1
    c21e:	ffff 
    c21f:	f920 	cc     0xc222,ntc
    c220:	c222 
    c221:	fc00 	ret    
    c222:	7711 	stm    #16736,ar1
    c223:	4160 
    c224:	f071 	rptz   a,#30
    c225:	001e 
    c226:	8091 	stl    a,*ar1+
    c227:	7711 	stm    #15840,ar1
    c228:	3de0 
    c229:	f071 	rptz   a,#30
    c22a:	001e 
    c22b:	8091 	stl    a,*ar1+
    c22c:	76f8 	st     #16736,*(0x417f)
    c22d:	417f 
    c22e:	4160 
    c22f:	76f8 	st     #15840,*(0x3dff)
    c230:	3dff 
    c231:	3de0 
    c232:	10e2 	ld     *ar2(0x0),a
    c233:	0000 
    c234:	80f8 	stl    a,*(0xd3)
    c235:	00d3 
    c236:	10e2 	ld     *ar2(0x1),a
    c237:	0001 
    c238:	80f8 	stl    a,*(0xdb)
    c239:	00db 
    c23a:	10e2 	ld     *ar2(0x2),a
    c23b:	0002 
    c23c:	80f8 	stl    a,*(0xe3)
    c23d:	00e3 
    c23e:	f074 	call   0xc2b3
    c23f:	c2b3 
    c240:	fc00 	ret    
    c241:	10e2 	ld     *ar2(0x4),a
    c242:	0004 
    c243:	80f8 	stl    a,*(0xd3)
    c244:	00d3 
    c245:	10e2 	ld     *ar2(0x5),a
    c246:	0005 
    c247:	80f8 	stl    a,*(0xdb)
    c248:	00db 
    c249:	10e2 	ld     *ar2(0x6),a
    c24a:	0006 
    c24b:	80f8 	stl    a,*(0xe3)
    c24c:	00e3 
    c24d:	f074 	call   0xc27b
    c24e:	c27b 
    c24f:	fc00 	ret    
    c250:	10e2 	ld     *ar2(0x7),a
    c251:	0007 
    c252:	80f8 	stl    a,*(0xd3)
    c253:	00d3 
    c254:	10e2 	ld     *ar2(0x8),a
    c255:	0008 
    c256:	80f8 	stl    a,*(0xdb)
    c257:	00db 
    c258:	10e2 	ld     *ar2(0x9),a
    c259:	0009 
    c25a:	80f8 	stl    a,*(0xe3)
    c25b:	00e3 
    c25c:	f074 	call   0xc27b
    c25d:	c27b 
    c25e:	fc00 	ret    
    c25f:	10e2 	ld     *ar2(0x3),a
    c260:	0003 
    c261:	80f8 	stl    a,*(0xd3)
    c262:	00d3 
    c263:	69f8 	orm    #4096,*(0x909)
    c264:	0909 
    c265:	1000 
    c266:	f074 	call   0xc272
    c267:	c272 
    c268:	fc00 	ret    
    c269:	10e2 	ld     *ar2(0xa),a
    c26a:	000a 
    c26b:	80f8 	stl    a,*(0xdb)
    c26c:	00db 
    c26d:	10e2 	ld     *ar2(0xb),a
    c26e:	000b 
    c26f:	80f8 	stl    a,*(0xe3)
    c270:	00e3 
    c271:	fc00 	ret    
    c272:	69f8 	orm    #384,*(0x3fd5)
    c273:	3fd5 
    c274:	0180 
    c275:	f074 	call   0xc446
    c276:	c446 
    c277:	68f8 	andm   #-385,*(0x3fd5)
    c278:	3fd5 
    c279:	fe7f 
    c27a:	fc00 	ret    
    c27b:	69f8 	orm    #32,*(0x3fd3)
    c27c:	3fd3 
    c27d:	0020 
    c27e:	770e 	stm    #1,t
    c27f:	0001 
    c280:	75f8 	portw  *(0xe),pa2048
    c281:	000e 
    c282:	0800 
    c283:	770e 	stm    #0,t
    c284:	0000 
    c285:	75f8 	portw  *(0xe),pa2048
    c286:	000e 
    c287:	0800 
    c288:	69f8 	orm    #2,*(0x3fd1)
    c289:	3fd1 
    c28a:	0002 
    c28b:	770e 	stm    #0,t
    c28c:	0000 
    c28d:	75f8 	portw  *(0xe),pa2051
    c28e:	000e 
    c28f:	0803 
    c290:	770e 	stm    #25,t
    c291:	0019 
    c292:	75f8 	portw  *(0xe),pa2053
    c293:	000e 
    c294:	0805 
    c295:	770e 	stm    #49,t
    c296:	0031 
    c297:	75f8 	portw  *(0xe),pa2052
    c298:	000e 
    c299:	0804 
    c29a:	76f8 	st     #1344,*(0x1)
    c29b:	0001 
    c29c:	0540 
    c29d:	770e 	stm    #768,t
    c29e:	0300 
    c29f:	75f8 	portw  *(0xe),pa2050
    c2a0:	000e 
    c2a1:	0802 
    c2a2:	770e 	stm    #79,t
    c2a3:	004f 
    c2a4:	75f8 	portw  *(0xe),pa2049
    c2a5:	000e 
    c2a6:	0801 
    c2a7:	69f8 	orm    #320,*(0x0)
    c2a8:	0000 
    c2a9:	0140 
    c2aa:	770e 	stm    #1,t
    c2ab:	0001 
    c2ac:	75f8 	portw  *(0xe),pa2048
    c2ad:	000e 
    c2ae:	0800 
    c2af:	75f8 	portw  *(0xe),pa2080
    c2b0:	000e 
    c2b1:	0820 
    c2b2:	fc00 	ret    
    c2b3:	68f8 	andm   #-33,*(0x3fd3)
    c2b4:	3fd3 
    c2b5:	ffdf 
    c2b6:	770e 	stm    #0,t
    c2b7:	0000 
    c2b8:	75f8 	portw  *(0xe),pa2048
    c2b9:	000e 
    c2ba:	0800 
    c2bb:	68f8 	andm   #-321,*(0x0)
    c2bc:	0000 
    c2bd:	febf 
    c2be:	68f8 	andm   #-3,*(0x3fd1)
    c2bf:	3fd1 
    c2c0:	fffd 
    c2c1:	fc00 	ret    
    c2c2:	71f8 	mvdk   *(0x3fd6),0x21
    c2c3:	3fd6 
    c2c4:	0021 
    c2c5:	70f8 	mvkd   0x20,*(0x3fd7)
    c2c6:	3fd7 
    c2c7:	0020 
    c2c8:	fc00 	ret    
    c2c9:	75f8 	portw  *(0x3fd7),pa2080
    c2ca:	3fd7 
    c2cb:	0820 
    c2cc:	7711 	stm    #16,ar1
    c2cd:	0010 
    c2ce:	75f8 	portw  *(0x11),pa2054
    c2cf:	0011 
    c2d0:	0806 
    c2d1:	fc00 	ret    
    c2d2:	74f8 	portr  pa2096,*(0x3fd6)
    c2d3:	3fd6 
    c2d4:	0830 
    c2d5:	7711 	stm    #4,ar1
    c2d6:	0004 
    c2d7:	75f8 	portw  *(0x11),pa2054
    c2d8:	0011 
    c2d9:	0806 
    c2da:	fc00 	ret    
    c2db:	7211 	mvdm   0x3fbb,ar1
    c2dc:	3fbb 
    c2dd:	7719 	stm    #350,bk
    c2de:	015e 
    c2df:	60f8 	cmpm   *(0x3fba),#3
    c2e0:	3fba 
    c2e1:	0003 
    c2e2:	f820 	bc     0xc2eb,ntc
    c2e3:	c2eb 
    c2e4:	7581 	portw  *ar1,pa2080
    c2e5:	0820 
    c2e6:	76d1 	st     #0,*ar1+%
    c2e7:	0000 
    c2e8:	f495 	nop    
    c2e9:	7311 	mvmd   ar1,0x3fbb
    c2ea:	3fbb 
    c2eb:	7711 	stm    #16,ar1
    c2ec:	0010 
    c2ed:	f495 	nop    
    c2ee:	75f8 	portw  *(0x11),pa2054
    c2ef:	0011 
    c2f0:	0806 
    c2f1:	fc00 	ret    
    c2f2:	10f8 	ld     *(0x3fb9),a
    c2f3:	3fb9 
    c2f4:	f010 	sub    #1,a
    c2f5:	0001 
    c2f6:	f843 	bc     0xc301,alt
    c2f7:	c301 
    c2f8:	7719 	stm    #350,bk
    c2f9:	015e 
    c2fa:	7211 	mvdm   0x3fbc,ar1
    c2fb:	3fbc 
    c2fc:	f495 	nop    
    c2fd:	74d1 	portr  pa2096,*ar1+%
    c2fe:	0830 
    c2ff:	7311 	mvmd   ar1,0x3fbc
    c300:	3fbc 
    c301:	7711 	stm    #4,ar1
    c302:	0004 
    c303:	f495 	nop    
    c304:	75f8 	portw  *(0x11),pa2054
    c305:	0011 
    c306:	0806 
    c307:	fc00 	ret    
    c308:	70f8 	mvkd   0x20,*(0x11)
    c309:	0011 
    c30a:	0020 
    c30b:	fc00 	ret    
    c30c:	68f8 	andm   #-385,*(0x3fd5)
    c30d:	3fd5 
    c30e:	fe7f 
    c30f:	61f8 	bitf   *(0x908),#19
    c310:	0908 
    c311:	0013 
    c312:	f820 	bc     0xc31c,ntc
    c313:	c31c 
    c314:	61f8 	bitf   *(0x909),#11
    c315:	0909 
    c316:	000b 
    c317:	f830 	bc     0xc31c,tc
    c318:	c31c 
    c319:	69f8 	orm    #128,*(0x3fd5)
    c31a:	3fd5 
    c31b:	0080 
    c31c:	61f8 	bitf   *(0x908),#900
    c31d:	0908 
    c31e:	0384 
    c31f:	f820 	bc     0xc329,ntc
    c320:	c329 
    c321:	61f8 	bitf   *(0x909),#116
    c322:	0909 
    c323:	0074 
    c324:	f830 	bc     0xc329,tc
    c325:	c329 
    c326:	69f8 	orm    #256,*(0x3fd5)
    c327:	3fd5 
    c328:	0100 
    c329:	61f8 	bitf   *(0x908),#1
    c32a:	0908 
    c32b:	0001 
    c32c:	f820 	bc     0xc337,ntc
    c32d:	c337 
    c32e:	69f8 	orm    #2048,*(0x3fbf)
    c32f:	3fbf 
    c330:	0800 
    c331:	69f8 	orm    #1,*(0x909)
    c332:	0909 
    c333:	0001 
    c334:	68f8 	andm   #-2,*(0x908)
    c335:	0908 
    c336:	fffe 
    c337:	61f8 	bitf   *(0x908),#2
    c338:	0908 
    c339:	0002 
    c33a:	f820 	bc     0xc345,ntc
    c33b:	c345 
    c33c:	69f8 	orm    #8192,*(0x3fbf)
    c33d:	3fbf 
    c33e:	2000 
    c33f:	69f8 	orm    #2,*(0x909)
    c340:	0909 
    c341:	0002 
    c342:	68f8 	andm   #-3,*(0x908)
    c343:	0908 
    c344:	fffd 
    c345:	61f8 	bitf   *(0x908),#16
    c346:	0908 
    c347:	0010 
    c348:	f820 	bc     0xc355,ntc
    c349:	c355 
    c34a:	69f8 	orm    #32,*(0x3fd5)
    c34b:	3fd5 
    c34c:	0020 
    c34d:	69f8 	orm    #8,*(0x909)
    c34e:	0909 
    c34f:	0008 
    c350:	68f8 	andm   #-17,*(0x908)
    c351:	0908 
    c352:	ffef 
    c353:	f074 	call   0xc417
    c354:	c417 
    c355:	61f8 	bitf   *(0x908),#4
    c356:	0908 
    c357:	0004 
    c358:	f820 	bc     0xc365,ntc
    c359:	c365 
    c35a:	69f8 	orm    #64,*(0x3fd5)
    c35b:	3fd5 
    c35c:	0040 
    c35d:	69f8 	orm    #4,*(0x909)
    c35e:	0909 
    c35f:	0004 
    c360:	68f8 	andm   #-5,*(0x908)
    c361:	0908 
    c362:	fffb 
    c363:	f074 	call   0xc417
    c364:	c417 
    c365:	61f8 	bitf   *(0x908),#8
    c366:	0908 
    c367:	0008 
    c368:	f820 	bc     0xc370,ntc
    c369:	c370 
    c36a:	68f8 	andm   #-5,*(0x909)
    c36b:	0909 
    c36c:	fffb 
    c36d:	68f8 	andm   #-73,*(0x908)
    c36e:	0908 
    c36f:	ffb7 
    c370:	61f8 	bitf   *(0x908),#32
    c371:	0908 
    c372:	0020 
    c373:	f820 	bc     0xc37b,ntc
    c374:	c37b 
    c375:	68f8 	andm   #-9,*(0x909)
    c376:	0909 
    c377:	fff7 
    c378:	68f8 	andm   #-33,*(0x908)
    c379:	0908 
    c37a:	ffdf 
    c37b:	61f8 	bitf   *(0x908),#128
    c37c:	0908 
    c37d:	0080 
    c37e:	f820 	bc     0xc38b,ntc
    c37f:	c38b 
    c380:	69f8 	orm    #16,*(0x909)
    c381:	0909 
    c382:	0010 
    c383:	68f8 	andm   #-1921,*(0x908)
    c384:	0908 
    c385:	f87f 
    c386:	76f8 	st     #0,*(0x945)
    c387:	0945 
    c388:	0000 
    c389:	f981 	fcall  0x18000
    c38a:	8000 
    c38b:	61f8 	bitf   *(0x908),#256
    c38c:	0908 
    c38d:	0100 
    c38e:	f820 	bc     0xc39b,ntc
    c38f:	c39b 
    c390:	69f8 	orm    #32,*(0x909)
    c391:	0909 
    c392:	0020 
    c393:	68f8 	andm   #-1921,*(0x908)
    c394:	0908 
    c395:	f87f 
    c396:	76f8 	st     #0,*(0x945)
    c397:	0945 
    c398:	0000 
    c399:	f981 	fcall  0x18000
    c39a:	8000 
    c39b:	61f8 	bitf   *(0x908),#512
    c39c:	0908 
    c39d:	0200 
    c39e:	f820 	bc     0xc3ad,ntc
    c39f:	c3ad 
    c3a0:	69f8 	orm    #64,*(0x909)
    c3a1:	0909 
    c3a2:	0040 
    c3a3:	68f8 	andm   #-1921,*(0x908)
    c3a4:	0908 
    c3a5:	f87f 
    c3a6:	76f8 	st     #0,*(0x945)
    c3a7:	0945 
    c3a8:	0000 
    c3a9:	f981 	fcall  0x18000
    c3aa:	8000 
    c3ab:	f981 	fcall  0x18004
    c3ac:	8004 
    c3ad:	61f8 	bitf   *(0x908),#1024
    c3ae:	0908 
    c3af:	0400 
    c3b0:	f820 	bc     0xc3cb,ntc
    c3b1:	c3cb 
    c3b2:	69f8 	orm    #128,*(0x909)
    c3b3:	0909 
    c3b4:	0080 
    c3b5:	68f8 	andm   #-1921,*(0x908)
    c3b6:	0908 
    c3b7:	f87f 
    c3b8:	10f8 	ld     *(0x946),a
    c3b9:	0946 
    c3ba:	f030 	and    #31,a
    c3bb:	001f 
    c3bc:	80f8 	stl    a,*(0x3227)
    c3bd:	3227 
    c3be:	10f8 	ld     *(0x948),a
    c3bf:	0948 
    c3c0:	80f8 	stl    a,*(0x3225)
    c3c1:	3225 
    c3c2:	61f8 	bitf   *(0xc7f),#1
    c3c3:	0c7f 
    c3c4:	0001 
    c3c5:	f830 	bc     0xc3cb,tc
    c3c6:	c3cb 
    c3c7:	f020 	ld     #-15201,a
    c3c8:	c49f 
    c3c9:	f074 	call   0xaac3
    c3ca:	aac3 
    c3cb:	61f8 	bitf   *(0x908),#2048
    c3cc:	0908 
    c3cd:	0800 
    c3ce:	f820 	bc     0xc3d9,ntc
    c3cf:	c3d9 
    c3d0:	68f8 	andm   #-497,*(0x909)
    c3d1:	0909 
    c3d2:	fe0f 
    c3d3:	68f8 	andm   #-2049,*(0x908)
    c3d4:	0908 
    c3d5:	f7ff 
    c3d6:	76f8 	st     #0,*(0x945)
    c3d7:	0945 
    c3d8:	0000 
    c3d9:	e840 	ld     #64,a
    c3da:	f074 	call   0xa9ea
    c3db:	a9ea 
    c3dc:	fc00 	ret    
    c3dd:	10f8 	ld     *(0x909),a
    c3de:	0909 
    c3df:	f844 	bc     0xc3e7,aneq
    c3e0:	c3e7 
    c3e1:	10f8 	ld     *(0x4361),a
    c3e2:	4361 
    c3e3:	f845 	bc     0xc3e7,aeq
    c3e4:	c3e7 
    c3e5:	f074 	call   0xc41d
    c3e6:	c41d 
    c3e7:	10f8 	ld     *(0x435f),a
    c3e8:	435f 
    c3e9:	f844 	bc     0xc3f0,aneq
    c3ea:	c3f0 
    c3eb:	76f8 	st     #1,*(0x4361)
    c3ec:	4361 
    c3ed:	0001 
    c3ee:	f073 	b      0xc3f4
    c3ef:	c3f4 
    c3f0:	10f8 	ld     *(0x4361),a
    c3f1:	4361 
    c3f2:	f845 	bc     0xc3fc,aeq
    c3f3:	c3fc 
    c3f4:	f074 	call   0xc446
    c3f5:	c446 
    c3f6:	f020 	ld     #29900,a
    c3f7:	74cc 
    c3f8:	f074 	call   0xaac3
    c3f9:	aac3 
    c3fa:	f073 	b      0xc416
    c3fb:	c416 
    c3fc:	10f8 	ld     *(0x435a),a
    c3fd:	435a 
    c3fe:	f010 	sub    #1,a
    c3ff:	0001 
    c400:	f844 	bc     0xc416,aneq
    c401:	c416 
    c402:	61f8 	bitf   *(0x909),#8
    c403:	0909 
    c404:	0008 
    c405:	f820 	bc     0xc40d,ntc
    c406:	c40d 
    c407:	7711 	stm    #17287,ar1
    c408:	4387 
    c409:	10e1 	ld     *ar1(0x2e),a
    c40a:	002e 
    c40b:	f074 	call   0xaac3
    c40c:	aac3 
    c40d:	61f8 	bitf   *(0x909),#4
    c40e:	0909 
    c40f:	0004 
    c410:	f820 	bc     0xc416,ntc
    c411:	c416 
    c412:	f020 	ld     #29882,a
    c413:	74ba 
    c414:	f074 	call   0xaac3
    c415:	aac3 
    c416:	fc00 	ret    
    c417:	7710 	stm    #10240,ar0
    c418:	2800 
    c419:	e800 	ld     #0,a
    c41a:	ec9f 	rpt    #159
    c41b:	8090 	stl    a,*ar0+
    c41c:	fc00 	ret    
    c41d:	68f8 	andm   #-17,*(0x0)
    c41e:	0000 
    c41f:	ffef 
    c420:	68f8 	andm   #-17,*(0x435b)
    c421:	435b 
    c422:	ffef 
    c423:	7701 	stm    #16,ifr
    c424:	0010 
    c425:	68f8 	andm   #-2,*(0x3fd3)
    c426:	3fd3 
    c427:	fffe 
    c428:	7722 	stm    #8,spc0
    c429:	0008 
    c42a:	69f8 	orm    #16384,*(0x3fb8)
    c42b:	3fb8 
    c42c:	4000 
    c42d:	69f8 	orm    #-32768,*(0x3fb8)
    c42e:	3fb8 
    c42f:	8000 
    c430:	e800 	ld     #0,a
    c431:	7711 	stm    #15872,ar1
    c432:	3e00 
    c433:	f071 	rptz   a,#349
    c434:	015d 
    c435:	8091 	stl    a,*ar1+
    c436:	7711 	stm    #16384,ar1
    c437:	4000 
    c438:	f071 	rptz   a,#349
    c439:	015d 
    c43a:	8091 	stl    a,*ar1+
    c43b:	10f8 	ld     *(0x435f),a
    c43c:	435f 
    c43d:	f844 	bc     0xc445,aneq
    c43e:	c445 
    c43f:	76f8 	st     #-1,*(0x3fb9)
    c440:	3fb9 
    c441:	ffff 
    c442:	76f8 	st     #-1,*(0x3fba)
    c443:	3fba 
    c444:	ffff 
    c445:	fc00 	ret    
    c446:	61f8 	bitf   *(0x3fd5),#128
    c447:	3fd5 
    c448:	0080 
    c449:	f820 	bc     0xc477,ntc
    c44a:	c477 
    c44b:	68f8 	andm   #-17,*(0x0)
    c44c:	0000 
    c44d:	ffef 
    c44e:	69f8 	orm    #1,*(0x3fd3)
    c44f:	3fd3 
    c450:	0001 
    c451:	7710 	stm    #16384,ar0
    c452:	4000 
    c453:	e800 	ld     #0,a
    c454:	ec3c 	rpt    #60
    c455:	8090 	stl    a,*ar0+
    c456:	7310 	mvmd   ar0,0x3fbe
    c457:	3fbe 
    c458:	10f8 	ld     *(0x435f),a
    c459:	435f 
    c45a:	f844 	bc     0xc45f,aneq
    c45b:	c45f 
    c45c:	76f8 	st     #3,*(0x3fba)
    c45d:	3fba 
    c45e:	0003 
    c45f:	76f8 	st     #16384,*(0x3fbb)
    c460:	3fbb 
    c461:	4000 
    c462:	7211 	mvdm   0x3fbb,ar1
    c463:	3fbb 
    c464:	7722 	stm    #8,spc0
    c465:	0008 
    c466:	7701 	stm    #16,ifr
    c467:	0010 
    c468:	7722 	stm    #200,spc0
    c469:	00c8 
    c46a:	7191 	mvdk   *ar1+,0x21
    c46b:	0021 
    c46c:	69f8 	orm    #16,*(0x435b)
    c46d:	435b 
    c46e:	0010 
    c46f:	7311 	mvmd   ar1,0x3fbb
    c470:	3fbb 
    c471:	69f8 	orm    #16,*(0x0)
    c472:	0000 
    c473:	0010 
    c474:	69f8 	orm    #4097,*(0x3fb8)
    c475:	3fb8 
    c476:	1001 
    c477:	61f8 	bitf   *(0x3fd5),#256
    c478:	3fd5 
    c479:	0100 
    c47a:	f820 	bc     0xc49e,ntc
    c47b:	c49e 
    c47c:	68f8 	andm   #-17,*(0x0)
    c47d:	0000 
    c47e:	ffef 
    c47f:	69f8 	orm    #1,*(0x3fd3)
    c480:	3fd3 
    c481:	0001 
    c482:	10f8 	ld     *(0x435f),a
    c483:	435f 
    c484:	f844 	bc     0xc489,aneq
    c485:	c489 
    c486:	76f8 	st     #2,*(0x3fb9)
    c487:	3fb9 
    c488:	0002 
    c489:	76f8 	st     #15872,*(0x3fbd)
    c48a:	3fbd 
    c48b:	3e00 
    c48c:	76f8 	st     #15872,*(0x3fbc)
    c48d:	3fbc 
    c48e:	3e00 
    c48f:	7722 	stm    #8,spc0
    c490:	0008 
    c491:	7701 	stm    #16,ifr
    c492:	0010 
    c493:	7722 	stm    #200,spc0
    c494:	00c8 
    c495:	69f8 	orm    #16,*(0x435b)
    c496:	435b 
    c497:	0010 
    c498:	69f8 	orm    #16,*(0x0)
    c499:	0000 
    c49a:	0010 
    c49b:	69f8 	orm    #8196,*(0x3fb8)
    c49c:	3fb8 
    c49d:	2004 
    c49e:	fc00 	ret    
    c49f:	f020 	ld     #-20476,a
    c4a0:	b004 
    c4a1:	f074 	call   0xb522
    c4a2:	b522 
    c4a3:	61f8 	bitf   *(0x909),#128
    c4a4:	0909 
    c4a5:	0080 
    c4a6:	fc20 	rc     ntc
    c4a7:	f981 	fcall  0x18014
    c4a8:	8014 
    c4a9:	f845 	bc     0xc4b0,aeq
    c4aa:	c4b0 
    c4ab:	f020 	ld     #-15201,a
    c4ac:	c49f 
    c4ad:	f074 	call   0xaac3
    c4ae:	aac3 
    c4af:	fc00 	ret    
    c4b0:	f868 	bc     0xc4c4,bnov
    c4b1:	c4c4 
    c4b2:	f263 	and    #767,16,b,a
    c4b3:	02ff 
    c4b4:	f0f0 	sftl   a,-16
    c4b5:	fa4a 	bcd    0xc4bb,bgeq
    c4b6:	c4bb 
    c4b7:	7712 	stm    #2373,ar2
    c4b8:	0945 
    c4b9:	f020 	ld     #256,a
    c4ba:	0100 
    c4bb:	8082 	stl    a,*ar2
    c4bc:	7712 	stm    #2377,ar2
    c4bd:	0949 
    c4be:	7092 	mvkd   0x3215,*ar2+
    c4bf:	3215 
    c4c0:	7092 	mvkd   0x3217,*ar2+
    c4c1:	3217 
    c4c2:	7082 	mvkd   0x320f,*ar2
    c4c3:	320f 
    c4c4:	68f8 	andm   #-129,*(0x909)
    c4c5:	0909 
    c4c6:	ff7f 
    c4c7:	fc00 	ret    
    c4c8:	f020 	ld     #-20475,a
    c4c9:	b005 
    c4ca:	f074 	call   0xb522
    c4cb:	b522 
    c4cc:	61f8 	bitf   *(0x909),#256
    c4cd:	0909 
    c4ce:	0100 
    c4cf:	fc20 	rc     ntc
    c4d0:	f981 	fcall  0x18018
    c4d1:	8018 
    c4d2:	f845 	bc     0xc4d9,aeq
    c4d3:	c4d9 
    c4d4:	f020 	ld     #-15160,a
    c4d5:	c4c8 
    c4d6:	f074 	call   0xaac3
    c4d7:	aac3 
    c4d8:	fc00 	ret    
    c4d9:	f020 	ld     #-15138,a
    c4da:	c4de 
    c4db:	f074 	call   0xaac3
    c4dc:	aac3 
    c4dd:	fc00 	ret    
    c4de:	f020 	ld     #-20474,a
    c4df:	b006 
    c4e0:	f074 	call   0xb522
    c4e1:	b522 
    c4e2:	f981 	fcall  0x1801c
    c4e3:	801c 
    c4e4:	f263 	and    #767,16,b,a
    c4e5:	02ff 
    c4e6:	f0f0 	sftl   a,-16
    c4e7:	fa4a 	bcd    0xc4ef,bgeq
    c4e8:	c4ef 
    c4e9:	7712 	stm    #2373,ar2
    c4ea:	0945 
    c4eb:	f273 	bd     0xc4f1
    c4ec:	c4f1 
    c4ed:	f020 	ld     #1024,a
    c4ee:	0400 
    c4ef:	f020 	ld     #2048,a
    c4f0:	0800 
    c4f1:	1a82 	or     *ar2,a
    c4f2:	8082 	stl    a,*ar2
    c4f3:	68f8 	andm   #-257,*(0x909)
    c4f4:	0909 
    c4f5:	feff 
    c4f6:	fc00 	ret    
    c4f7:	10f8 	ld     *(0x3fbe),a
    c4f8:	3fbe 
    c4f9:	08f8 	sub    *(0x3fbb),a
    c4fa:	3fbb 
    c4fb:	f842 	bc     0xc4ff,ageq
    c4fc:	c4ff 
    c4fd:	f000 	add    #350,a
    c4fe:	015e 
    c4ff:	f010 	sub    #60,a
    c500:	003c 
    c501:	f846 	bc     0xc527,agt
    c502:	c527 
    c503:	e82b 	ld     #43,a
    c504:	11f8 	ld     *(0x3f64),b
    c505:	3f64 
    c506:	f5e3 	cala   b
    c507:	7719 	stm    #350,bk
    c508:	015e 
    c509:	7210 	mvdm   0x3fbe,ar0
    c50a:	3fbe 
    c50b:	e800 	ld     #0,a
    c50c:	ec9f 	rpt    #159
    c50d:	80d0 	stl    a,*ar0+%
    c50e:	61f8 	bitf   *(0x909),#8
    c50f:	0909 
    c510:	0008 
    c511:	f820 	bc     0xc516,ntc
    c512:	c516 
    c513:	e82e 	ld     #46,a
    c514:	f074 	call   0xa9ea
    c515:	a9ea 
    c516:	f020 	ld     #21777,a
    c517:	5511 
    c518:	f074 	call   0xb522
    c519:	b522 
    c51a:	f074 	call   0x7355
    c51b:	7355 
    c51c:	7211 	mvdm   0x3fbe,ar1
    c51d:	3fbe 
    c51e:	7710 	stm    #160,ar0
    c51f:	00a0 
    c520:	7719 	stm    #350,bk
    c521:	015e 
    c522:	f495 	nop    
    c523:	6dd9 	mar    *ar1+0%
    c524:	f495 	nop    
    c525:	7311 	mvmd   ar1,0x3fbe
    c526:	3fbe 
    c527:	10f8 	ld     *(0x3fbc),a
    c528:	3fbc 
    c529:	08f8 	sub    *(0x3fbd),a
    c52a:	3fbd 
    c52b:	f842 	bc     0xc52f,ageq
    c52c:	c52f 
    c52d:	f000 	add    #350,a
    c52e:	015e 
    c52f:	f010 	sub    #160,a
    c530:	00a0 
    c531:	f843 	bc     0xc5a6,alt
    c532:	c5a6 
    c533:	e82a 	ld     #42,a
    c534:	11f8 	ld     *(0x3f64),b
    c535:	3f64 
    c536:	f5e3 	cala   b
    c537:	61f8 	bitf   *(0x909),#4
    c538:	0909 
    c539:	0004 
    c53a:	f820 	bc     0xc542,ntc
    c53b:	c542 
    c53c:	e843 	ld     #67,a
    c53d:	f074 	call   0xa9ea
    c53e:	a9ea 
    c53f:	f495 	nop    
    c540:	f495 	nop    
    c541:	f495 	nop    
    c542:	61f8 	bitf   *(0x909),#112
    c543:	0909 
    c544:	0070 
    c545:	f820 	bc     0xc597,ntc
    c546:	c597 
    c547:	f020 	ld     #-20479,a
    c548:	b001 
    c549:	f074 	call   0xb522
    c54a:	b522 
    c54b:	7213 	mvdm   0x3fbd,ar3
    c54c:	3fbd 
    c54d:	7719 	stm    #350,bk
    c54e:	015e 
    c54f:	7215 	mvdm   0x3205,ar5
    c550:	3205 
    c551:	7710 	stm    #1,ar0
    c552:	0001 
    c553:	ec9f 	rpt    #159
    c554:	e5db 	mvdd   *ar3+0%,*ar5+
    c555:	61f8 	bitf   *(0x946),#32
    c556:	0946 
    c557:	0020 
    c558:	f930 	cc     0xc5a7,tc
    c559:	c5a7 
    c55a:	61f8 	bitf   *(0x909),#16
    c55b:	0909 
    c55c:	0010 
    c55d:	f820 	bc     0xc561,ntc
    c55e:	c561 
    c55f:	f981 	fcall  0x18008
    c560:	8008 
    c561:	61f8 	bitf   *(0x909),#32
    c562:	0909 
    c563:	0020 
    c564:	f820 	bc     0xc568,ntc
    c565:	c568 
    c566:	f981 	fcall  0x1800c
    c567:	800c 
    c568:	61f8 	bitf   *(0x909),#64
    c569:	0909 
    c56a:	0040 
    c56b:	f820 	bc     0xc56f,ntc
    c56c:	c56f 
    c56d:	f981 	fcall  0x18010
    c56e:	8010 
    c56f:	f263 	and    #767,16,b,a
    c570:	02ff 
    c571:	f0f0 	sftl   a,-16
    c572:	f84a 	bc     0xc57b,bgeq
    c573:	c57b 
    c574:	f020 	ld     #256,a
    c575:	0100 
    c576:	68f8 	andm   #-497,*(0x909)
    c577:	0909 
    c578:	fe0f 
    c579:	f073 	b      0xc595
    c57a:	c595 
    c57b:	f868 	bc     0xc595,bnov
    c57c:	c595 
    c57d:	f040 	or     #512,a
    c57e:	0200 
    c57f:	61f8 	bitf   *(0x909),#32
    c580:	0909 
    c581:	0020 
    c582:	f820 	bc     0xc595,ntc
    c583:	c595 
    c584:	69f8 	orm    #256,*(0x909)
    c585:	0909 
    c586:	0100 
    c587:	68f8 	andm   #-33,*(0x909)
    c588:	0909 
    c589:	ffdf 
    c58a:	61f8 	bitf   *(0xc7f),#2
    c58b:	0c7f 
    c58c:	0002 
    c58d:	f830 	bc     0xc595,tc
    c58e:	c595 
    c58f:	f540 	ld     a,b
    c590:	f020 	ld     #-15160,a
    c591:	c4c8 
    c592:	f074 	call   0xaac3
    c593:	aac3 
    c594:	f640 	ld     b,a
    c595:	80f8 	stl    a,*(0x945)
    c596:	0945 
    c597:	f020 	ld     #-20478,a
    c598:	b002 
    c599:	f074 	call   0xb522
    c59a:	b522 
    c59b:	7211 	mvdm   0x3fbd,ar1
    c59c:	3fbd 
    c59d:	7710 	stm    #160,ar0
    c59e:	00a0 
    c59f:	7719 	stm    #350,bk
    c5a0:	015e 
    c5a1:	f495 	nop    
    c5a2:	6dd9 	mar    *ar1+0%
    c5a3:	f495 	nop    
    c5a4:	7311 	mvmd   ar1,0x3fbd
    c5a5:	3fbd 
    c5a6:	fc00 	ret    
    c5a7:	12f8 	ldu    *(0x947),a
    c5a8:	0947 
    c5a9:	f4e3 	cala   a
    c5aa:	fc00 	ret    
    c5ab:	fc00 	ret    
    c5ac:	76f8 	st     #-14919,*(0x4c38)
    c5ad:	4c38 
    c5ae:	c5b9 
    c5af:	76f8 	st     #-14901,*(0x4c3e)
    c5b0:	4c3e 
    c5b1:	c5cb 
    c5b2:	76f8 	st     #-14893,*(0x4c3f)
    c5b3:	4c3f 
    c5b4:	c5d3 
    c5b5:	76f8 	st     #-14885,*(0x4c40)
    c5b6:	4c40 
    c5b7:	c5db 
    c5b8:	fc00 	ret    
    c5b9:	4a11 	pshm   ar1
    c5ba:	f495 	nop    
    c5bb:	7102 	mvdk   DP+0x02,0x11
    c5bc:	0011 
    c5bd:	1103 	ld     DP+0x03,b
    c5be:	80f8 	stl    a,*(0x4276)
    c5bf:	4276 
    c5c0:	7311 	mvmd   ar1,0x4277
    c5c1:	4277 
    c5c2:	81f8 	stl    b,*(0x4278)
    c5c3:	4278 
    c5c4:	11f8 	ld     *(0x3f5e),b
    c5c5:	3f5e 
    c5c6:	f020 	ld     #-14853,a
    c5c7:	c5fb 
    c5c8:	f5e3 	cala   b
    c5c9:	8a11 	popm   ar1
    c5ca:	fc00 	ret    
    c5cb:	eeff 	frame  -1
    c5cc:	11f8 	ld     *(0x3f5e),b
    c5cd:	3f5e 
    c5ce:	f020 	ld     #-14868,a
    c5cf:	c5ec 
    c5d0:	f5e3 	cala   b
    c5d1:	ee01 	frame  1
    c5d2:	fc00 	ret    
    c5d3:	eeff 	frame  -1
    c5d4:	11f8 	ld     *(0x3f5e),b
    c5d5:	3f5e 
    c5d6:	f020 	ld     #-14856,a
    c5d7:	c5f8 
    c5d8:	f5e3 	cala   b
    c5d9:	ee01 	frame  1
    c5da:	fc00 	ret    
    c5db:	eeff 	frame  -1
    c5dc:	11f8 	ld     *(0x3f5e),b
    c5dd:	3f5e 
    c5de:	f020 	ld     #-14859,a
    c5df:	c5f5 
    c5e0:	f5e3 	cala   b
    c5e1:	ee01 	frame  1
    c5e2:	fc00 	ret    
    c5e3:	f981 	fcall  0x1a0de
    c5e4:	a0de 
    c5e5:	fc00 	ret    
    c5e6:	f074 	call   0x85f0
    c5e7:	85f0 
    c5e8:	f4e4 	fret   
    c5e9:	f981 	fcall  0x1a2a3
    c5ea:	a2a3 
    c5eb:	fc00 	ret    
    c5ec:	f981 	fcall  0x19f84
    c5ed:	9f84 
    c5ee:	fc00 	ret    
    c5ef:	f981 	fcall  0x19faf
    c5f0:	9faf 
    c5f1:	fc00 	ret    
    c5f2:	f981 	fcall  0x19fdc
    c5f3:	9fdc 
    c5f4:	fc00 	ret    
    c5f5:	f981 	fcall  0x1a038
    c5f6:	a038 
    c5f7:	fc00 	ret    
    c5f8:	f981 	fcall  0x1a070
    c5f9:	a070 
    c5fa:	fc00 	ret    
    c5fb:	f981 	fcall  0x1a08f
    c5fc:	a08f 
    c5fd:	fc00 	ret    
    c5fe:	f495 	nop    
    c5ff:	f495 	nop    
    c600:	f495 	nop    
    c601:	f495 	nop    
    c602:	f495 	nop    
    c603:	f495 	nop    
    c604:	f495 	nop    
    c605:	f495 	nop    
    c606:	f495 	nop    
    c607:	f495 	nop    
    c608:	f495 	nop    
    c609:	f495 	nop    
    c60a:	f495 	nop    
    c60b:	f495 	nop    
    c60c:	f495 	nop    
    c60d:	f495 	nop    
    c60e:	f495 	nop    
    c60f:	f495 	nop    
    c610:	f495 	nop    
    c611:	f495 	nop    
    c612:	f495 	nop    
    c613:	f495 	nop    
    c614:	f495 	nop    
    c615:	f495 	nop    
    c616:	f495 	nop    
    c617:	f495 	nop    
    c618:	f495 	nop    
    c619:	f495 	nop    
    c61a:	f495 	nop    
    c61b:	f495 	nop    
    c61c:	f495 	nop    
    c61d:	f495 	nop    
    c61e:	f495 	nop    
    c61f:	f495 	nop    
    c620:	f495 	nop    
    c621:	f495 	nop    
    c622:	f495 	nop    
    c623:	f495 	nop    
    c624:	f495 	nop    
    c625:	f495 	nop    
    c626:	f495 	nop    
    c627:	f495 	nop    
    c628:	f495 	nop    
    c629:	f495 	nop    
    c62a:	f495 	nop    
    c62b:	f495 	nop    
    c62c:	f495 	nop    
    c62d:	f495 	nop    
    c62e:	f495 	nop    
    c62f:	f495 	nop    
    c630:	f495 	nop    
    c631:	f495 	nop    
    c632:	f495 	nop    
    c633:	f495 	nop    
    c634:	f495 	nop    
    c635:	f495 	nop    
    c636:	f495 	nop    
    c637:	f495 	nop    
    c638:	f495 	nop    
    c639:	f495 	nop    
    c63a:	f495 	nop    
    c63b:	f495 	nop    
    c63c:	f495 	nop    
    c63d:	f495 	nop    
    c63e:	f495 	nop    
    c63f:	f495 	nop    
    c640:	f495 	nop    
    c641:	f495 	nop    
    c642:	f495 	nop    
    c643:	f495 	nop    
    c644:	f495 	nop    
    c645:	f495 	nop    
    c646:	f495 	nop    
    c647:	f495 	nop    
    c648:	f495 	nop    
    c649:	f495 	nop    
    c64a:	f495 	nop    
    c64b:	4a11 	pshm   ar1
    c64c:	eefc 	frame  -4
    c64d:	f495 	nop    
    c64e:	f7bb 	ssbx   st1,intm
    c64f:	7603 	st     #22,DP+0x03
    c650:	0016 
    c651:	7602 	st     #0,DP+0x02
    c652:	0000 
    c653:	4818 	ldm    sp,a
    c654:	f000 	add    #2,a
    c655:	0002 
    c656:	11f8 	ld     *(0x4c43),b
    c657:	4c43 
    c658:	8000 	stl    a,DP+0x00
    c659:	f020 	ld     #19409,a
    c65a:	4bd1 
    c65b:	f5e3 	cala   b
    c65c:	8811 	stlm   a,ar1
    c65d:	f495 	nop    
    c65e:	f495 	nop    
    c65f:	6ce1 	banz   0xc665,*ar1(0xffff)
    c660:	ffff 
    c661:	c665 
    c662:	69f8 	orm    #1024,*(0x8d5)
    c663:	08d5 
    c664:	0400 
    c665:	f6bb 	rsbx   st1,intm
    c666:	f495 	nop    
    c667:	ee04 	frame  4
    c668:	8a11 	popm   ar1
    c669:	fc00 	ret    
    c66a:	eeff 	frame  -1
    c66b:	11f8 	ld     *(0x3f5e),b
    c66c:	3f5e 
    c66d:	f020 	ld     #-14725,a
    c66e:	c67b 
    c66f:	f5e3 	cala   b
    c670:	ee01 	frame  1
    c671:	fc00 	ret    
    c672:	f981 	fcall  0x1ab4f
    c673:	ab4f 
    c674:	fc00 	ret    
    c675:	f981 	fcall  0x1ab52
    c676:	ab52 
    c677:	fc00 	ret    
    c678:	f981 	fcall  0x1ab4c
    c679:	ab4c 
    c67a:	fc00 	ret    
    c67b:	f981 	fcall  0x1ab55
    c67c:	ab55 
    c67d:	fc00 	ret    
    c67e:	f981 	fcall  0x1ab58
    c67f:	ab58 
    c680:	fc00 	ret    
    c681:	f981 	fcall  0x1ab5b
    c682:	ab5b 
    c683:	fc00 	ret    
    c684:	f981 	fcall  0x1ab5e
    c685:	ab5e 
    c686:	fc00 	ret    
    c687:	f981 	fcall  0x1ab61
    c688:	ab61 
    c689:	fc00 	ret    
    c68a:	f074 	call   0xc64b
    c68b:	c64b 
    c68c:	f4e4 	fret   
    c68d:	f074 	call   0xaac3
    c68e:	aac3 
    c68f:	f4e4 	fret   
    c690:	f074 	call   0x748c
    c691:	748c 
    c692:	f4e4 	fret   
    c693:	f074 	call   0xe21b
    c694:	e21b 
    c695:	f4e4 	fret   
    c696:	f074 	call   0x74dc
    c697:	74dc 
    c698:	f4e4 	fret   
    c699:	f074 	call   0xe233
    c69a:	e233 
    c69b:	f4e4 	fret   
    c69c:	4a11 	pshm   ar1
    c69d:	76f8 	st     #0,*(0x9c2)
    c69e:	09c2 
    c69f:	0000 
    c6a0:	76f8 	st     #0,*(0x8d5)
    c6a1:	08d5 
    c6a2:	0000 
    c6a3:	7711 	stm    #0,ar1
    c6a4:	0000 
    c6a5:	76e1 	st     #0,*ar1(0x9e0)
    c6a6:	09e0 
    c6a7:	0000 
    c6a8:	7710 	stm    #8,ar0
    c6a9:	0008 
    c6aa:	6d91 	mar    *ar1+
    c6ab:	f5a9 	cmpr   lt,ar1
    c6ac:	f830 	bc     0xc6a5,tc
    c6ad:	c6a5 
    c6ae:	76f8 	st     #0,*(0xaad)
    c6af:	0aad 
    c6b0:	0000 
    c6b1:	76f8 	st     #0,*(0xacc)
    c6b2:	0acc 
    c6b3:	0000 
    c6b4:	76f8 	st     #0,*(0xaeb)
    c6b5:	0aeb 
    c6b6:	0000 
    c6b7:	76f8 	st     #0,*(0xb0a)
    c6b8:	0b0a 
    c6b9:	0000 
    c6ba:	76f8 	st     #0,*(0x9ec)
    c6bb:	09ec 
    c6bc:	0000 
    c6bd:	71f8 	mvdk   *(0x3fbe),0x4bce
    c6be:	3fbe 
    c6bf:	4bce 
    c6c0:	76f8 	st     #1,*(0x3fde)
    c6c1:	3fde 
    c6c2:	0001 
    c6c3:	76f8 	st     #0,*(0x3fb1)
    c6c4:	3fb1 
    c6c5:	0000 
    c6c6:	76f8 	st     #0,*(0x4bbd)
    c6c7:	4bbd 
    c6c8:	0000 
    c6c9:	76f8 	st     #0,*(0x4bbe)
    c6ca:	4bbe 
    c6cb:	0000 
    c6cc:	76f8 	st     #0,*(0x4d1a)
    c6cd:	4d1a 
    c6ce:	0000 
    c6cf:	68f8 	andm   #33,*(0x3fd3)
    c6d0:	3fd3 
    c6d1:	0021 
    c6d2:	71f8 	mvdk   *(0x9c3),0x4bc6
    c6d3:	09c3 
    c6d4:	4bc6 
    c6d5:	76f8 	st     #0,*(0x4bc7)
    c6d6:	4bc7 
    c6d7:	0000 
    c6d8:	76f8 	st     #0,*(0x4bc8)
    c6d9:	4bc8 
    c6da:	0000 
    c6db:	76f8 	st     #0,*(0x3fc0)
    c6dc:	3fc0 
    c6dd:	0000 
    c6de:	76f8 	st     #0,*(0x4bcb)
    c6df:	4bcb 
    c6e0:	0000 
    c6e1:	68f8 	andm   #-513,*(0x3f92)
    c6e2:	3f92 
    c6e3:	fdff 
    c6e4:	e800 	ld     #0,a
    c6e5:	80f8 	stl    a,*(0x4329)
    c6e6:	4329 
    c6e7:	80f8 	stl    a,*(0x432a)
    c6e8:	432a 
    c6e9:	76f8 	st     #0,*(0x4bbb)
    c6ea:	4bbb 
    c6eb:	0000 
    c6ec:	6ff8 	ld     *(0x4bbb),1,a
    c6ed:	4bbb 
    c6ee:	0c41 
    c6ef:	8811 	stlm   a,ar1
    c6f0:	f495 	nop    
    c6f1:	f495 	nop    
    c6f2:	76e1 	st     #-1,*ar1(0x4ccd)
    c6f3:	4ccd 
    c6f4:	ffff 
    c6f5:	10f8 	ld     *(0x4bbb),a
    c6f6:	4bbb 
    c6f7:	f000 	add    #1,a
    c6f8:	0001 
    c6f9:	8811 	stlm   a,ar1
    c6fa:	f495 	nop    
    c6fb:	7710 	stm    #39,ar0
    c6fc:	0027 
    c6fd:	f5a9 	cmpr   lt,ar1
    c6fe:	80f8 	stl    a,*(0x4bbb)
    c6ff:	4bbb 
    c700:	f830 	bc     0xc6ec,tc
    c701:	c6ec 
    c702:	8a11 	popm   ar1
    c703:	fc00 	ret    
    c704:	f020 	ld     #-11628,a
    c705:	d294 
    c706:	80f8 	stl    a,*(0x4c04)
    c707:	4c04 
    c708:	76f8 	st     #-11366,*(0x4c05)
    c709:	4c05 
    c70a:	d39a 
    c70b:	f120 	ld     #-11432,b
    c70c:	d358 
    c70d:	81f8 	stl    b,*(0x4c06)
    c70e:	4c06 
    c70f:	76f8 	st     #-11627,*(0x4c07)
    c710:	4c07 
    c711:	d295 
    c712:	76f8 	st     #-11310,*(0x4c08)
    c713:	4c08 
    c714:	d3d2 
    c715:	81f8 	stl    b,*(0x4c09)
    c716:	4c09 
    c717:	81f8 	stl    b,*(0x4c0a)
    c718:	4c0a 
    c719:	81f8 	stl    b,*(0x4c0b)
    c71a:	4c0b 
    c71b:	76f8 	st     #-11282,*(0x4c0c)
    c71c:	4c0c 
    c71d:	d3ee 
    c71e:	76f8 	st     #-11599,*(0x4c0d)
    c71f:	4c0d 
    c720:	d2b1 
    c721:	f120 	ld     #-11562,b
    c722:	d2d6 
    c723:	81f8 	stl    b,*(0x4c0e)
    c724:	4c0e 
    c725:	81f8 	stl    b,*(0x4c0f)
    c726:	4c0f 
    c727:	76f8 	st     #-11521,*(0x4c10)
    c728:	4c10 
    c729:	d2ff 
    c72a:	76f8 	st     #-11484,*(0x4c11)
    c72b:	4c11 
    c72c:	d324 
    c72d:	76f8 	st     #-11254,*(0x4c12)
    c72e:	4c12 
    c72f:	d40a 
    c730:	76f8 	st     #-8260,*(0x4c13)
    c731:	4c13 
    c732:	dfbc 
    c733:	76f8 	st     #-11223,*(0x4c14)
    c734:	4c14 
    c735:	d429 
    c736:	80f8 	stl    a,*(0x4c15)
    c737:	4c15 
    c738:	80f8 	stl    a,*(0x4c16)
    c739:	4c16 
    c73a:	80f8 	stl    a,*(0x4c17)
    c73b:	4c17 
    c73c:	76f8 	st     #-11175,*(0x4c18)
    c73d:	4c18 
    c73e:	d459 
    c73f:	76f8 	st     #-11146,*(0x4c19)
    c740:	4c19 
    c741:	d476 
    c742:	76f8 	st     #-11128,*(0x4c1a)
    c743:	4c1a 
    c744:	d488 
    c745:	76f8 	st     #-11110,*(0x4c1b)
    c746:	4c1b 
    c747:	d49a 
    c748:	76f8 	st     #-11070,*(0x4c1c)
    c749:	4c1c 
    c74a:	d4c2 
    c74b:	80f8 	stl    a,*(0x4c1d)
    c74c:	4c1d 
    c74d:	76f8 	st     #-11030,*(0x4c1e)
    c74e:	4c1e 
    c74f:	d4ea 
    c750:	76f8 	st     #-11019,*(0x4c1f)
    c751:	4c1f 
    c752:	d4f5 
    c753:	76f8 	st     #-10947,*(0x4c20)
    c754:	4c20 
    c755:	d53d 
    c756:	76f8 	st     #-10922,*(0x4c21)
    c757:	4c21 
    c758:	d556 
    c759:	76f8 	st     #-10897,*(0x4c22)
    c75a:	4c22 
    c75b:	d56f 
    c75c:	76f8 	st     #-10797,*(0x4c23)
    c75d:	4c23 
    c75e:	d5d3 
    c75f:	76f8 	st     #-10709,*(0x4c24)
    c760:	4c24 
    c761:	d62b 
    c762:	76f8 	st     #-10603,*(0x4c25)
    c763:	4c25 
    c764:	d695 
    c765:	76f8 	st     #-10516,*(0x4c26)
    c766:	4c26 
    c767:	d6ec 
    c768:	76f8 	st     #-10326,*(0x4c27)
    c769:	4c27 
    c76a:	d7aa 
    c76b:	76f8 	st     #-10246,*(0x4c28)
    c76c:	4c28 
    c76d:	d7fa 
    c76e:	76f8 	st     #-10127,*(0x4c29)
    c76f:	4c29 
    c770:	d871 
    c771:	76f8 	st     #-10109,*(0x4c2a)
    c772:	4c2a 
    c773:	d883 
    c774:	76f8 	st     #-10063,*(0x4c2b)
    c775:	4c2b 
    c776:	d8b1 
    c777:	76f8 	st     #-9918,*(0x4c2c)
    c778:	4c2c 
    c779:	d942 
    c77a:	76f8 	st     #-8891,*(0x4c2d)
    c77b:	4c2d 
    c77c:	dd45 
    c77d:	76f8 	st     #-9606,*(0x4c2e)
    c77e:	4c2e 
    c77f:	da7a 
    c780:	76f8 	st     #-9569,*(0x4c2f)
    c781:	4c2f 
    c782:	da9f 
    c783:	76f8 	st     #-9882,*(0x4c30)
    c784:	4c30 
    c785:	d966 
    c786:	76f8 	st     #-9840,*(0x4c31)
    c787:	4c31 
    c788:	d990 
    c789:	76f8 	st     #-7895,*(0x4c32)
    c78a:	4c32 
    c78b:	e129 
    c78c:	80f8 	stl    a,*(0x4c33)
    c78d:	4c33 
    c78e:	80f8 	stl    a,*(0x4c34)
    c78f:	4c34 
    c790:	80f8 	stl    a,*(0x4c35)
    c791:	4c35 
    c792:	76f8 	st     #28990,*(0x4c36)
    c793:	4c36 
    c794:	713e 
    c795:	76f8 	st     #-9324,*(0x4c37)
    c796:	4c37 
    c797:	db94 
    c798:	76f8 	st     #-8995,*(0x4c38)
    c799:	4c38 
    c79a:	dcdd 
    c79b:	76f8 	st     #29041,*(0x4c39)
    c79c:	4c39 
    c79d:	7171 
    c79e:	76f8 	st     #29014,*(0x4c3a)
    c79f:	4c3a 
    c7a0:	7156 
    c7a1:	76f8 	st     #-14164,*(0x4c3b)
    c7a2:	4c3b 
    c7a3:	c8ac 
    c7a4:	80f8 	stl    a,*(0x4c3c)
    c7a5:	4c3c 
    c7a6:	76f8 	st     #-13472,*(0x4c3d)
    c7a7:	4c3d 
    c7a8:	cb60 
    c7a9:	76f8 	st     #-9025,*(0x4c3e)
    c7aa:	4c3e 
    c7ab:	dcbf 
    c7ac:	76f8 	st     #-9056,*(0x4c3f)
    c7ad:	4c3f 
    c7ae:	dca0 
    c7af:	76f8 	st     #-9041,*(0x4c40)
    c7b0:	4c40 
    c7b1:	dcaf 
    c7b2:	76f8 	st     #-17608,*(0x4c41)
    c7b3:	4c41 
    c7b4:	bb38 
    c7b5:	76f8 	st     #-13568,*(0x4c42)
    c7b6:	4c42 
    c7b7:	cb00 
    c7b8:	76f8 	st     #-13520,*(0x4c43)
    c7b9:	4c43 
    c7ba:	cb30 
    c7bb:	76f8 	st     #-11215,*(0x4c44)
    c7bc:	4c44 
    c7bd:	d431 
    c7be:	76f8 	st     #-9267,*(0x4c45)
    c7bf:	4c45 
    c7c0:	dbcd 
    c7c1:	76f8 	st     #-13442,*(0x4c46)
    c7c2:	4c46 
    c7c3:	cb7e 
    c7c4:	76f8 	st     #-13223,*(0x4c47)
    c7c5:	4c47 
    c7c6:	cc59 
    c7c7:	76f8 	st     #-12947,*(0x4c48)
    c7c8:	4c48 
    c7c9:	cd6d 
    c7ca:	76f8 	st     #-12734,*(0x4c49)
    c7cb:	4c49 
    c7cc:	ce42 
    c7cd:	76f8 	st     #-12514,*(0x4c4a)
    c7ce:	4c4a 
    c7cf:	cf1e 
    c7d0:	76f8 	st     #-12362,*(0x4c53)
    c7d1:	4c53 
    c7d2:	cfb6 
    c7d3:	76f8 	st     #-12274,*(0x4c4b)
    c7d4:	4c4b 
    c7d5:	d00e 
    c7d6:	76f8 	st     #-12158,*(0x4c4c)
    c7d7:	4c4c 
    c7d8:	d082 
    c7d9:	76f8 	st     #-14134,*(0x4c4d)
    c7da:	4c4d 
    c7db:	c8ca 
    c7dc:	76f8 	st     #-9359,*(0x4c4e)
    c7dd:	4c4e 
    c7de:	db71 
    c7df:	76f8 	st     #-11963,*(0x4c4f)
    c7e0:	4c4f 
    c7e1:	d145 
    c7e2:	76f8 	st     #-9432,*(0x4c50)
    c7e3:	4c50 
    c7e4:	db28 
    c7e5:	76f8 	st     #-11937,*(0x4c51)
    c7e6:	4c51 
    c7e7:	d15f 
    c7e8:	76f8 	st     #-11977,*(0x4c52)
    c7e9:	4c52 
    c7ea:	d137 
    c7eb:	76f8 	st     #-7653,*(0x4c54)
    c7ec:	4c54 
    c7ed:	e21b 
    c7ee:	76f8 	st     #-7629,*(0x4c55)
    c7ef:	4c55 
    c7f0:	e233 
    c7f1:	76f8 	st     #-8049,*(0x4c56)
    c7f2:	4c56 
    c7f3:	e08f 
    c7f4:	76f8 	st     #-7993,*(0x4c57)
    c7f5:	4c57 
    c7f6:	e0c7 
    c7f7:	76f8 	st     #-7951,*(0x4c58)
    c7f8:	4c58 
    c7f9:	e0f1 
    c7fa:	80f8 	stl    a,*(0x4c59)
    c7fb:	4c59 
    c7fc:	76f8 	st     #28968,*(0x4c5a)
    c7fd:	4c5a 
    c7fe:	7128 
    c7ff:	f020 	ld     #-11680,a
    c800:	d260 
    c801:	80f8 	stl    a,*(0x4c5b)
    c802:	4c5b 
    c803:	80f8 	stl    a,*(0x4c5c)
    c804:	4c5c 
    c805:	76f8 	st     #-13262,*(0x4c5d)
    c806:	4c5d 
    c807:	cc32 
    c808:	76f8 	st     #29065,*(0x4bfa)
    c809:	4bfa 
    c80a:	7189 
    c80b:	76f8 	st     #29107,*(0x4bfb)
    c80c:	4bfb 
    c80d:	71b3 
    c80e:	76f8 	st     #29068,*(0x4bfc)
    c80f:	4bfc 
    c810:	718c 
    c811:	76f8 	st     #29071,*(0x4bfd)
    c812:	4bfd 
    c813:	718f 
    c814:	76f8 	st     #29074,*(0x4bfe)
    c815:	4bfe 
    c816:	7192 
    c817:	76f8 	st     #29077,*(0x4bff)
    c818:	4bff 
    c819:	7195 
    c81a:	76f8 	st     #29080,*(0x4c00)
    c81b:	4c00 
    c81c:	7198 
    c81d:	76f8 	st     #29083,*(0x4c01)
    c81e:	4c01 
    c81f:	719b 
    c820:	76f8 	st     #29110,*(0x4c02)
    c821:	4c02 
    c822:	71b6 
    c823:	76f8 	st     #29113,*(0x4c03)
    c824:	4c03 
    c825:	71b9 
    c826:	fc00 	ret    
    c827:	76f8 	st     #28691,*(0x3f5e)
    c828:	3f5e 
    c829:	7013 
    c82a:	76f8 	st     #278,*(0x3f5f)
    c82b:	3f5f 
    c82c:	0116 
    c82d:	76f8 	st     #-8745,*(0x3f60)
    c82e:	3f60 
    c82f:	ddd7 
    c830:	76f8 	st     #-8557,*(0x3f61)
    c831:	3f61 
    c832:	de93 
    c833:	f020 	ld     #-11628,a
    c834:	d294 
    c835:	80f8 	stl    a,*(0x3f62)
    c836:	3f62 
    c837:	80f8 	stl    a,*(0x3f63)
    c838:	3f63 
    c839:	80f8 	stl    a,*(0x3f64)
    c83a:	3f64 
    c83b:	80f8 	stl    a,*(0x3f65)
    c83c:	3f65 
    c83d:	76f8 	st     #-18963,*(0x3f66)
    c83e:	3f66 
    c83f:	b5ed 
    c840:	76f8 	st     #-18900,*(0x3f67)
    c841:	3f67 
    c842:	b62c 
    c843:	76f8 	st     #-19105,*(0x3f68)
    c844:	3f68 
    c845:	b55f 
    c846:	76f8 	st     #29171,*(0x3f69)
    c847:	3f69 
    c848:	71f3 
    c849:	76f8 	st     #-22927,*(0x3f6a)
    c84a:	3f6a 
    c84b:	a671 
    c84c:	80f8 	stl    a,*(0x3f6b)
    c84d:	3f6b 
    c84e:	76f8 	st     #29092,*(0x3f81)
    c84f:	3f81 
    c850:	71a4 
    c851:	76f8 	st     #29098,*(0x3f82)
    c852:	3f82 
    c853:	71aa 
    c854:	76f8 	st     #29095,*(0x3f83)
    c855:	3f83 
    c856:	71a7 
    c857:	76f8 	st     #29101,*(0x3f84)
    c858:	3f84 
    c859:	71ad 
    c85a:	80f8 	stl    a,*(0x3f85)
    c85b:	3f85 
    c85c:	80f8 	stl    a,*(0x3f86)
    c85d:	3f86 
    c85e:	80f8 	stl    a,*(0x3f87)
    c85f:	3f87 
    c860:	76f8 	st     #-7454,*(0x3f88)
    c861:	3f88 
    c862:	e2e2 
    c863:	76f8 	st     #-7421,*(0x3f89)
    c864:	3f89 
    c865:	e303 
    c866:	fc00 	ret    
    c867:	eefd 	frame  -3
    c868:	11f8 	ld     *(0x4c44),b
    c869:	4c44 
    c86a:	7600 	st     #-19616,DP+0x00
    c86b:	b360 
    c86c:	e804 	ld     #4,a
    c86d:	f5e3 	cala   b
    c86e:	7600 	st     #28709,DP+0x00
    c86f:	7025 
    c870:	11f8 	ld     *(0x4c44),b
    c871:	4c44 
    c872:	e81c 	ld     #28,a
    c873:	f5e3 	cala   b
    c874:	7600 	st     #28736,DP+0x00
    c875:	7040 
    c876:	11f8 	ld     *(0x4c44),b
    c877:	4c44 
    c878:	e81e 	ld     #30,a
    c879:	f5e3 	cala   b
    c87a:	7600 	st     #28818,DP+0x00
    c87b:	7092 
    c87c:	11f8 	ld     *(0x4c44),b
    c87d:	4c44 
    c87e:	e811 	ld     #17,a
    c87f:	f5e3 	cala   b
    c880:	7600 	st     #28832,DP+0x00
    c881:	70a0 
    c882:	11f8 	ld     *(0x4c44),b
    c883:	4c44 
    c884:	e81d 	ld     #29,a
    c885:	f5e3 	cala   b
    c886:	f495 	nop    
    c887:	f495 	nop    
    c888:	f495 	nop    
    c889:	f495 	nop    
    c88a:	f495 	nop    
    c88b:	f495 	nop    
    c88c:	ee03 	frame  3
    c88d:	fc00 	ret    
    c88e:	4a11 	pshm   ar1
    c88f:	f495 	nop    
    c890:	7102 	mvdk   DP+0x02,0x12
    c891:	0012 
    c892:	8811 	stlm   a,ar1
    c893:	f120 	ld     #19660,b
    c894:	4ccc 
    c895:	6ff8 	add    *(0x4bbb),1,b,a
    c896:	4bbb 
    c897:	0e01 
    c898:	8081 	stl    a,*ar1
    c899:	80e1 	stl    a,*ar1(0x1)
    c89a:	0001 
    c89b:	80e1 	stl    a,*ar1(0x2)
    c89c:	0002 
    c89d:	4812 	ldm    ar2,a
    c89e:	00f8 	add    *(0x4bbb),a
    c89f:	4bbb 
    c8a0:	f010 	sub    #1,a
    c8a1:	0001 
    c8a2:	f501 	add    a,1,b
    c8a3:	81e1 	stl    b,*ar1(0x3)
    c8a4:	0003 
    c8a5:	4812 	ldm    ar2,a
    c8a6:	00f8 	add    *(0x4bbb),a
    c8a7:	4bbb 
    c8a8:	80f8 	stl    a,*(0x4bbb)
    c8a9:	4bbb 
    c8aa:	8a11 	popm   ar1
    c8ab:	fc00 	ret    
    c8ac:	eefd 	frame  -3
    c8ad:	76f8 	st     #0,*(0x4bbb)
    c8ae:	4bbb 
    c8af:	0000 
    c8b0:	f020 	ld     #19409,a
    c8b1:	4bd1 
    c8b2:	7600 	st     #6,DP+0x00
    c8b3:	0006 
    c8b4:	f074 	call   0xc88e
    c8b5:	c88e 
    c8b6:	7600 	st     #12,DP+0x00
    c8b7:	000c 
    c8b8:	f020 	ld     #19413,a
    c8b9:	4bd5 
    c8ba:	f074 	call   0xc88e
    c8bb:	c88e 
    c8bc:	7600 	st     #6,DP+0x00
    c8bd:	0006 
    c8be:	f020 	ld     #19417,a
    c8bf:	4bd9 
    c8c0:	f074 	call   0xc88e
    c8c1:	c88e 
    c8c2:	7600 	st     #10,DP+0x00
    c8c3:	000a 
    c8c4:	f020 	ld     #19421,a
    c8c5:	4bdd 
    c8c6:	f074 	call   0xc88e
    c8c7:	c88e 
    c8c8:	ee03 	frame  3
    c8c9:	fc00 	ret    
    c8ca:	4a11 	pshm   ar1
    c8cb:	10f8 	ld     *(0x909),a
    c8cc:	0909 
    c8cd:	f844 	bc     0xc8e7,aneq
    c8ce:	c8e7 
    c8cf:	7711 	stm    #34,ar1
    c8d0:	0022 
    c8d1:	7681 	st     #8,*ar1
    c8d2:	0008 
    c8d3:	7711 	stm    #1,ar1
    c8d4:	0001 
    c8d5:	7681 	st     #16,*ar1
    c8d6:	0010 
    c8d7:	7711 	stm    #0,ar1
    c8d8:	0000 
    c8d9:	6881 	andm   #-17,*ar1
    c8da:	ffef 
    c8db:	69f8 	orm    #-16384,*(0x3fb8)
    c8dc:	3fb8 
    c8dd:	c000 
    c8de:	76f8 	st     #-1,*(0x3fb9)
    c8df:	3fb9 
    c8e0:	ffff 
    c8e1:	76f8 	st     #-1,*(0x3fba)
    c8e2:	3fba 
    c8e3:	ffff 
    c8e4:	68f8 	andm   #-2,*(0x3fd3)
    c8e5:	3fd3 
    c8e6:	fffe 
    c8e7:	8a11 	popm   ar1
    c8e8:	fc00 	ret    
    c8e9:	eeff 	frame  -1
    c8ea:	10f8 	ld     *(0x8d4),a
    c8eb:	08d4 
    c8ec:	80f8 	stl    a,*(0x3fb0)
    c8ed:	3fb0 
    c8ee:	61f8 	bitf   *(0x8),#1
    c8ef:	0008 
    c8f0:	0001 
    c8f1:	f820 	bc     0xc8f7,ntc
    c8f2:	c8f7 
    c8f3:	f020 	ld     #2068,a
    c8f4:	0814 
    c8f5:	f073 	b      0xc8f9
    c8f6:	c8f9 
    c8f7:	f020 	ld     #2048,a
    c8f8:	0800 
    c8f9:	80f8 	stl    a,*(0x4bb7)
    c8fa:	4bb7 
    c8fb:	61f8 	bitf   *(0x3fb0),#1
    c8fc:	3fb0 
    c8fd:	0001 
    c8fe:	f820 	bc     0xc904,ntc
    c8ff:	c904 
    c900:	f020 	ld     #2108,a
    c901:	083c 
    c902:	f073 	b      0xc906
    c903:	c906 
    c904:	f020 	ld     #2088,a
    c905:	0828 
    c906:	80f8 	stl    a,*(0x4bb8)
    c907:	4bb8 
    c908:	61f8 	bitf   *(0x3fb0),#1
    c909:	3fb0 
    c90a:	0001 
    c90b:	f820 	bc     0xc911,ntc
    c90c:	c911 
    c90d:	f020 	ld     #2148,a
    c90e:	0864 
    c90f:	f073 	b      0xc913
    c910:	c913 
    c911:	f020 	ld     #2128,a
    c912:	0850 
    c913:	80f8 	stl    a,*(0x4bb9)
    c914:	4bb9 
    c915:	61f8 	bitf   *(0x3fb0),#1
    c916:	3fb0 
    c917:	0001 
    c918:	f820 	bc     0xc91e,ntc
    c919:	c91e 
    c91a:	f020 	ld     #2204,a
    c91b:	089c 
    c91c:	f073 	b      0xc920
    c91d:	c920 
    c91e:	f020 	ld     #2168,a
    c91f:	0878 
    c920:	80f8 	stl    a,*(0x4bba)
    c921:	4bba 
    c922:	10f8 	ld     *(0x5a00),a
    c923:	5a00 
    c924:	08f8 	sub    *(0x4bf9),a
    c925:	4bf9 
    c926:	f845 	bc     0xc92b,aeq
    c927:	c92b 
    c928:	69f8 	orm    #2048,*(0x8d5)
    c929:	08d5 
    c92a:	0800 
    c92b:	10f8 	ld     *(0x4c41),a
    c92c:	4c41 
    c92d:	f4e3 	cala   a
    c92e:	11f8 	ld     *(0x3f5e),b
    c92f:	3f5e 
    c930:	10f8 	ld     *(0x3fd4),a
    c931:	3fd4 
    c932:	f5e3 	cala   b
    c933:	10f8 	ld     *(0x4c46),a
    c934:	4c46 
    c935:	f4e3 	cala   a
    c936:	11f8 	ld     *(0x3f62),b
    c937:	3f62 
    c938:	e801 	ld     #1,a
    c939:	f5e3 	cala   b
    c93a:	10f8 	ld     *(0x3f61),a
    c93b:	3f61 
    c93c:	f4e3 	cala   a
    c93d:	ee01 	frame  1
    c93e:	fc00 	ret    
    c93f:	4a11 	pshm   ar1
    c940:	eefa 	frame  -6
    c941:	10f8 	ld     *(0x4c3e),a
    c942:	4c3e 
    c943:	f4e3 	cala   a
    c944:	4818 	ldm    sp,a
    c945:	7600 	st     #19413,DP+0x00
    c946:	4bd5 
    c947:	11f8 	ld     *(0x4c42),b
    c948:	4c42 
    c949:	f000 	add    #2,a
    c94a:	0002 
    c94b:	f5e3 	cala   b
    c94c:	11f8 	ld     *(0x4c2e),b
    c94d:	4c2e 
    c94e:	1002 	ld     DP+0x02,a
    c94f:	f5e3 	cala   b
    c950:	4818 	ldm    sp,a
    c951:	11f8 	ld     *(0x4c42),b
    c952:	4c42 
    c953:	7600 	st     #19421,DP+0x00
    c954:	4bdd 
    c955:	f000 	add    #4,a
    c956:	0004 
    c957:	f5e3 	cala   b
    c958:	4818 	ldm    sp,a
    c959:	11f8 	ld     *(0x4c3d),b
    c95a:	4c3d 
    c95b:	f000 	add    #4,a
    c95c:	0004 
    c95d:	f5e3 	cala   b
    c95e:	4818 	ldm    sp,a
    c95f:	f000 	add    #2,a
    c960:	0002 
    c961:	8000 	stl    a,DP+0x00
    c962:	11f8 	ld     *(0x4c43),b
    c963:	4c43 
    c964:	f020 	ld     #19409,a
    c965:	4bd1 
    c966:	f5e3 	cala   b
    c967:	8811 	stlm   a,ar1
    c968:	f495 	nop    
    c969:	f495 	nop    
    c96a:	6ce1 	banz   0xc970,*ar1(0xffff)
    c96b:	ffff 
    c96c:	c970 
    c96d:	69f8 	orm    #32,*(0x8d5)
    c96e:	08d5 
    c96f:	0020 
    c970:	10f8 	ld     *(0x3fc0),a
    c971:	3fc0 
    c972:	f030 	and    #-3,a
    c973:	fffd 
    c974:	80f8 	stl    a,*(0x3fc0)
    c975:	3fc0 
    c976:	61f8 	bitf   *(0x8),#1
    c977:	0008 
    c978:	0001 
    c979:	f820 	bc     0xc983,ntc
    c97a:	c983 
    c97b:	11f8 	ld     *(0x3f5e),b
    c97c:	3f5e 
    c97d:	10f8 	ld     *(0x3f68),a
    c97e:	3f68 
    c97f:	f5e3 	cala   b
    c980:	68f8 	andm   #-2,*(0x3fc0)
    c981:	3fc0 
    c982:	fffe 
    c983:	11f8 	ld     *(0x3f62),b
    c984:	3f62 
    c985:	e803 	ld     #3,a
    c986:	f5e3 	cala   b
    c987:	10f8 	ld     *(0x3f61),a
    c988:	3f61 
    c989:	f4e3 	cala   a
    c98a:	ee06 	frame  6
    c98b:	8a11 	popm   ar1
    c98c:	fc00 	ret    
    c98d:	4a11 	pshm   ar1
    c98e:	eefa 	frame  -6
    c98f:	4818 	ldm    sp,a
    c990:	11f8 	ld     *(0x4c42),b
    c991:	4c42 
    c992:	7600 	st     #19413,DP+0x00
    c993:	4bd5 
    c994:	f000 	add    #2,a
    c995:	0002 
    c996:	f5e3 	cala   b
    c997:	11f8 	ld     *(0x4c2e),b
    c998:	4c2e 
    c999:	1002 	ld     DP+0x02,a
    c99a:	f5e3 	cala   b
    c99b:	10f8 	ld     *(0x4bbe),a
    c99c:	4bbe 
    c99d:	f010 	sub    #1,a
    c99e:	0001 
    c99f:	8811 	stlm   a,ar1
    c9a0:	f495 	nop    
    c9a1:	f495 	nop    
    c9a2:	6e81 	banzd  0xc9c6,*ar1
    c9a3:	c9c6 
    c9a4:	7311 	mvmd   ar1,0x4bbe
    c9a5:	4bbe 
    c9a6:	10f8 	ld     *(0x4c3e),a
    c9a7:	4c3e 
    c9a8:	f4e3 	cala   a
    c9a9:	68f8 	andm   #-3,*(0x3fc0)
    c9aa:	3fc0 
    c9ab:	fffd 
    c9ac:	4818 	ldm    sp,a
    c9ad:	7600 	st     #19421,DP+0x00
    c9ae:	4bdd 
    c9af:	11f8 	ld     *(0x4c42),b
    c9b0:	4c42 
    c9b1:	f000 	add    #4,a
    c9b2:	0004 
    c9b3:	f5e3 	cala   b
    c9b4:	4818 	ldm    sp,a
    c9b5:	11f8 	ld     *(0x4c3d),b
    c9b6:	4c3d 
    c9b7:	f000 	add    #4,a
    c9b8:	0004 
    c9b9:	f5e3 	cala   b
    c9ba:	7211 	mvdm   0x4d1a,ar1
    c9bb:	4d1a 
    c9bc:	4811 	ldm    ar1,a
    c9bd:	f000 	add    #1,a
    c9be:	0001 
    c9bf:	80f8 	stl    a,*(0x4d1a)
    c9c0:	4d1a 
    c9c1:	71e1 	mvdk   *ar1(0x4d1b),0x4bbe
    c9c2:	4d1b 
    c9c3:	4bbe 
    c9c4:	f073 	b      0xc9c9
    c9c5:	c9c9 
    c9c6:	10f8 	ld     *(0x4c3f),a
    c9c7:	4c3f 
    c9c8:	f4e3 	cala   a
    c9c9:	4818 	ldm    sp,a
    c9ca:	f000 	add    #2,a
    c9cb:	0002 
    c9cc:	11f8 	ld     *(0x4c43),b
    c9cd:	4c43 
    c9ce:	8000 	stl    a,DP+0x00
    c9cf:	f020 	ld     #19409,a
    c9d0:	4bd1 
    c9d1:	f5e3 	cala   b
    c9d2:	8811 	stlm   a,ar1
    c9d3:	f495 	nop    
    c9d4:	f495 	nop    
    c9d5:	6ce1 	banz   0xc9db,*ar1(0xffff)
    c9d6:	ffff 
    c9d7:	c9db 
    c9d8:	69f8 	orm    #32,*(0x8d5)
    c9d9:	08d5 
    c9da:	0020 
    c9db:	61f8 	bitf   *(0x3fc0),#2
    c9dc:	3fc0 
    c9dd:	0002 
    c9de:	f830 	bc     0xc9ed,tc
    c9df:	c9ed 
    c9e0:	61f8 	bitf   *(0x3fc0),#1
    c9e1:	3fc0 
    c9e2:	0001 
    c9e3:	f820 	bc     0xc9ed,ntc
    c9e4:	c9ed 
    c9e5:	11f8 	ld     *(0x3f5e),b
    c9e6:	3f5e 
    c9e7:	10f8 	ld     *(0x3f68),a
    c9e8:	3f68 
    c9e9:	f5e3 	cala   b
    c9ea:	68f8 	andm   #-2,*(0x3fc0)
    c9eb:	3fc0 
    c9ec:	fffe 
    c9ed:	11f8 	ld     *(0x3f62),b
    c9ee:	3f62 
    c9ef:	e802 	ld     #2,a
    c9f0:	f5e3 	cala   b
    c9f1:	10f8 	ld     *(0x3f61),a
    c9f2:	3f61 
    c9f3:	f4e3 	cala   a
    c9f4:	ee06 	frame  6
    c9f5:	8a11 	popm   ar1
    c9f6:	fc00 	ret    
    c9f7:	4a11 	pshm   ar1
    c9f8:	eefa 	frame  -6
    c9f9:	10f8 	ld     *(0x4c3e),a
    c9fa:	4c3e 
    c9fb:	f4e3 	cala   a
    c9fc:	4818 	ldm    sp,a
    c9fd:	7600 	st     #19421,DP+0x00
    c9fe:	4bdd 
    c9ff:	11f8 	ld     *(0x4c42),b
    ca00:	4c42 
    ca01:	f000 	add    #4,a
    ca02:	0004 
    ca03:	f5e3 	cala   b
    ca04:	4818 	ldm    sp,a
    ca05:	11f8 	ld     *(0x4c3d),b
    ca06:	4c3d 
    ca07:	f000 	add    #4,a
    ca08:	0004 
    ca09:	f5e3 	cala   b
    ca0a:	4818 	ldm    sp,a
    ca0b:	7600 	st     #19413,DP+0x00
    ca0c:	4bd5 
    ca0d:	11f8 	ld     *(0x4c42),b
    ca0e:	4c42 
    ca0f:	f000 	add    #2,a
    ca10:	0002 
    ca11:	f5e3 	cala   b
    ca12:	7103 	mvdk   DP+0x03,0x11
    ca13:	0011 
    ca14:	1002 	ld     DP+0x02,a
    ca15:	11e1 	ld     *ar1(0x4c1d),b
    ca16:	4c1d 
    ca17:	f5e3 	cala   b
    ca18:	11f8 	ld     *(0x3f63),b
    ca19:	3f63 
    ca1a:	e80c 	ld     #12,a
    ca1b:	f5e3 	cala   b
    ca1c:	ee06 	frame  6
    ca1d:	8a11 	popm   ar1
    ca1e:	fc00 	ret    
    ca1f:	4a11 	pshm   ar1
    ca20:	eefc 	frame  -4
    ca21:	61f8 	bitf   *(0x3fb4),#1
    ca22:	3fb4 
    ca23:	0001 
    ca24:	f820 	bc     0xca2a,ntc
    ca25:	ca2a 
    ca26:	f020 	ld     #3758,a
    ca27:	0eae 
    ca28:	f073 	b      0xca2c
    ca29:	ca2c 
    ca2a:	f020 	ld     #3662,a
    ca2b:	0e4e 
    ca2c:	80f8 	stl    a,*(0x3fb5)
    ca2d:	3fb5 
    ca2e:	61f8 	bitf   *(0x4bc8),#1
    ca2f:	4bc8 
    ca30:	0001 
    ca31:	f820 	bc     0xca3a,ntc
    ca32:	ca3a 
    ca33:	7000 	mvkd   0x3fb5,DP+0x00
    ca34:	3fb5 
    ca35:	7601 	st     #48,DP+0x01
    ca36:	0030 
    ca37:	11f8 	ld     *(0x4c39),b
    ca38:	4c39 
    ca39:	f5e3 	cala   b
    ca3a:	11f8 	ld     *(0x3f5e),b
    ca3b:	3f5e 
    ca3c:	10f8 	ld     *(0x4bfa),a
    ca3d:	4bfa 
    ca3e:	f5e3 	cala   b
    ca3f:	10f8 	ld     *(0x4c3f),a
    ca40:	4c3f 
    ca41:	f4e3 	cala   a
    ca42:	6bf8 	addm   #1,*(0x3fb4)
    ca43:	3fb4 
    ca44:	0001 
    ca45:	10f8 	ld     *(0x8f8),a
    ca46:	08f8 
    ca47:	f844 	bc     0xca51,aneq
    ca48:	ca51 
    ca49:	7210 	mvdm   0x3fb3,ar0
    ca4a:	3fb3 
    ca4b:	7211 	mvdm   0x3fb4,ar1
    ca4c:	3fb4 
    ca4d:	f495 	nop    
    ca4e:	f5a9 	cmpr   lt,ar1
    ca4f:	f830 	bc     0xca68,tc
    ca50:	ca68 
    ca51:	10f8 	ld     *(0x4c3e),a
    ca52:	4c3e 
    ca53:	f4e3 	cala   a
    ca54:	68f8 	andm   #-2,*(0x4bc8)
    ca55:	4bc8 
    ca56:	fffe 
    ca57:	68f8 	andm   #-9,*(0x3fd3)
    ca58:	3fd3 
    ca59:	fff7 
    ca5a:	4818 	ldm    sp,a
    ca5b:	7600 	st     #19421,DP+0x00
    ca5c:	4bdd 
    ca5d:	11f8 	ld     *(0x4c42),b
    ca5e:	4c42 
    ca5f:	f000 	add    #2,a
    ca60:	0002 
    ca61:	f5e3 	cala   b
    ca62:	4818 	ldm    sp,a
    ca63:	11f8 	ld     *(0x4c3d),b
    ca64:	4c3d 
    ca65:	f000 	add    #2,a
    ca66:	0002 
    ca67:	f5e3 	cala   b
    ca68:	11f8 	ld     *(0x3f63),b
    ca69:	3f63 
    ca6a:	e80b 	ld     #11,a
    ca6b:	f5e3 	cala   b
    ca6c:	ee04 	frame  4
    ca6d:	8a11 	popm   ar1
    ca6e:	fc00 	ret    
    ca6f:	4a11 	pshm   ar1
    ca70:	eefc 	frame  -4
    ca71:	11f8 	ld     *(0x3f62),b
    ca72:	3f62 
    ca73:	e804 	ld     #4,a
    ca74:	f5e3 	cala   b
    ca75:	7600 	st     #19417,DP+0x00
    ca76:	4bd9 
    ca77:	4818 	ldm    sp,a
    ca78:	11f8 	ld     *(0x4c42),b
    ca79:	4c42 
    ca7a:	f000 	add    #2,a
    ca7b:	0002 
    ca7c:	f5e3 	cala   b
    ca7d:	6003 	cmpm   DP+0x03,#-1
    ca7e:	ffff 
    ca7f:	f830 	bc     0xcaa4,tc
    ca80:	caa4 
    ca81:	7102 	mvdk   DP+0x02,0x11
    ca82:	0011 
    ca83:	10e1 	ld     *ar1(0x3),a
    ca84:	0003 
    ca85:	f844 	bc     0xca9e,aneq
    ca86:	ca9e 
    ca87:	4818 	ldm    sp,a
    ca88:	f000 	add    #2,a
    ca89:	0002 
    ca8a:	11f8 	ld     *(0x4c43),b
    ca8b:	4c43 
    ca8c:	8000 	stl    a,DP+0x00
    ca8d:	f020 	ld     #19409,a
    ca8e:	4bd1 
    ca8f:	f5e3 	cala   b
    ca90:	8811 	stlm   a,ar1
    ca91:	f495 	nop    
    ca92:	f495 	nop    
    ca93:	6ce1 	banz   0xca99,*ar1(0xffff)
    ca94:	ffff 
    ca95:	ca99 
    ca96:	69f8 	orm    #512,*(0x8d5)
    ca97:	08d5 
    ca98:	0200 
    ca99:	10f8 	ld     *(0x3f61),a
    ca9a:	3f61 
    ca9b:	f4e3 	cala   a
    ca9c:	f073 	b      0xcaa4
    ca9d:	caa4 
    ca9e:	7103 	mvdk   DP+0x03,0x11
    ca9f:	0011 
    caa0:	1002 	ld     DP+0x02,a
    caa1:	11e1 	ld     *ar1(0x4c1d),b
    caa2:	4c1d 
    caa3:	f5e3 	cala   b
    caa4:	10f8 	ld     *(0x4bc2),a
    caa5:	4bc2 
    caa6:	f010 	sub    #1,a
    caa7:	0001 
    caa8:	8811 	stlm   a,ar1
    caa9:	f495 	nop    
    caaa:	f495 	nop    
    caab:	6e81 	banzd  0xcab2,*ar1
    caac:	cab2 
    caad:	7311 	mvmd   ar1,0x4bc2
    caae:	4bc2 
    caaf:	68f8 	andm   #-65,*(0x3fd3)
    cab0:	3fd3 
    cab1:	ffbf 
    cab2:	ee04 	frame  4
    cab3:	8a11 	popm   ar1
    cab4:	fc00 	ret    
    cab5:	4a11 	pshm   ar1
    cab6:	74f8 	portr  pa2,*(0x8)
    cab7:	0008 
    cab8:	0002 
    cab9:	61f8 	bitf   *(0x8),#256
    caba:	0008 
    cabb:	0100 
    cabc:	f830 	bc     0xcac4,tc
    cabd:	cac4 
    cabe:	e802 	ld     #2,a
    cabf:	75f8 	portw  *(0x8),pa64001
    cac0:	0008 
    cac1:	fa01 
    cac2:	f073 	b      0xcafe
    cac3:	cafe 
    cac4:	7211 	mvdm   0x3fb6,ar1
    cac5:	3fb6 
    cac6:	f495 	nop    
    cac7:	1091 	ld     *ar1+,a
    cac8:	75f8 	portw  *(0x8),pa0
    cac9:	0008 
    caca:	0000 
    cacb:	7311 	mvmd   ar1,0x3fb6
    cacc:	3fb6 
    cacd:	10f8 	ld     *(0x3fb6),a
    cace:	3fb6 
    cacf:	08f8 	sub    *(0x3fb7),a
    cad0:	3fb7 
    cad1:	f845 	bc     0xcae9,aeq
    cad2:	cae9 
    cad3:	7211 	mvdm   0x3fb6,ar1
    cad4:	3fb6 
    cad5:	f495 	nop    
    cad6:	1091 	ld     *ar1+,a
    cad7:	75f8 	portw  *(0x8),pa0
    cad8:	0008 
    cad9:	0000 
    cada:	7311 	mvmd   ar1,0x3fb6
    cadb:	3fb6 
    cadc:	10f8 	ld     *(0x3fb6),a
    cadd:	3fb6 
    cade:	08f8 	sub    *(0x3fb7),a
    cadf:	3fb7 
    cae0:	f845 	bc     0xcae9,aeq
    cae1:	cae9 
    cae2:	74f8 	portr  pa2,*(0x8)
    cae3:	0008 
    cae4:	0002 
    cae5:	e802 	ld     #2,a
    cae6:	75f8 	portw  *(0x8),pa64001
    cae7:	0008 
    cae8:	fa01 
    cae9:	10f8 	ld     *(0x3fb6),a
    caea:	3fb6 
    caeb:	08f8 	sub    *(0x3fb7),a
    caec:	3fb7 
    caed:	f844 	bc     0xcafe,aneq
    caee:	cafe 
    caef:	7711 	stm    #0,ar1
    caf0:	0000 
    caf1:	6881 	andm   #-3,*ar1
    caf2:	fffd 
    caf3:	74f8 	portr  pa3,*(0x8)
    caf4:	0008 
    caf5:	0003 
    caf6:	f040 	or     #1024,a
    caf7:	0400 
    caf8:	75f8 	portw  *(0x8),pa3
    caf9:	0008 
    cafa:	0003 
    cafb:	68f8 	andm   #-17,*(0x3fd3)
    cafc:	3fd3 
    cafd:	ffef 
    cafe:	8a11 	popm   ar1
    caff:	fc00 	ret    
    cb00:	4a11 	pshm   ar1
    cb01:	eefe 	frame  -2
    cb02:	f495 	nop    
    cb03:	7104 	mvdk   DP+0x04,0x14
    cb04:	0014 
    cb05:	7184 	mvdk   *ar4,0x11
    cb06:	0011 
    cb07:	71e4 	mvdk   *ar4(0x1),0x10
    cb08:	0001 
    cb09:	0010 
    cb0a:	f7a9 	cmpr   neq,ar1
    cb0b:	f830 	bc     0xcb11,tc
    cb0c:	cb11 
    cb0d:	7601 	st     #-1,DP+0x01
    cb0e:	ffff 
    cb0f:	f073 	b      0xcb25
    cb10:	cb25 
    cb11:	e783 	mvmm   sp,ar3
    cb12:	e712 	mvmm   ar1,ar2
    cb13:	ec01 	rpt    #1
    cb14:	e589 	mvdd   *ar2+,*ar3+
    cb15:	71e4 	mvdk   *ar4(0x3),0x10
    cb16:	0003 
    cb17:	0010 
    cb18:	f7a9 	cmpr   neq,ar1
    cb19:	f830 	bc     0xcb1f,tc
    cb1a:	cb1f 
    cb1b:	11e4 	ld     *ar4(0x2),b
    cb1c:	0002 
    cb1d:	f073 	b      0xcb22
    cb1e:	cb22 
    cb1f:	4911 	ldm    ar1,b
    cb20:	f300 	add    #2,b
    cb21:	0002 
    cb22:	8911 	stlm   b,ar1
    cb23:	7084 	mvkd   0x11,*ar4
    cb24:	0011 
    cb25:	4808 	ldm    al,a
    cb26:	e783 	mvmm   sp,ar3
    cb27:	f845 	bc     0xcb2d,aeq
    cb28:	cb2d 
    cb29:	8812 	stlm   a,ar2
    cb2a:	f495 	nop    
    cb2b:	ec01 	rpt    #1
    cb2c:	e598 	mvdd   *ar3+,*ar2+
    cb2d:	ee02 	frame  2
    cb2e:	8a11 	popm   ar1
    cb2f:	fc00 	ret    
    cb30:	4a11 	pshm   ar1
    cb31:	eefe 	frame  -2
    cb32:	f495 	nop    
    cb33:	7104 	mvdk   DP+0x04,0x13
    cb34:	0013 
    cb35:	8811 	stlm   a,ar1
    cb36:	e782 	mvmm   sp,ar2
    cb37:	ec01 	rpt    #1
    cb38:	e598 	mvdd   *ar3+,*ar2+
    cb39:	71e1 	mvdk   *ar1(0x1),0x14
    cb3a:	0001 
    cb3b:	0014 
    cb3c:	71e1 	mvdk   *ar1(0x3),0x10
    cb3d:	0003 
    cb3e:	0010 
    cb3f:	f7ac 	cmpr   neq,ar4
    cb40:	f830 	bc     0xcb46,tc
    cb41:	cb46 
    cb42:	10e1 	ld     *ar1(0x2),a
    cb43:	0002 
    cb44:	f073 	b      0xcb49
    cb45:	cb49 
    cb46:	4814 	ldm    ar4,a
    cb47:	f000 	add    #2,a
    cb48:	0002 
    cb49:	8814 	stlm   a,ar4
    cb4a:	f495 	nop    
    cb4b:	7181 	mvdk   *ar1,0x10
    cb4c:	0010 
    cb4d:	f4ac 	cmpr   eq,ar4
    cb4e:	f830 	bc     0xcb5c,tc
    cb4f:	cb5c 
    cb50:	71e1 	mvdk   *ar1(0x1),0x12
    cb51:	0001 
    cb52:	0012 
    cb53:	e783 	mvmm   sp,ar3
    cb54:	ec01 	rpt    #1
    cb55:	e598 	mvdd   *ar3+,*ar2+
    cb56:	70e1 	mvkd   0x14,*ar1(0x1)
    cb57:	0001 
    cb58:	0014 
    cb59:	e800 	ld     #0,a
    cb5a:	f073 	b      0xcb5d
    cb5b:	cb5d 
    cb5c:	e801 	ld     #1,a
    cb5d:	ee02 	frame  2
    cb5e:	8a11 	popm   ar1
    cb5f:	fc00 	ret    
    cb60:	4a11 	pshm   ar1
    cb61:	eefe 	frame  -2
    cb62:	8813 	stlm   a,ar3
    cb63:	e782 	mvmm   sp,ar2
    cb64:	ec01 	rpt    #1
    cb65:	e598 	mvdd   *ar3+,*ar2+
    cb66:	6001 	cmpm   DP+0x01,#-1
    cb67:	ffff 
    cb68:	f820 	bc     0xcb72,ntc
    cb69:	cb72 
    cb6a:	10f8 	ld     *(0x4c3e),a
    cb6b:	4c3e 
    cb6c:	f4e3 	cala   a
    cb6d:	76f8 	st     #1,*(0x3fde)
    cb6e:	3fde 
    cb6f:	0001 
    cb70:	f073 	b      0xcb7b
    cb71:	cb7b 
    cb72:	7101 	mvdk   DP+0x01,0x11
    cb73:	0011 
    cb74:	1000 	ld     DP+0x00,a
    cb75:	11e1 	ld     *ar1(0x4c18),b
    cb76:	4c18 
    cb77:	f5e3 	cala   b
    cb78:	76f8 	st     #0,*(0x3fde)
    cb79:	3fde 
    cb7a:	0000 
    cb7b:	ee02 	frame  2
    cb7c:	8a11 	popm   ar1
    cb7d:	fc00 	ret    
    cb7e:	4a11 	pshm   ar1
    cb7f:	10f8 	ld     *(0x4c51),a
    cb80:	4c51 
    cb81:	f4e3 	cala   a
    cb82:	76f8 	st     #-1,*(0x4be6)
    cb83:	4be6 
    cb84:	ffff 
    cb85:	76f8 	st     #0,*(0x4be7)
    cb86:	4be7 
    cb87:	0000 
    cb88:	76f8 	st     #0,*(0x4be8)
    cb89:	4be8 
    cb8a:	0000 
    cb8b:	76f8 	st     #0,*(0x4bed)
    cb8c:	4bed 
    cb8d:	0000 
    cb8e:	7211 	mvdm   0x4bb7,ar1
    cb8f:	4bb7 
    cb90:	7212 	mvdm   0x4bb8,ar2
    cb91:	4bb8 
    cb92:	10e1 	ld     *ar1(0x4),a
    cb93:	0004 
    cb94:	80e2 	stl    a,*ar2(0x4)
    cb95:	0004 
    cb96:	7212 	mvdm   0x4bb7,ar2
    cb97:	4bb7 
    cb98:	7211 	mvdm   0x4bb8,ar1
    cb99:	4bb8 
    cb9a:	10e2 	ld     *ar2(0x6),a
    cb9b:	0006 
    cb9c:	80e1 	stl    a,*ar1(0x6)
    cb9d:	0006 
    cb9e:	7212 	mvdm   0x4bb9,ar2
    cb9f:	4bb9 
    cba0:	7211 	mvdm   0x4bba,ar1
    cba1:	4bba 
    cba2:	10e2 	ld     *ar2(0x1),a
    cba3:	0001 
    cba4:	80e1 	stl    a,*ar1(0x1)
    cba5:	0001 
    cba6:	7212 	mvdm   0x4bb9,ar2
    cba7:	4bb9 
    cba8:	7213 	mvdm   0x4bba,ar3
    cba9:	4bba 
    cbaa:	f495 	nop    
    cbab:	e501 	mvdd   *ar2,*ar3
    cbac:	7211 	mvdm   0x4bb9,ar1
    cbad:	4bb9 
    cbae:	7212 	mvdm   0x4bba,ar2
    cbaf:	4bba 
    cbb0:	10e1 	ld     *ar1(0x2),a
    cbb1:	0002 
    cbb2:	80e2 	stl    a,*ar2(0x2)
    cbb3:	0002 
    cbb4:	7212 	mvdm   0x4bb9,ar2
    cbb5:	4bb9 
    cbb6:	7211 	mvdm   0x4bba,ar1
    cbb7:	4bba 
    cbb8:	10e2 	ld     *ar2(0x3),a
    cbb9:	0003 
    cbba:	80e1 	stl    a,*ar1(0x3)
    cbbb:	0003 
    cbbc:	76f8 	st     #0,*(0x3fb1)
    cbbd:	3fb1 
    cbbe:	0000 
    cbbf:	10f8 	ld     *(0x4c4d),a
    cbc0:	4c4d 
    cbc1:	f4e3 	cala   a
    cbc2:	61f8 	bitf   *(0x3fb0),#2
    cbc3:	3fb0 
    cbc4:	0002 
    cbc5:	f820 	bc     0xcbe6,ntc
    cbc6:	cbe6 
    cbc7:	10f8 	ld     *(0x4c5d),a
    cbc8:	4c5d 
    cbc9:	f4e3 	cala   a
    cbca:	10f8 	ld     *(0x4c47),a
    cbcb:	4c47 
    cbcc:	f4e3 	cala   a
    cbcd:	7211 	mvdm   0x4bb7,ar1
    cbce:	4bb7 
    cbcf:	f495 	nop    
    cbd0:	10e1 	ld     *ar1(0x4),a
    cbd1:	0004 
    cbd2:	f030 	and    #32767,a
    cbd3:	7fff 
    cbd4:	80f8 	stl    a,*(0x4be9)
    cbd5:	4be9 
    cbd6:	4808 	ldm    al,a
    cbd7:	f845 	bc     0xcbdc,aeq
    cbd8:	cbdc 
    cbd9:	10f8 	ld     *(0x4c4b),a
    cbda:	4c4b 
    cbdb:	f4e3 	cala   a
    cbdc:	60f8 	cmpm   *(0x4be6),#-1
    cbdd:	4be6 
    cbde:	ffff 
    cbdf:	f830 	bc     0xcbe6,tc
    cbe0:	cbe6 
    cbe1:	11f8 	ld     *(0x4c0b),b
    cbe2:	4c0b 
    cbe3:	10f8 	ld     *(0x4be6),a
    cbe4:	4be6 
    cbe5:	f5e3 	cala   b
    cbe6:	7211 	mvdm   0x4bb9,ar1
    cbe7:	4bb9 
    cbe8:	f495 	nop    
    cbe9:	61e1 	bitf   *ar1(0x1),#32767
    cbea:	0001 
    cbeb:	7fff 
    cbec:	f820 	bc     0xcbf5,ntc
    cbed:	cbf5 
    cbee:	61f8 	bitf   *(0x3fb0),#2
    cbef:	3fb0 
    cbf0:	0002 
    cbf1:	f820 	bc     0xcbf5,ntc
    cbf2:	cbf5 
    cbf3:	f073 	b      0xcc28
    cbf4:	cc28 
    cbf5:	10f8 	ld     *(0x4be8),a
    cbf6:	4be8 
    cbf7:	f100 	add    #1,a,b
    cbf8:	0001 
    cbf9:	62f8 	mpy    *(0x8),#11,a
    cbfa:	0008 
    cbfb:	000b 
    cbfc:	f000 	add    #19550,a
    cbfd:	4c5e 
    cbfe:	80f8 	stl    a,*(0x4be5)
    cbff:	4be5 
    cc00:	81f8 	stl    b,*(0x4be8)
    cc01:	4be8 
    cc02:	61f8 	bitf   *(0x3fb0),#2
    cc03:	3fb0 
    cc04:	0002 
    cc05:	f830 	bc     0xcc0f,tc
    cc06:	cc0f 
    cc07:	7211 	mvdm   0x4be5,ar1
    cc08:	4be5 
    cc09:	f495 	nop    
    cc0a:	76e1 	st     #0,*ar1(0x6)
    cc0b:	0006 
    cc0c:	0000 
    cc0d:	f073 	b      0xcc17
    cc0e:	cc17 
    cc0f:	7211 	mvdm   0x4bb7,ar1
    cc10:	4bb7 
    cc11:	7212 	mvdm   0x4be5,ar2
    cc12:	4be5 
    cc13:	10e1 	ld     *ar1(0xb),a
    cc14:	000b 
    cc15:	80e2 	stl    a,*ar2(0x6)
    cc16:	0006 
    cc17:	7211 	mvdm   0x4be5,ar1
    cc18:	4be5 
    cc19:	f495 	nop    
    cc1a:	76e1 	st     #0,*ar1(0x8)
    cc1b:	0008 
    cc1c:	0000 
    cc1d:	7211 	mvdm   0x4be5,ar1
    cc1e:	4be5 
    cc1f:	f495 	nop    
    cc20:	76e1 	st     #0,*ar1(0x9)
    cc21:	0009 
    cc22:	0000 
    cc23:	11f8 	ld     *(0x4c14),b
    cc24:	4c14 
    cc25:	10f8 	ld     *(0x4be5),a
    cc26:	4be5 
    cc27:	f5e3 	cala   b
    cc28:	61f8 	bitf   *(0x3fb0),#8
    cc29:	3fb0 
    cc2a:	0008 
    cc2b:	f820 	bc     0xcc30,ntc
    cc2c:	cc30 
    cc2d:	10f8 	ld     *(0x4c13),a
    cc2e:	4c13 
    cc2f:	f4e3 	cala   a
    cc30:	8a11 	popm   ar1
    cc31:	fc00 	ret    
    cc32:	4a11 	pshm   ar1
    cc33:	7211 	mvdm   0x4bb9,ar1
    cc34:	4bb9 
    cc35:	f495 	nop    
    cc36:	71e1 	mvdk   *ar1(0x1),0x4bd0
    cc37:	0001 
    cc38:	4bd0 
    cc39:	7711 	stm    #0,ar1
    cc3a:	0000 
    cc3b:	4811 	ldm    ar1,a
    cc3c:	00f8 	add    *(0x4bb9),a
    cc3d:	4bb9 
    cc3e:	8812 	stlm   a,ar2
    cc3f:	f495 	nop    
    cc40:	e907 	ld     #7,b
    cc41:	12e2 	ldu    *ar2(0x4),a
    cc42:	0004 
    cc43:	f478 	sfta   a,-8
    cc44:	f030 	and    #1,a
    cc45:	0001 
    cc46:	8812 	stlm   a,ar2
    cc47:	4811 	ldm    ar1,a
    cc48:	f520 	sub    a,b
    cc49:	32f8 	ld     *(0xb),asm
    cc4a:	000b 
    cc4b:	4812 	ldm    ar2,a
    cc4c:	f482 	ld     a,asm
    cc4d:	1af8 	or     *(0x4bd0),a
    cc4e:	4bd0 
    cc4f:	80f8 	stl    a,*(0x4bd0)
    cc50:	4bd0 
    cc51:	7710 	stm    #7,ar0
    cc52:	0007 
    cc53:	6d91 	mar    *ar1+
    cc54:	f6a9 	cmpr   gt,ar1
    cc55:	f820 	bc     0xcc3b,ntc
    cc56:	cc3b 
    cc57:	8a11 	popm   ar1
    cc58:	fc00 	ret    
    cc59:	4a11 	pshm   ar1
    cc5a:	7211 	mvdm   0x4bb8,ar1
    cc5b:	4bb8 
    cc5c:	f495 	nop    
    cc5d:	76e1 	st     #0,*ar1(0x9)
    cc5e:	0009 
    cc5f:	0000 
    cc60:	7711 	stm    #0,ar1
    cc61:	0000 
    cc62:	4811 	ldm    ar1,a
    cc63:	00f8 	add    *(0x4bba),a
    cc64:	4bba 
    cc65:	8812 	stlm   a,ar2
    cc66:	f495 	nop    
    cc67:	f495 	nop    
    cc68:	76e2 	st     #0,*ar2(0xc)
    cc69:	000c 
    cc6a:	0000 
    cc6b:	7710 	stm    #7,ar0
    cc6c:	0007 
    cc6d:	6d91 	mar    *ar1+
    cc6e:	f6a9 	cmpr   gt,ar1
    cc6f:	f820 	bc     0xcc62,ntc
    cc70:	cc62 
    cc71:	e800 	ld     #0,a
    cc72:	80f8 	stl    a,*(0x4bc9)
    cc73:	4bc9 
    cc74:	80f8 	stl    a,*(0x4bca)
    cc75:	4bca 
    cc76:	10f8 	ld     *(0x4bc7),a
    cc77:	4bc7 
    cc78:	f844 	bc     0xcc84,aneq
    cc79:	cc84 
    cc7a:	7211 	mvdm   0x4bb9,ar1
    cc7b:	4bb9 
    cc7c:	f495 	nop    
    cc7d:	10e1 	ld     *ar1(0x3),a
    cc7e:	0003 
    cc7f:	f844 	bc     0xcc84,aneq
    cc80:	cc84 
    cc81:	76f8 	st     #1,*(0x4bc7)
    cc82:	4bc7 
    cc83:	0001 
    cc84:	10f8 	ld     *(0x4bb7),a
    cc85:	4bb7 
    cc86:	f000 	add    #16,a
    cc87:	0010 
    cc88:	8811 	stlm   a,ar1
    cc89:	f495 	nop    
    cc8a:	e807 	ld     #7,a
    cc8b:	1881 	and    *ar1,a
    cc8c:	80f8 	stl    a,*(0x3fa8)
    cc8d:	3fa8 
    cc8e:	1281 	ldu    *ar1,a
    cc8f:	f47d 	sfta   a,-3
    cc90:	f030 	and    #1,a
    cc91:	0001 
    cc92:	80f8 	stl    a,*(0x3fa9)
    cc93:	3fa9 
    cc94:	7211 	mvdm   0x4bb7,ar1
    cc95:	4bb7 
    cc96:	f495 	nop    
    cc97:	71e1 	mvdk   *ar1(0xf),0x3fcc
    cc98:	000f 
    cc99:	3fcc 
    cc9a:	e800 	ld     #0,a
    cc9b:	80f8 	stl    a,*(0x4beb)
    cc9c:	4beb 
    cc9d:	80f8 	stl    a,*(0x4bec)
    cc9e:	4bec 
    cc9f:	80f8 	stl    a,*(0x4bea)
    cca0:	4bea 
    cca1:	7211 	mvdm   0x4bb9,ar1
    cca2:	4bb9 
    cca3:	f495 	nop    
    cca4:	60e1 	cmpm   *ar1(0x3),#1
    cca5:	0003 
    cca6:	0001 
    cca7:	f820 	bc     0xccb2,ntc
    cca8:	ccb2 
    cca9:	7212 	mvdm   0x4bb9,ar2
    ccaa:	4bb9 
    ccab:	f495 	nop    
    ccac:	9601 	bit    *ar2,1
    ccad:	f830 	bc     0xccb2,tc
    ccae:	ccb2 
    ccaf:	76f8 	st     #0,*(0x9c2)
    ccb0:	09c2 
    ccb1:	0000 
    ccb2:	76f8 	st     #0,*(0x4bc2)
    ccb3:	4bc2 
    ccb4:	0000 
    ccb5:	76f8 	st     #0,*(0x3fca)
    ccb6:	3fca 
    ccb7:	0000 
    ccb8:	61f8 	bitf   *(0x4bc8),#8
    ccb9:	4bc8 
    ccba:	0008 
    ccbb:	f830 	bc     0xccc3,tc
    ccbc:	ccc3 
    ccbd:	76f8 	st     #0,*(0x4bbe)
    ccbe:	4bbe 
    ccbf:	0000 
    ccc0:	76f8 	st     #0,*(0x4d1a)
    ccc1:	4d1a 
    ccc2:	0000 
    ccc3:	76f8 	st     #0,*(0x4bc1)
    ccc4:	4bc1 
    ccc5:	0000 
    ccc6:	76f8 	st     #0,*(0x4bbf)
    ccc7:	4bbf 
    ccc8:	0000 
    ccc9:	61f8 	bitf   *(0x9bc),#32
    ccca:	09bc 
    cccb:	0020 
    cccc:	f820 	bc     0xcce4,ntc
    cccd:	cce4 
    ccce:	7211 	mvdm   0x4bc6,ar1
    cccf:	4bc6 
    ccd0:	f495 	nop    
    ccd1:	7710 	stm    #7,ar0
    ccd2:	0007 
    ccd3:	f6a9 	cmpr   gt,ar1
    ccd4:	f820 	bc     0xccd8,ntc
    ccd5:	ccd8 
    ccd6:	f073 	b      0xccf6
    ccd7:	ccf6 
    ccd8:	4811 	ldm    ar1,a
    ccd9:	f000 	add    #28675,a
    ccda:	7003 
    ccdb:	4808 	ldm    al,a
    ccdc:	f495 	nop    
    ccdd:	f495 	nop    
    ccde:	f495 	nop    
    ccdf:	f495 	nop    
    cce0:	f495 	nop    
    cce1:	7ef8 	reada  *(0x8)
    cce2:	0008 
    cce3:	f4e2 	bacc   a
    cce4:	76f8 	st     #2,*(0x4bc0)
    cce5:	4bc0 
    cce6:	0002 
    cce7:	f073 	b      0xccf6
    cce8:	ccf6 
    cce9:	76f8 	st     #3,*(0x4bc0)
    ccea:	4bc0 
    cceb:	0003 
    ccec:	f073 	b      0xccf6
    cced:	ccf6 
    ccee:	76f8 	st     #4,*(0x4bc0)
    ccef:	4bc0 
    ccf0:	0004 
    ccf1:	f073 	b      0xccf6
    ccf2:	ccf6 
    ccf3:	76f8 	st     #1,*(0x4bc0)
    ccf4:	4bc0 
    ccf5:	0001 
    ccf6:	68f8 	andm   #-33,*(0x4bc8)
    ccf7:	4bc8 
    ccf8:	ffdf 
    ccf9:	7211 	mvdm   0x4be7,ar1
    ccfa:	4be7 
    ccfb:	f495 	nop    
    ccfc:	7710 	stm    #8,ar0
    ccfd:	0008 
    ccfe:	f5a9 	cmpr   lt,ar1
    ccff:	f820 	bc     0xcd5e,ntc
    cd00:	cd5e 
    cd01:	10f8 	ld     *(0x4be7),a
    cd02:	4be7 
    cd03:	f6b8 	rsbx   st1,sxm
    cd04:	e980 	ld     #128,b
    cd05:	7211 	mvdm   0x4bb9,ar1
    cd06:	4bb9 
    cd07:	f484 	neg    a
    cd08:	880e 	stlm   a,t
    cd09:	14f8 	ld     *(0xb),ts,a
    cd0a:	000b 
    cd0b:	1881 	and    *ar1,a
    cd0c:	f844 	bc     0xcd3f,aneq
    cd0d:	cd3f 
    cd0e:	76f8 	st     #0,*(0x4bbd)
    cd0f:	4bbd 
    cd10:	0000 
    cd11:	10f8 	ld     *(0x4bbe),a
    cd12:	4bbe 
    cd13:	f845 	bc     0xcd22,aeq
    cd14:	cd22 
    cd15:	7211 	mvdm   0x4d1a,ar1
    cd16:	4d1a 
    cd17:	4811 	ldm    ar1,a
    cd18:	f000 	add    #1,a
    cd19:	0001 
    cd1a:	80f8 	stl    a,*(0x4d1a)
    cd1b:	4d1a 
    cd1c:	70e1 	mvkd   0x4bbe,*ar1(0x4d1b)
    cd1d:	4d1b 
    cd1e:	4bbe 
    cd1f:	76f8 	st     #0,*(0x4bbe)
    cd20:	4bbe 
    cd21:	0000 
    cd22:	10f8 	ld     *(0x4be7),a
    cd23:	4be7 
    cd24:	e980 	ld     #128,b
    cd25:	7211 	mvdm   0x4bb9,ar1
    cd26:	4bb9 
    cd27:	f484 	neg    a
    cd28:	880e 	stlm   a,t
    cd29:	14f8 	ld     *(0xb),ts,a
    cd2a:	000b 
    cd2b:	18e1 	and    *ar1(0x2),a
    cd2c:	0002 
    cd2d:	f845 	bc     0xcd42,aeq
    cd2e:	cd42 
    cd2f:	76f8 	st     #3,*(0x4be9)
    cd30:	4be9 
    cd31:	0003 
    cd32:	10f8 	ld     *(0x4be7),a
    cd33:	4be7 
    cd34:	00f8 	add    *(0x4bba),a
    cd35:	4bba 
    cd36:	f000 	add    #12,a
    cd37:	000c 
    cd38:	80f8 	stl    a,*(0x4be5)
    cd39:	4be5 
    cd3a:	11f8 	ld     *(0x4c07),b
    cd3b:	4c07 
    cd3c:	f5e3 	cala   b
    cd3d:	f073 	b      0xcd42
    cd3e:	cd42 
    cd3f:	10f8 	ld     *(0x4c48),a
    cd40:	4c48 
    cd41:	f4e3 	cala   a
    cd42:	10f8 	ld     *(0x4be7),a
    cd43:	4be7 
    cd44:	f6b8 	rsbx   st1,sxm
    cd45:	e980 	ld     #128,b
    cd46:	f484 	neg    a
    cd47:	880e 	stlm   a,t
    cd48:	14f8 	ld     *(0xb),ts,a
    cd49:	000b 
    cd4a:	18f8 	and    *(0x4bd0),a
    cd4b:	4bd0 
    cd4c:	f845 	bc     0xcd51,aeq
    cd4d:	cd51 
    cd4e:	10f8 	ld     *(0x4c49),a
    cd4f:	4c49 
    cd50:	f4e3 	cala   a
    cd51:	10f8 	ld     *(0x4be7),a
    cd52:	4be7 
    cd53:	f000 	add    #1,a
    cd54:	0001 
    cd55:	8811 	stlm   a,ar1
    cd56:	f495 	nop    
    cd57:	7710 	stm    #8,ar0
    cd58:	0008 
    cd59:	f5a9 	cmpr   lt,ar1
    cd5a:	80f8 	stl    a,*(0x4be7)
    cd5b:	4be7 
    cd5c:	f830 	bc     0xcd01,tc
    cd5d:	cd01 
    cd5e:	76f8 	st     #0,*(0x4d1a)
    cd5f:	4d1a 
    cd60:	0000 
    cd61:	7211 	mvdm   0x4d1a,ar1
    cd62:	4d1a 
    cd63:	4811 	ldm    ar1,a
    cd64:	f000 	add    #1,a
    cd65:	0001 
    cd66:	80f8 	stl    a,*(0x4d1a)
    cd67:	4d1a 
    cd68:	71e1 	mvdk   *ar1(0x4d1b),0x4bbe
    cd69:	4d1b 
    cd6a:	4bbe 
    cd6b:	8a11 	popm   ar1
    cd6c:	fc00 	ret    
    cd6d:	4a11 	pshm   ar1
    cd6e:	7212 	mvdm   0x4bb9,ar2
    cd6f:	4bb9 
    cd70:	f495 	nop    
    cd71:	9601 	bit    *ar2,1
    cd72:	f820 	bc     0xcd77,ntc
    cd73:	cd77 
    cd74:	e804 	ld     #4,a
    cd75:	f073 	b      0xcd78
    cd76:	cd78 
    cd77:	e801 	ld     #1,a
    cd78:	80f8 	stl    a,*(0x4be9)
    cd79:	4be9 
    cd7a:	10f8 	ld     *(0x4be8),a
    cd7b:	4be8 
    cd7c:	f100 	add    #1,a,b
    cd7d:	0001 
    cd7e:	62f8 	mpy    *(0x8),#11,a
    cd7f:	0008 
    cd80:	000b 
    cd81:	f000 	add    #19550,a
    cd82:	4c5e 
    cd83:	8811 	stlm   a,ar1
    cd84:	f495 	nop    
    cd85:	7311 	mvmd   ar1,0x4be5
    cd86:	4be5 
    cd87:	81f8 	stl    b,*(0x4be8)
    cd88:	4be8 
    cd89:	76e1 	st     #0,*ar1(0xa)
    cd8a:	000a 
    cd8b:	0000 
    cd8c:	10f8 	ld     *(0x4be5),a
    cd8d:	4be5 
    cd8e:	f000 	add    #10,a
    cd8f:	000a 
    cd90:	8811 	stlm   a,ar1
    cd91:	6ff8 	ld     *(0x4be7),1,a
    cd92:	4be7 
    cd93:	0c41 
    cd94:	1a81 	or     *ar1,a
    cd95:	8081 	stl    a,*ar1
    cd96:	7211 	mvdm   0x4be5,ar1
    cd97:	4be5 
    cd98:	7081 	mvkd   0x4bca,*ar1
    cd99:	4bca 
    cd9a:	7211 	mvdm   0x4bb9,ar1
    cd9b:	4bb9 
    cd9c:	7212 	mvdm   0x4be5,ar2
    cd9d:	4be5 
    cd9e:	10e1 	ld     *ar1(0x3),a
    cd9f:	0003 
    cda0:	80e2 	stl    a,*ar2(0x3)
    cda1:	0003 
    cda2:	7211 	mvdm   0x4be5,ar1
    cda3:	4be5 
    cda4:	f495 	nop    
    cda5:	70e1 	mvkd   0x4be9,*ar1(0x1)
    cda6:	0001 
    cda7:	4be9 
    cda8:	10f8 	ld     *(0x4be7),a
    cda9:	4be7 
    cdaa:	00f8 	add    *(0x4bba),a
    cdab:	4bba 
    cdac:	7211 	mvdm   0x4be5,ar1
    cdad:	4be5 
    cdae:	f000 	add    #4,a
    cdaf:	0004 
    cdb0:	80e1 	stl    a,*ar1(0x6)
    cdb1:	0006 
    cdb2:	10f8 	ld     *(0x4be7),a
    cdb3:	4be7 
    cdb4:	7211 	mvdm   0x4be5,ar1
    cdb5:	4be5 
    cdb6:	00f8 	add    *(0x4bba),a
    cdb7:	4bba 
    cdb8:	f000 	add    #12,a
    cdb9:	000c 
    cdba:	80e1 	stl    a,*ar1(0x7)
    cdbb:	0007 
    cdbc:	10f8 	ld     *(0x4be7),a
    cdbd:	4be7 
    cdbe:	00f8 	add    *(0x4bba),a
    cdbf:	4bba 
    cdc0:	7211 	mvdm   0x4be5,ar1
    cdc1:	4be5 
    cdc2:	f000 	add    #20,a
    cdc3:	0014 
    cdc4:	80e1 	stl    a,*ar1(0x8)
    cdc5:	0008 
    cdc6:	10f8 	ld     *(0x4be7),a
    cdc7:	4be7 
    cdc8:	00f8 	add    *(0x4bba),a
    cdc9:	4bba 
    cdca:	7211 	mvdm   0x4be5,ar1
    cdcb:	4be5 
    cdcc:	f000 	add    #28,a
    cdcd:	001c 
    cdce:	80e1 	stl    a,*ar1(0x9)
    cdcf:	0009 
    cdd0:	60f8 	cmpm   *(0x4be9),#4
    cdd1:	4be9 
    cdd2:	0004 
    cdd3:	f830 	bc     0xcde9,tc
    cdd4:	cde9 
    cdd5:	10f8 	ld     *(0x4bea),a
    cdd6:	4bea 
    cdd7:	f100 	add    #1,a,b
    cdd8:	0001 
    cdd9:	7211 	mvdm   0x4be5,ar1
    cdda:	4be5 
    cddb:	62f8 	mpy    *(0x8),#31,a
    cddc:	0008 
    cddd:	001f 
    cdde:	81f8 	stl    b,*(0x4bea)
    cddf:	4bea 
    cde0:	f000 	add    #2733,a
    cde1:	0aad 
    cde2:	80e1 	stl    a,*ar1(0x2)
    cde3:	0002 
    cde4:	6bf8 	addm   #1,*(0x4bca)
    cde5:	4bca 
    cde6:	0001 
    cde7:	f073 	b      0xcdef
    cde8:	cdef 
    cde9:	7211 	mvdm   0x4be5,ar1
    cdea:	4be5 
    cdeb:	f495 	nop    
    cdec:	76e1 	st     #2540,*ar1(0x2)
    cded:	0002 
    cdee:	09ec 
    cdef:	7212 	mvdm   0x4bb9,ar2
    cdf0:	4bb9 
    cdf1:	f495 	nop    
    cdf2:	9600 	bit    *ar2,0
    cdf3:	f820 	bc     0xcdfe,ntc
    cdf4:	cdfe 
    cdf5:	10f8 	ld     *(0x4be5),a
    cdf6:	4be5 
    cdf7:	f000 	add    #10,a
    cdf8:	000a 
    cdf9:	8811 	stlm   a,ar1
    cdfa:	f495 	nop    
    cdfb:	f495 	nop    
    cdfc:	6981 	orm    #1,*ar1
    cdfd:	0001 
    cdfe:	68f8 	andm   #-3,*(0x4bc8)
    cdff:	4bc8 
    ce00:	fffd 
    ce01:	10f8 	ld     *(0x4be7),a
    ce02:	4be7 
    ce03:	f6b8 	rsbx   st1,sxm
    ce04:	f120 	ld     #320,b
    ce05:	0140 
    ce06:	f484 	neg    a
    ce07:	7211 	mvdm   0x4bb9,ar1
    ce08:	4bb9 
    ce09:	880e 	stlm   a,t
    ce0a:	14f8 	ld     *(0xb),ts,a
    ce0b:	000b 
    ce0c:	e9ff 	ld     #255,b
    ce0d:	1881 	and    *ar1,a
    ce0e:	18f8 	and    *(0xb),a
    ce0f:	000b 
    ce10:	f844 	bc     0xce15,aneq
    ce11:	ce15 
    ce12:	69f8 	orm    #2,*(0x4bc8)
    ce13:	4bc8 
    ce14:	0002 
    ce15:	7211 	mvdm   0x4be5,ar1
    ce16:	4be5 
    ce17:	f495 	nop    
    ce18:	10e1 	ld     *ar1(0x3),a
    ce19:	0003 
    ce1a:	f844 	bc     0xce39,aneq
    ce1b:	ce39 
    ce1c:	60f8 	cmpm   *(0x4be9),#4
    ce1d:	4be9 
    ce1e:	0004 
    ce1f:	f830 	bc     0xce39,tc
    ce20:	ce39 
    ce21:	10f8 	ld     *(0x4be7),a
    ce22:	4be7 
    ce23:	f000 	add    #2520,a
    ce24:	09d8 
    ce25:	8811 	stlm   a,ar1
    ce26:	7212 	mvdm   0x4be5,ar2
    ce27:	4be5 
    ce28:	1081 	ld     *ar1,a
    ce29:	80e2 	stl    a,*ar2(0x5)
    ce2a:	0005 
    ce2b:	10f8 	ld     *(0x4be7),a
    ce2c:	4be7 
    ce2d:	f000 	add    #2504,a
    ce2e:	09c8 
    ce2f:	8812 	stlm   a,ar2
    ce30:	7213 	mvdm   0x4be5,ar3
    ce31:	4be5 
    ce32:	1082 	ld     *ar2,a
    ce33:	80e3 	stl    a,*ar3(0x4)
    ce34:	0004 
    ce35:	7681 	st     #0,*ar1
    ce36:	0000 
    ce37:	6882 	andm   #-16,*ar2
    ce38:	fff0 
    ce39:	7211 	mvdm   0x4be9,ar1
    ce3a:	4be9 
    ce3b:	10f8 	ld     *(0x4be5),a
    ce3c:	4be5 
    ce3d:	11e1 	ld     *ar1(0x4c04),b
    ce3e:	4c04 
    ce3f:	f5e3 	cala   b
    ce40:	8a11 	popm   ar1
    ce41:	fc00 	ret    
    ce42:	4a11 	pshm   ar1
    ce43:	76f8 	st     #2,*(0x4be9)
    ce44:	4be9 
    ce45:	0002 
    ce46:	10f8 	ld     *(0x4be8),a
    ce47:	4be8 
    ce48:	f100 	add    #1,a,b
    ce49:	0001 
    ce4a:	62f8 	mpy    *(0x8),#11,a
    ce4b:	0008 
    ce4c:	000b 
    ce4d:	f000 	add    #19550,a
    ce4e:	4c5e 
    ce4f:	8811 	stlm   a,ar1
    ce50:	f495 	nop    
    ce51:	7311 	mvmd   ar1,0x4be5
    ce52:	4be5 
    ce53:	81f8 	stl    b,*(0x4be8)
    ce54:	4be8 
    ce55:	7081 	mvkd   0x4bc9,*ar1
    ce56:	4bc9 
    ce57:	7211 	mvdm   0x4bb9,ar1
    ce58:	4bb9 
    ce59:	7212 	mvdm   0x4be5,ar2
    ce5a:	4be5 
    ce5b:	10e1 	ld     *ar1(0x3),a
    ce5c:	0003 
    ce5d:	80e2 	stl    a,*ar2(0x3)
    ce5e:	0003 
    ce5f:	10f8 	ld     *(0x4be7),a
    ce60:	4be7 
    ce61:	00f8 	add    *(0x4bb9),a
    ce62:	4bb9 
    ce63:	8812 	stlm   a,ar2
    ce64:	7211 	mvdm   0x4be5,ar1
    ce65:	4be5 
    ce66:	10e2 	ld     *ar2(0x4),a
    ce67:	0004 
    ce68:	80e1 	stl    a,*ar1(0x6)
    ce69:	0006 
    ce6a:	10f8 	ld     *(0x4be7),a
    ce6b:	4be7 
    ce6c:	00f8 	add    *(0x4bb9),a
    ce6d:	4bb9 
    ce6e:	8811 	stlm   a,ar1
    ce6f:	7212 	mvdm   0x4be5,ar2
    ce70:	4be5 
    ce71:	10e1 	ld     *ar1(0xc),a
    ce72:	000c 
    ce73:	80e2 	stl    a,*ar2(0x8)
    ce74:	0008 
    ce75:	10f8 	ld     *(0x4bc2),a
    ce76:	4bc2 
    ce77:	f844 	bc     0xce88,aneq
    ce78:	ce88 
    ce79:	10f8 	ld     *(0x4be5),a
    ce7a:	4be5 
    ce7b:	f000 	add    #6,a
    ce7c:	0006 
    ce7d:	8811 	stlm   a,ar1
    ce7e:	f120 	ld     #-17,b
    ce7f:	ffef 
    ce80:	7212 	mvdm   0x4bb7,ar2
    ce81:	4bb7 
    ce82:	e810 	ld     #16,a
    ce83:	1981 	and    *ar1,b
    ce84:	18e2 	and    *ar2(0xb),a
    ce85:	000b 
    ce86:	f2a0 	or     b,a
    ce87:	8081 	stl    a,*ar1
    ce88:	10f8 	ld     *(0x4be7),a
    ce89:	4be7 
    ce8a:	f6b8 	rsbx   st1,sxm
    ce8b:	e980 	ld     #128,b
    ce8c:	7211 	mvdm   0x4bb9,ar1
    ce8d:	4bb9 
    ce8e:	f484 	neg    a
    ce8f:	880e 	stlm   a,t
    ce90:	14f8 	ld     *(0xb),ts,a
    ce91:	000b 
    ce92:	18e1 	and    *ar1(0x1),a
    ce93:	0001 
    ce94:	f844 	bc     0xce9e,aneq
    ce95:	ce9e 
    ce96:	7211 	mvdm   0x4be5,ar1
    ce97:	4be5 
    ce98:	f495 	nop    
    ce99:	76e1 	st     #-1,*ar1(0x2)
    ce9a:	0002 
    ce9b:	ffff 
    ce9c:	f073 	b      0xcf0a
    ce9d:	cf0a 
    ce9e:	7211 	mvdm   0x4be5,ar1
    ce9f:	4be5 
    cea0:	f495 	nop    
    cea1:	76e1 	st     #0,*ar1(0x9)
    cea2:	0009 
    cea3:	0000 
    cea4:	7212 	mvdm   0x4bb9,ar2
    cea5:	4bb9 
    cea6:	f495 	nop    
    cea7:	6d92 	mar    *ar2+
    cea8:	9600 	bit    *ar2,0
    cea9:	f820 	bc     0xceb1,ntc
    ceaa:	ceb1 
    ceab:	7211 	mvdm   0x4be5,ar1
    ceac:	4be5 
    cead:	f495 	nop    
    ceae:	76e1 	st     #1,*ar1(0x9)
    ceaf:	0009 
    ceb0:	0001 
    ceb1:	7211 	mvdm   0x4bb9,ar1
    ceb2:	4bb9 
    ceb3:	f495 	nop    
    ceb4:	11e1 	ld     *ar1(0x1),b
    ceb5:	0001 
    ceb6:	61f8 	bitf   *(0xb),#16384
    ceb7:	000b 
    ceb8:	4000 
    ceb9:	f830 	bc     0xcede,tc
    ceba:	cede 
    cebb:	7211 	mvdm   0x4be5,ar1
    cebc:	4be5 
    cebd:	f495 	nop    
    cebe:	10e1 	ld     *ar1(0x3),a
    cebf:	0003 
    cec0:	f845 	bc     0xcec7,aeq
    cec1:	cec7 
    cec2:	61f8 	bitf   *(0xb),#8192
    cec3:	000b 
    cec4:	2000 
    cec5:	f820 	bc     0xced9,ntc
    cec6:	ced9 
    cec7:	7211 	mvdm   0x4be5,ar1
    cec8:	4be5 
    cec9:	f495 	nop    
    ceca:	76e1 	st     #0,*ar1(0x3)
    cecb:	0003 
    cecc:	0000 
    cecd:	10f8 	ld     *(0x4be7),a
    cece:	4be7 
    cecf:	f000 	add    #2512,a
    ced0:	09d0 
    ced1:	8811 	stlm   a,ar1
    ced2:	7212 	mvdm   0x4be5,ar2
    ced3:	4be5 
    ced4:	1081 	ld     *ar1,a
    ced5:	80e2 	stl    a,*ar2(0x4)
    ced6:	0004 
    ced7:	7681 	st     #255,*ar1
    ced8:	00ff 
    ced9:	10f8 	ld     *(0x4c4a),a
    ceda:	4c4a 
    cedb:	f4e3 	cala   a
    cedc:	f073 	b      0xcef2
    cedd:	cef2 
    cede:	76f8 	st     #5,*(0x4be9)
    cedf:	4be9 
    cee0:	0005 
    cee1:	7211 	mvdm   0x4be5,ar1
    cee2:	4be5 
    cee3:	f495 	nop    
    cee4:	76e1 	st     #2536,*ar1(0x2)
    cee5:	0002 
    cee6:	09e8 
    cee7:	e80f 	ld     #15,a
    cee8:	18f8 	and    *(0x9e8),a
    cee9:	09e8 
    ceea:	80f8 	stl    a,*(0x4bed)
    ceeb:	4bed 
    ceec:	7211 	mvdm   0x4be5,ar1
    ceed:	4be5 
    ceee:	f495 	nop    
    ceef:	76e1 	st     #0,*ar1(0x3)
    cef0:	0003 
    cef1:	0000 
    cef2:	7211 	mvdm   0x4be5,ar1
    cef3:	4be5 
    cef4:	f495 	nop    
    cef5:	60e1 	cmpm   *ar1(0x2),#-1
    cef6:	0002 
    cef7:	ffff 
    cef8:	f830 	bc     0xcefd,tc
    cef9:	cefd 
    cefa:	6bf8 	addm   #1,*(0x4bc9)
    cefb:	4bc9 
    cefc:	0001 
    cefd:	7211 	mvdm   0x4be5,ar1
    cefe:	4be5 
    ceff:	f495 	nop    
    cf00:	10e1 	ld     *ar1(0x3),a
    cf01:	0003 
    cf02:	f844 	bc     0xcf0a,aneq
    cf03:	cf0a 
    cf04:	7211 	mvdm   0x4be5,ar1
    cf05:	4be5 
    cf06:	f495 	nop    
    cf07:	70e1 	mvkd   0x4bed,*ar1(0x5)
    cf08:	0005 
    cf09:	4bed 
    cf0a:	60f8 	cmpm   *(0x4be6),#-1
    cf0b:	4be6 
    cf0c:	ffff 
    cf0d:	f820 	bc     0xcf1c,ntc
    cf0e:	cf1c 
    cf0f:	7211 	mvdm   0x4be5,ar1
    cf10:	4be5 
    cf11:	f495 	nop    
    cf12:	70e1 	mvkd   0x4be9,*ar1(0x1)
    cf13:	0001 
    cf14:	4be9 
    cf15:	7211 	mvdm   0x4be9,ar1
    cf16:	4be9 
    cf17:	10f8 	ld     *(0x4be5),a
    cf18:	4be5 
    cf19:	11e1 	ld     *ar1(0x4c04),b
    cf1a:	4c04 
    cf1b:	f5e3 	cala   b
    cf1c:	8a11 	popm   ar1
    cf1d:	fc00 	ret    
    cf1e:	4a11 	pshm   ar1
    cf1f:	7211 	mvdm   0x4be5,ar1
    cf20:	4be5 
    cf21:	f495 	nop    
    cf22:	7710 	stm    #8,ar0
    cf23:	0008 
    cf24:	71e1 	mvdk   *ar1(0x4),0x11
    cf25:	0004 
    cf26:	0011 
    cf27:	f5a9 	cmpr   lt,ar1
    cf28:	f830 	bc     0xcf52,tc
    cf29:	cf52 
    cf2a:	76f8 	st     #6,*(0x4be9)
    cf2b:	4be9 
    cf2c:	0006 
    cf2d:	f020 	ld     #2672,a
    cf2e:	0a70 
    cf2f:	7211 	mvdm   0x4be5,ar1
    cf30:	4be5 
    cf31:	f495 	nop    
    cf32:	11e1 	ld     *ar1(0x4),b
    cf33:	0004 
    cf34:	f300 	add    #-8,b
    cf35:	fff8 
    cf36:	890e 	stlm   b,t
    cf37:	7211 	mvdm   0x4be5,ar1
    cf38:	4be5 
    cf39:	f166 	mpy    #15,b
    cf3a:	000f 
    cf3b:	f500 	add    a,b
    cf3c:	81e1 	stl    b,*ar1(0x2)
    cf3d:	0002 
    cf3e:	7211 	mvdm   0x4be5,ar1
    cf3f:	4be5 
    cf40:	f495 	nop    
    cf41:	11e1 	ld     *ar1(0x4),b
    cf42:	0004 
    cf43:	f300 	add    #-8,b
    cf44:	fff8 
    cf45:	890e 	stlm   b,t
    cf46:	f495 	nop    
    cf47:	f166 	mpy    #15,b
    cf48:	000f 
    cf49:	f500 	add    a,b
    cf4a:	8911 	stlm   b,ar1
    cf4b:	f495 	nop    
    cf4c:	e80f 	ld     #15,a
    cf4d:	1881 	and    *ar1,a
    cf4e:	80f8 	stl    a,*(0x4bed)
    cf4f:	4bed 
    cf50:	f073 	b      0xcfb4
    cf51:	cfb4 
    cf52:	f6b8 	rsbx   st1,sxm
    cf53:	6ff8 	ld     *(0x9bc),-2,a
    cf54:	09bc 
    cf55:	0c5e 
    cf56:	e902 	ld     #2,b
    cf57:	f7b8 	ssbx   st1,sxm
    cf58:	18f8 	and    *(0xb),a
    cf59:	000b 
    cf5a:	f47f 	sfta   a,-1
    cf5b:	f844 	bc     0xcf75,aneq
    cf5c:	cf75 
    cf5d:	7211 	mvdm   0x4bb9,ar1
    cf5e:	4bb9 
    cf5f:	f495 	nop    
    cf60:	10e1 	ld     *ar1(0x3),a
    cf61:	0003 
    cf62:	f844 	bc     0xcf75,aneq
    cf63:	cf75 
    cf64:	e803 	ld     #3,a
    cf65:	f6b8 	rsbx   st1,sxm
    cf66:	08f8 	sub    *(0x4be7),a
    cf67:	4be7 
    cf68:	e980 	ld     #128,b
    cf69:	880e 	stlm   a,t
    cf6a:	14f8 	ld     *(0xb),ts,a
    cf6b:	000b 
    cf6c:	18f8 	and    *(0x9c4),a
    cf6d:	09c4 
    cf6e:	f845 	bc     0xcf75,aeq
    cf6f:	cf75 
    cf70:	10f8 	ld     *(0x4c53),a
    cf71:	4c53 
    cf72:	f4e3 	cala   a
    cf73:	f073 	b      0xcfb4
    cf74:	cfb4 
    cf75:	f020 	ld     #2556,a
    cf76:	09fc 
    cf77:	7212 	mvdm   0x4be5,ar2
    cf78:	4be5 
    cf79:	7211 	mvdm   0x4be5,ar1
    cf7a:	4be5 
    cf7b:	6dea 	mar    *+ar2(0x4)
    cf7c:	0004 
    cf7d:	6582 	mac    *ar2,#29,a,b
    cf7e:	001d 
    cf7f:	81e1 	stl    b,*ar1(0x2)
    cf80:	0002 
    cf81:	7212 	mvdm   0x4be5,ar2
    cf82:	4be5 
    cf83:	f495 	nop    
    cf84:	6dea 	mar    *+ar2(0x4)
    cf85:	0004 
    cf86:	6482 	mac    *ar2,#29,a
    cf87:	001d 
    cf88:	8811 	stlm   a,ar1
    cf89:	f495 	nop    
    cf8a:	e80f 	ld     #15,a
    cf8b:	1881 	and    *ar1,a
    cf8c:	80f8 	stl    a,*(0x4bed)
    cf8d:	4bed 
    cf8e:	10f8 	ld     *(0x4be7),a
    cf8f:	4be7 
    cf90:	f844 	bc     0xcfb4,aneq
    cf91:	cfb4 
    cf92:	7212 	mvdm   0x4bb9,ar2
    cf93:	4bb9 
    cf94:	f495 	nop    
    cf95:	6d92 	mar    *ar2+
    cf96:	9608 	bit    *ar2,8
    cf97:	f820 	bc     0xcfb4,ntc
    cf98:	cfb4 
    cf99:	10f8 	ld     *(0x4be5),a
    cf9a:	4be5 
    cf9b:	f000 	add    #3,a
    cf9c:	0003 
    cf9d:	8811 	stlm   a,ar1
    cf9e:	f495 	nop    
    cf9f:	f495 	nop    
    cfa0:	6b81 	addm   #1,*ar1
    cfa1:	0001 
    cfa2:	10f8 	ld     *(0x4be5),a
    cfa3:	4be5 
    cfa4:	f000 	add    #3,a
    cfa5:	0003 
    cfa6:	8811 	stlm   a,ar1
    cfa7:	f495 	nop    
    cfa8:	f495 	nop    
    cfa9:	6881 	andm   #3,*ar1
    cfaa:	0003 
    cfab:	7211 	mvdm   0x4be5,ar1
    cfac:	4be5 
    cfad:	f495 	nop    
    cfae:	70e1 	mvkd   0x4be9,*ar1(0x1)
    cfaf:	0001 
    cfb0:	4be9 
    cfb1:	71f8 	mvdk   *(0x4be5),0x4be6
    cfb2:	4be5 
    cfb3:	4be6 
    cfb4:	8a11 	popm   ar1
    cfb5:	fc00 	ret    
    cfb6:	4a11 	pshm   ar1
    cfb7:	7211 	mvdm   0x4bec,ar1
    cfb8:	4bec 
    cfb9:	4811 	ldm    ar1,a
    cfba:	7212 	mvdm   0x4be5,ar2
    cfbb:	4be5 
    cfbc:	f000 	add    #1,a
    cfbd:	0001 
    cfbe:	80f8 	stl    a,*(0x4bec)
    cfbf:	4bec 
    cfc0:	10e2 	ld     *ar2(0x4),a
    cfc1:	0004 
    cfc2:	80e1 	stl    a,*ar1(0x4be1)
    cfc3:	4be1 
    cfc4:	f120 	ld     #-16384,b
    cfc5:	c000 
    cfc6:	f6b8 	rsbx   st1,sxm
    cfc7:	10f8 	ld     *(0x4be7),a
    cfc8:	4be7 
    cfc9:	f010 	sub    #3,a
    cfca:	0003 
    cfcb:	f0e1 	sftl   a,1
    cfcc:	f484 	neg    a
    cfcd:	880e 	stlm   a,t
    cfce:	e80a 	ld     #10,a
    cfcf:	15f8 	ld     *(0xb),ts,b
    cfd0:	000b 
    cfd1:	08f8 	sub    *(0x4be7),a
    cfd2:	4be7 
    cfd3:	f0e1 	sftl   a,1
    cfd4:	19f8 	and    *(0x9c2),b
    cfd5:	09c2 
    cfd6:	f484 	neg    a
    cfd7:	32f8 	ld     *(0x8),asm
    cfd8:	0008 
    cfd9:	f682 	ld     b,asm,a
    cfda:	f010 	sub    #1,a
    cfdb:	0001 
    cfdc:	f845 	bc     0xcfe6,aeq
    cfdd:	cfe6 
    cfde:	7211 	mvdm   0x4be5,ar1
    cfdf:	4be5 
    cfe0:	f495 	nop    
    cfe1:	76e1 	st     #-1,*ar1(0x2)
    cfe2:	0002 
    cfe3:	ffff 
    cfe4:	f073 	b      0xcfff
    cfe5:	cfff 
    cfe6:	7211 	mvdm   0x4beb,ar1
    cfe7:	4beb 
    cfe8:	4811 	ldm    ar1,a
    cfe9:	f000 	add    #1,a
    cfea:	0001 
    cfeb:	80f8 	stl    a,*(0x4beb)
    cfec:	4beb 
    cfed:	10e1 	ld     *ar1(0x4be1),a
    cfee:	4be1 
    cfef:	7211 	mvdm   0x4be5,ar1
    cff0:	4be5 
    cff1:	f495 	nop    
    cff2:	80e1 	stl    a,*ar1(0x4)
    cff3:	0004 
    cff4:	7211 	mvdm   0x4be5,ar1
    cff5:	4be5 
    cff6:	7212 	mvdm   0x4be5,ar2
    cff7:	4be5 
    cff8:	62e1 	mpy    *ar1(0x4),#29,a
    cff9:	0004 
    cffa:	001d 
    cffb:	f000 	add    #2556,a
    cffc:	09fc 
    cffd:	80e2 	stl    a,*ar2(0x2)
    cffe:	0002 
    cfff:	7211 	mvdm   0x4be5,ar1
    d000:	4be5 
    d001:	f495 	nop    
    d002:	62e1 	mpy    *ar1(0x4),#29,a
    d003:	0004 
    d004:	001d 
    d005:	8811 	stlm   a,ar1
    d006:	f495 	nop    
    d007:	e90f 	ld     #15,b
    d008:	19e1 	and    *ar1(0x9fc),b
    d009:	09fc 
    d00a:	81f8 	stl    b,*(0x4bed)
    d00b:	4bed 
    d00c:	8a11 	popm   ar1
    d00d:	fc00 	ret    
    d00e:	4a11 	pshm   ar1
    d00f:	7212 	mvdm   0x4be9,ar2
    d010:	4be9 
    d011:	f495 	nop    
    d012:	7710 	stm    #4,ar0
    d013:	0004 
    d014:	e721 	mvmm   ar2,ar1
    d015:	6de9 	mar    *+ar1(0xfffb)
    d016:	fffb 
    d017:	f6a9 	cmpr   gt,ar1
    d018:	f820 	bc     0xd057,ntc
    d019:	d057 
    d01a:	7710 	stm    #17,ar0
    d01b:	0011 
    d01c:	f4aa 	cmpr   eq,ar2
    d01d:	f830 	bc     0xd052,tc
    d01e:	d052 
    d01f:	7710 	stm    #7,ar0
    d020:	0007 
    d021:	6dea 	mar    *+ar2(0xff9b)
    d022:	ff9b 
    d023:	f6aa 	cmpr   gt,ar2
    d024:	f820 	bc     0xd02e,ntc
    d025:	d02e 
    d026:	76f8 	st     #0,*(0x4be9)
    d027:	4be9 
    d028:	0000 
    d029:	76f8 	st     #-1,*(0x4be5)
    d02a:	4be5 
    d02b:	ffff 
    d02c:	f073 	b      0xd079
    d02d:	d079 
    d02e:	71f8 	mvdk   *(0x4be9),0x4bc4
    d02f:	4be9 
    d030:	4bc4 
    d031:	76f8 	st     #8,*(0x4be9)
    d032:	4be9 
    d033:	0008 
    d034:	76f8 	st     #-1,*(0x4be5)
    d035:	4be5 
    d036:	ffff 
    d037:	76f8 	st     #0,*(0x4bcd)
    d038:	4bcd 
    d039:	0000 
    d03a:	76f8 	st     #0,*(0x4be7)
    d03b:	4be7 
    d03c:	0000 
    d03d:	7211 	mvdm   0x4be7,ar1
    d03e:	4be7 
    d03f:	f495 	nop    
    d040:	76e1 	st     #0,*ar1(0x9e0)
    d041:	09e0 
    d042:	0000 
    d043:	10f8 	ld     *(0x4be7),a
    d044:	4be7 
    d045:	f000 	add    #1,a
    d046:	0001 
    d047:	8811 	stlm   a,ar1
    d048:	f495 	nop    
    d049:	7710 	stm    #8,ar0
    d04a:	0008 
    d04b:	f5a9 	cmpr   lt,ar1
    d04c:	80f8 	stl    a,*(0x4be7)
    d04d:	4be7 
    d04e:	f830 	bc     0xd03d,tc
    d04f:	d03d 
    d050:	f073 	b      0xd079
    d051:	d079 
    d052:	10f8 	ld     *(0x4c4c),a
    d053:	4c4c 
    d054:	f4e3 	cala   a
    d055:	f073 	b      0xd079
    d056:	d079 
    d057:	7711 	stm    #19638,ar1
    d058:	4cb6 
    d059:	7311 	mvmd   ar1,0x4be5
    d05a:	4be5 
    d05b:	7681 	st     #8,*ar1
    d05c:	0008 
    d05d:	10f8 	ld     *(0x4be9),a
    d05e:	4be9 
    d05f:	f000 	add    #4,a
    d060:	0004 
    d061:	80f8 	stl    a,*(0x4be9)
    d062:	4be9 
    d063:	80f8 	stl    a,*(0x4cb7)
    d064:	4cb7 
    d065:	76f8 	st     #0,*(0x4cc0)
    d066:	4cc0 
    d067:	0000 
    d068:	68f8 	andm   #-2,*(0x4bc8)
    d069:	4bc8 
    d06a:	fffe 
    d06b:	7211 	mvdm   0x4bb7,ar1
    d06c:	4bb7 
    d06d:	f495 	nop    
    d06e:	61e1 	bitf   *ar1(0x4),#-32768
    d06f:	0004 
    d070:	8000 
    d071:	f820 	bc     0xd079,ntc
    d072:	d079 
    d073:	76f8 	st     #1,*(0x4cc0)
    d074:	4cc0 
    d075:	0001 
    d076:	69f8 	orm    #1,*(0x4bc8)
    d077:	4bc8 
    d078:	0001 
    d079:	7211 	mvdm   0x4be9,ar1
    d07a:	4be9 
    d07b:	10f8 	ld     *(0x4be5),a
    d07c:	4be5 
    d07d:	11e1 	ld     *ar1(0x4c04),b
    d07e:	4c04 
    d07f:	f5e3 	cala   b
    d080:	8a11 	popm   ar1
    d081:	fc00 	ret    
    d082:	4a11 	pshm   ar1
    d083:	76f8 	st     #14,*(0x4be9)
    d084:	4be9 
    d085:	000e 
    d086:	7711 	stm    #19649,ar1
    d087:	4cc1 
    d088:	7311 	mvmd   ar1,0x4be5
    d089:	4be5 
    d08a:	76e1 	st     #14,*ar1(0x1)
    d08b:	0001 
    d08c:	000e 
    d08d:	76f8 	st     #8,*(0x4cc1)
    d08e:	4cc1 
    d08f:	0008 
    d090:	e808 	ld     #8,a
    d091:	00f8 	add    *(0x4bb8),a
    d092:	4bb8 
    d093:	80f8 	stl    a,*(0x4cc7)
    d094:	4cc7 
    d095:	e809 	ld     #9,a
    d096:	00f8 	add    *(0x4bb8),a
    d097:	4bb8 
    d098:	80f8 	stl    a,*(0x4cc8)
    d099:	4cc8 
    d09a:	e80a 	ld     #10,a
    d09b:	00f8 	add    *(0x4bb8),a
    d09c:	4bb8 
    d09d:	80f8 	stl    a,*(0x4cc9)
    d09e:	4cc9 
    d09f:	e80b 	ld     #11,a
    d0a0:	00f8 	add    *(0x4bb8),a
    d0a1:	4bb8 
    d0a2:	80f8 	stl    a,*(0x4cca)
    d0a3:	4cca 
    d0a4:	76f8 	st     #2733,*(0x4cc3)
    d0a5:	4cc3 
    d0a6:	0aad 
    d0a7:	76f8 	st     #0,*(0x4ccb)
    d0a8:	4ccb 
    d0a9:	0000 
    d0aa:	7211 	mvdm   0x4bb7,ar1
    d0ab:	4bb7 
    d0ac:	f495 	nop    
    d0ad:	61e1 	bitf   *ar1(0x4),#-32768
    d0ae:	0004 
    d0af:	8000 
    d0b0:	f820 	bc     0xd0b5,ntc
    d0b1:	d0b5 
    d0b2:	76f8 	st     #1,*(0x4ccb)
    d0b3:	4ccb 
    d0b4:	0001 
    d0b5:	7211 	mvdm   0x4be5,ar1
    d0b6:	4be5 
    d0b7:	f495 	nop    
    d0b8:	76e1 	st     #0,*ar1(0x3)
    d0b9:	0003 
    d0ba:	0000 
    d0bb:	f495 	nop    
    d0bc:	8a11 	popm   ar1
    d0bd:	fc00 	ret    
    d0be:	4a11 	pshm   ar1
    d0bf:	10f8 	ld     *(0x4bb7),a
    d0c0:	4bb7 
    d0c1:	f000 	add    #16,a
    d0c2:	0010 
    d0c3:	8812 	stlm   a,ar2
    d0c4:	f495 	nop    
    d0c5:	f495 	nop    
    d0c6:	9600 	bit    *ar2,0
    d0c7:	f820 	bc     0xd135,ntc
    d0c8:	d135 
    d0c9:	10f8 	ld     *(0x9bc),a
    d0ca:	09bc 
    d0cb:	f030 	and    #-2,a
    d0cc:	fffe 
    d0cd:	80f8 	stl    a,*(0x9bc)
    d0ce:	09bc 
    d0cf:	61f8 	bitf   *(0x8),#2
    d0d0:	0008 
    d0d1:	0002 
    d0d2:	f830 	bc     0xd101,tc
    d0d3:	d101 
    d0d4:	6882 	andm   #32767,*ar2
    d0d5:	7fff 
    d0d6:	10f8 	ld     *(0x4c3b),a
    d0d7:	4c3b 
    d0d8:	f4e3 	cala   a
    d0d9:	10f8 	ld     *(0x4c3e),a
    d0da:	4c3e 
    d0db:	f4e3 	cala   a
    d0dc:	10f8 	ld     *(0x4c40),a
    d0dd:	4c40 
    d0de:	f4e3 	cala   a
    d0df:	76f8 	st     #0,*(0x4bbd)
    d0e0:	4bbd 
    d0e1:	0000 
    d0e2:	71f8 	mvdk   *(0x9c3),0x4bc6
    d0e3:	09c3 
    d0e4:	4bc6 
    d0e5:	76f8 	st     #0,*(0x4bc7)
    d0e6:	4bc7 
    d0e7:	0000 
    d0e8:	76f8 	st     #1,*(0x3fde)
    d0e9:	3fde 
    d0ea:	0001 
    d0eb:	76f8 	st     #0,*(0x4bcb)
    d0ec:	4bcb 
    d0ed:	0000 
    d0ee:	68f8 	andm   #-9,*(0x3fd3)
    d0ef:	3fd3 
    d0f0:	fff7 
    d0f1:	69f8 	orm    #4,*(0x4bc8)
    d0f2:	4bc8 
    d0f3:	0004 
    d0f4:	7211 	mvdm   0x4bb7,ar1
    d0f5:	4bb7 
    d0f6:	f495 	nop    
    d0f7:	61e1 	bitf   *ar1(0x10),#16384
    d0f8:	0010 
    d0f9:	4000 
    d0fa:	f820 	bc     0xd135,ntc
    d0fb:	d135 
    d0fc:	10f8 	ld     *(0x4c59),a
    d0fd:	4c59 
    d0fe:	f4e3 	cala   a
    d0ff:	f073 	b      0xd135
    d100:	d135 
    d101:	68f8 	andm   #-3,*(0x9bc)
    d102:	09bc 
    d103:	fffd 
    d104:	7211 	mvdm   0x4bb7,ar1
    d105:	4bb7 
    d106:	7212 	mvdm   0x4bb8,ar2
    d107:	4bb8 
    d108:	10e1 	ld     *ar1(0x4),a
    d109:	0004 
    d10a:	80e2 	stl    a,*ar2(0x4)
    d10b:	0004 
    d10c:	7212 	mvdm   0x4bb7,ar2
    d10d:	4bb7 
    d10e:	7211 	mvdm   0x4bb8,ar1
    d10f:	4bb8 
    d110:	10e2 	ld     *ar2(0x6),a
    d111:	0006 
    d112:	80e1 	stl    a,*ar1(0x6)
    d113:	0006 
    d114:	7212 	mvdm   0x4bb9,ar2
    d115:	4bb9 
    d116:	7211 	mvdm   0x4bba,ar1
    d117:	4bba 
    d118:	10e2 	ld     *ar2(0x1),a
    d119:	0001 
    d11a:	80e1 	stl    a,*ar1(0x1)
    d11b:	0001 
    d11c:	7213 	mvdm   0x4bb9,ar3
    d11d:	4bb9 
    d11e:	7212 	mvdm   0x4bba,ar2
    d11f:	4bba 
    d120:	f495 	nop    
    d121:	e510 	mvdd   *ar3,*ar2
    d122:	7211 	mvdm   0x4bb9,ar1
    d123:	4bb9 
    d124:	7212 	mvdm   0x4bba,ar2
    d125:	4bba 
    d126:	10e1 	ld     *ar1(0x2),a
    d127:	0002 
    d128:	80e2 	stl    a,*ar2(0x2)
    d129:	0002 
    d12a:	7211 	mvdm   0x4bb9,ar1
    d12b:	4bb9 
    d12c:	7212 	mvdm   0x4bba,ar2
    d12d:	4bba 
    d12e:	10e1 	ld     *ar1(0x3),a
    d12f:	0003 
    d130:	80e2 	stl    a,*ar2(0x3)
    d131:	0003 
    d132:	10f8 	ld     *(0x4c5a),a
    d133:	4c5a 
    d134:	f4e3 	cala   a
    d135:	8a11 	popm   ar1
    d136:	fc00 	ret    
    d137:	7712 	stm    #0,ar2
    d138:	0000 
    d139:	960b 	bit    *ar2,11
    d13a:	f830 	bc     0xd141,tc
    d13b:	d141 
    d13c:	f5e1 	idle   3
    d13d:	f6bb 	rsbx   st1,intm
    d13e:	f495 	nop    
    d13f:	f073 	b      0xd144
    d140:	d144 
    d141:	f4e1 	idle   1
    d142:	f6bb 	rsbx   st1,intm
    d143:	f495 	nop    
    d144:	fc00 	ret    
    d145:	4a11 	pshm   ar1
    d146:	4a16 	pshm   ar6
    d147:	eefd 	frame  -3
    d148:	8811 	stlm   a,ar1
    d149:	f495 	nop    
    d14a:	f495 	nop    
    d14b:	6081 	cmpm   *ar1,#-1
    d14c:	ffff 
    d14d:	f830 	bc     0xd15b,tc
    d14e:	d15b 
    d14f:	7716 	stm    #19921,ar6
    d150:	4dd1 
    d151:	1081 	ld     *ar1,a
    d152:	11f8 	ld     *(0x4c36),b
    d153:	4c36 
    d154:	7601 	st     #11,DP+0x01
    d155:	000b 
    d156:	7000 	mvkd   0x16,DP+0x00
    d157:	0016 
    d158:	f5e3 	cala   b
    d159:	7081 	mvkd   0x16,*ar1
    d15a:	0016 
    d15b:	ee03 	frame  3
    d15c:	8a16 	popm   ar6
    d15d:	8a11 	popm   ar1
    d15e:	fc00 	ret    
    d15f:	4a11 	pshm   ar1
    d160:	61f8 	bitf   *(0x3fb0),#2
    d161:	3fb0 
    d162:	0002 
    d163:	f820 	bc     0xd245,ntc
    d164:	d245 
    d165:	68f8 	andm   #-201,*(0x4bc8)
    d166:	4bc8 
    d167:	ff37 
    d168:	7211 	mvdm   0x4bb9,ar1
    d169:	4bb9 
    d16a:	f495 	nop    
    d16b:	1181 	ld     *ar1,b
    d16c:	61f8 	bitf   *(0xb),#128
    d16d:	000b 
    d16e:	0080 
    d16f:	f830 	bc     0xd214,tc
    d170:	d214 
    d171:	7211 	mvdm   0x4bb9,ar1
    d172:	4bb9 
    d173:	f495 	nop    
    d174:	10e1 	ld     *ar1(0x2),a
    d175:	0002 
    d176:	61f8 	bitf   *(0x8),#128
    d177:	0008 
    d178:	0080 
    d179:	f830 	bc     0xd203,tc
    d17a:	d203 
    d17b:	7211 	mvdm   0x4bb9,ar1
    d17c:	4bb9 
    d17d:	f495 	nop    
    d17e:	61e1 	bitf   *ar1(0x1),#255
    d17f:	0001 
    d180:	00ff 
    d181:	f830 	bc     0xd245,tc
    d182:	d245 
    d183:	61f8 	bitf   *(0xb),#255
    d184:	000b 
    d185:	00ff 
    d186:	f830 	bc     0xd245,tc
    d187:	d245 
    d188:	61f8 	bitf   *(0x8),#255
    d189:	0008 
    d18a:	00ff 
    d18b:	f830 	bc     0xd245,tc
    d18c:	d245 
    d18d:	7211 	mvdm   0x4bb7,ar1
    d18e:	4bb7 
    d18f:	f495 	nop    
    d190:	10e1 	ld     *ar1(0x4),a
    d191:	0004 
    d192:	f030 	and    #32767,a
    d193:	7fff 
    d194:	80f8 	stl    a,*(0x4be9)
    d195:	4be9 
    d196:	8811 	stlm   a,ar1
    d197:	f495 	nop    
    d198:	4811 	ldm    ar1,a
    d199:	f010 	sub    #9,a
    d19a:	0009 
    d19b:	f846 	bc     0xd1b6,agt
    d19c:	d1b6 
    d19d:	7710 	stm    #9,ar0
    d19e:	0009 
    d19f:	f4a9 	cmpr   eq,ar1
    d1a0:	f830 	bc     0xd1dd,tc
    d1a1:	d1dd 
    d1a2:	7710 	stm    #5,ar0
    d1a3:	0005 
    d1a4:	f4a9 	cmpr   eq,ar1
    d1a5:	f830 	bc     0xd1f0,tc
    d1a6:	d1f0 
    d1a7:	e712 	mvmm   ar1,ar2
    d1a8:	7710 	stm    #1,ar0
    d1a9:	0001 
    d1aa:	6dea 	mar    *+ar2(0xfffa)
    d1ab:	fffa 
    d1ac:	f6aa 	cmpr   gt,ar2
    d1ad:	f820 	bc     0xd1dd,ntc
    d1ae:	d1dd 
    d1af:	7710 	stm    #8,ar0
    d1b0:	0008 
    d1b1:	f4a9 	cmpr   eq,ar1
    d1b2:	f830 	bc     0xd1f0,tc
    d1b3:	d1f0 
    d1b4:	f073 	b      0xd245
    d1b5:	d245 
    d1b6:	7710 	stm    #17,ar0
    d1b7:	0011 
    d1b8:	f4a9 	cmpr   eq,ar1
    d1b9:	f830 	bc     0xd1d1,tc
    d1ba:	d1d1 
    d1bb:	7710 	stm    #7,ar0
    d1bc:	0007 
    d1bd:	6de9 	mar    *+ar1(0xff9b)
    d1be:	ff9b 
    d1bf:	f6a9 	cmpr   gt,ar1
    d1c0:	f820 	bc     0xd1c4,ntc
    d1c1:	d1c4 
    d1c2:	f073 	b      0xd245
    d1c3:	d245 
    d1c4:	68f8 	andm   #-33,*(0x4bc8)
    d1c5:	4bc8 
    d1c6:	ffdf 
    d1c7:	11f8 	ld     *(0x4c0c),b
    d1c8:	4c0c 
    d1c9:	f020 	ld     #-1,a
    d1ca:	ffff 
    d1cb:	f5e3 	cala   b
    d1cc:	69f8 	orm    #64,*(0x4bc8)
    d1cd:	4bc8 
    d1ce:	0040 
    d1cf:	f073 	b      0xd245
    d1d0:	d245 
    d1d1:	f020 	ld     #19649,a
    d1d2:	4cc1 
    d1d3:	80f8 	stl    a,*(0x4be5)
    d1d4:	4be5 
    d1d5:	11f8 	ld     *(0x4c12),b
    d1d6:	4c12 
    d1d7:	f5e3 	cala   b
    d1d8:	69f8 	orm    #8,*(0x4bc8)
    d1d9:	4bc8 
    d1da:	0008 
    d1db:	f073 	b      0xd245
    d1dc:	d245 
    d1dd:	f020 	ld     #19638,a
    d1de:	4cb6 
    d1df:	80f8 	stl    a,*(0x4be5)
    d1e0:	4be5 
    d1e1:	11f8 	ld     *(0x4be9),b
    d1e2:	4be9 
    d1e3:	f300 	add    #4,b
    d1e4:	0004 
    d1e5:	8911 	stlm   b,ar1
    d1e6:	81f8 	stl    b,*(0x4be9)
    d1e7:	4be9 
    d1e8:	11e1 	ld     *ar1(0x4c04),b
    d1e9:	4c04 
    d1ea:	f5e3 	cala   b
    d1eb:	69f8 	orm    #8,*(0x4bc8)
    d1ec:	4bc8 
    d1ed:	0008 
    d1ee:	f073 	b      0xd245
    d1ef:	d245 
    d1f0:	f020 	ld     #19638,a
    d1f1:	4cb6 
    d1f2:	80f8 	stl    a,*(0x4be5)
    d1f3:	4be5 
    d1f4:	11f8 	ld     *(0x4be9),b
    d1f5:	4be9 
    d1f6:	f300 	add    #4,b
    d1f7:	0004 
    d1f8:	8911 	stlm   b,ar1
    d1f9:	81f8 	stl    b,*(0x4be9)
    d1fa:	4be9 
    d1fb:	11e1 	ld     *ar1(0x4c04),b
    d1fc:	4c04 
    d1fd:	f5e3 	cala   b
    d1fe:	69f8 	orm    #128,*(0x4bc8)
    d1ff:	4bc8 
    d200:	0080 
    d201:	f073 	b      0xd245
    d202:	d245 
    d203:	68f8 	andm   #-33,*(0x4bc8)
    d204:	4bc8 
    d205:	ffdf 
    d206:	10f8 	ld     *(0x4bba),a
    d207:	4bba 
    d208:	f000 	add    #12,a
    d209:	000c 
    d20a:	80f8 	stl    a,*(0x4be5)
    d20b:	4be5 
    d20c:	11f8 	ld     *(0x4c07),b
    d20d:	4c07 
    d20e:	f5e3 	cala   b
    d20f:	69f8 	orm    #64,*(0x4bc8)
    d210:	4bc8 
    d211:	0040 
    d212:	f073 	b      0xd245
    d213:	d245 
    d214:	7711 	stm    #19550,ar1
    d215:	4c5e 
    d216:	7311 	mvmd   ar1,0x4be5
    d217:	4be5 
    d218:	7212 	mvdm   0x4bb9,ar2
    d219:	4bb9 
    d21a:	f495 	nop    
    d21b:	9601 	bit    *ar2,1
    d21c:	f830 	bc     0xd238,tc
    d21d:	d238 
    d21e:	76f8 	st     #1,*(0x4be9)
    d21f:	4be9 
    d220:	0001 
    d221:	76f8 	st     #0,*(0x4bbe)
    d222:	4bbe 
    d223:	0000 
    d224:	76f8 	st     #0,*(0x4d1a)
    d225:	4d1a 
    d226:	0000 
    d227:	76e1 	st     #0,*ar1(0xa)
    d228:	000a 
    d229:	0000 
    d22a:	68f8 	andm   #-3,*(0x4bc8)
    d22b:	4bc8 
    d22c:	fffd 
    d22d:	7212 	mvdm   0x4bb9,ar2
    d22e:	4bb9 
    d22f:	f495 	nop    
    d230:	9609 	bit    *ar2,9
    d231:	f830 	bc     0xd23b,tc
    d232:	d23b 
    d233:	69f8 	orm    #2,*(0x4bc8)
    d234:	4bc8 
    d235:	0002 
    d236:	f073 	b      0xd23b
    d237:	d23b 
    d238:	76f8 	st     #4,*(0x4be9)
    d239:	4be9 
    d23a:	0004 
    d23b:	7211 	mvdm   0x4be9,ar1
    d23c:	4be9 
    d23d:	10f8 	ld     *(0x4be5),a
    d23e:	4be5 
    d23f:	11e1 	ld     *ar1(0x4c04),b
    d240:	4c04 
    d241:	f5e3 	cala   b
    d242:	69f8 	orm    #8,*(0x4bc8)
    d243:	4bc8 
    d244:	0008 
    d245:	8a11 	popm   ar1
    d246:	fc00 	ret    
    d247:	4a11 	pshm   ar1
    d248:	f074 	call   0xbb2a
    d249:	bb2a 
    d24a:	f074 	call   0xc704
    d24b:	c704 
    d24c:	f074 	call   0xc867
    d24d:	c867 
    d24e:	10f8 	ld     *(0x3fdf),a
    d24f:	3fdf 
    d250:	f4e3 	cala   a
    d251:	10f8 	ld     *(0x4c3b),a
    d252:	4c3b 
    d253:	f4e3 	cala   a
    d254:	10f8 	ld     *(0x4c3e),a
    d255:	4c3e 
    d256:	f4e3 	cala   a
    d257:	10f8 	ld     *(0x4c40),a
    d258:	4c40 
    d259:	f4e3 	cala   a
    d25a:	7711 	stm    #0,ar1
    d25b:	0000 
    d25c:	6981 	orm    #28672,*ar1
    d25d:	7000 
    d25e:	8a11 	popm   ar1
    d25f:	fc00 	ret    
    d260:	4a11 	pshm   ar1
    d261:	eefc 	frame  -4
    d262:	f073 	b      0xd27f
    d263:	d27f 
    d264:	10f8 	ld     *(0x3f60),a
    d265:	3f60 
    d266:	f4e3 	cala   a
    d267:	10f8 	ld     *(0x3f69),a
    d268:	3f69 
    d269:	f4e3 	cala   a
    d26a:	11f8 	ld     *(0x3f5e),b
    d26b:	3f5e 
    d26c:	10f8 	ld     *(0x3f6a),a
    d26d:	3f6a 
    d26e:	f5e3 	cala   b
    d26f:	f073 	b      0xd27f
    d270:	d27f 
    d271:	4818 	ldm    sp,a
    d272:	11f8 	ld     *(0x4c4f),b
    d273:	4c4f 
    d274:	f000 	add    #2,a
    d275:	0002 
    d276:	f5e3 	cala   b
    d277:	f6bb 	rsbx   st1,intm
    d278:	f495 	nop    
    d279:	7103 	mvdk   DP+0x03,0x11
    d27a:	0011 
    d27b:	1002 	ld     DP+0x02,a
    d27c:	11e1 	ld     *ar1(0x4c1d),b
    d27d:	4c1d 
    d27e:	f5e3 	cala   b
    d27f:	f7bb 	ssbx   st1,intm
    d280:	4818 	ldm    sp,a
    d281:	7600 	st     #19409,DP+0x00
    d282:	4bd1 
    d283:	11f8 	ld     *(0x4c42),b
    d284:	4c42 
    d285:	f000 	add    #2,a
    d286:	0002 
    d287:	f5e3 	cala   b
    d288:	6003 	cmpm   DP+0x03,#-1
    d289:	ffff 
    d28a:	f820 	bc     0xd271,ntc
    d28b:	d271 
    d28c:	60f8 	cmpm   *(0x3f70),#2
    d28d:	3f70 
    d28e:	0002 
    d28f:	f820 	bc     0xd264,ntc
    d290:	d264 
    d291:	ee04 	frame  4
    d292:	8a11 	popm   ar1
    d293:	fc00 	ret    
    d294:	fc00 	ret    
    d295:	4a11 	pshm   ar1
    d296:	eefe 	frame  -2
    d297:	8811 	stlm   a,ar1
    d298:	61f8 	bitf   *(0x4bc8),#64
    d299:	4bc8 
    d29a:	0040 
    d29b:	f830 	bc     0xd2ab,tc
    d29c:	d2ab 
    d29d:	7000 	mvkd   0x11,DP+0x00
    d29e:	0011 
    d29f:	11f8 	ld     *(0x4c37),b
    d2a0:	4c37 
    d2a1:	e800 	ld     #0,a
    d2a2:	f5e3 	cala   b
    d2a3:	7000 	mvkd   0x11,DP+0x00
    d2a4:	0011 
    d2a5:	11f8 	ld     *(0x4c45),b
    d2a6:	4c45 
    d2a7:	e801 	ld     #1,a
    d2a8:	f5e3 	cala   b
    d2a9:	f073 	b      0xd2ae
    d2aa:	d2ae 
    d2ab:	68f8 	andm   #-65,*(0x4bc8)
    d2ac:	4bc8 
    d2ad:	ffbf 
    d2ae:	ee02 	frame  2
    d2af:	8a11 	popm   ar1
    d2b0:	fc00 	ret    
    d2b1:	eefd 	frame  -3
    d2b2:	61f8 	bitf   *(0x4bc8),#128
    d2b3:	4bc8 
    d2b4:	0080 
    d2b5:	f830 	bc     0xd2d1,tc
    d2b6:	d2d1 
    d2b7:	8000 	stl    a,DP+0x00
    d2b8:	11f8 	ld     *(0x4c37),b
    d2b9:	4c37 
    d2ba:	e801 	ld     #1,a
    d2bb:	f5e3 	cala   b
    d2bc:	e800 	ld     #0,a
    d2bd:	80f8 	stl    a,*(0x3fb4)
    d2be:	3fb4 
    d2bf:	80f8 	stl    a,*(0x8f8)
    d2c0:	08f8 
    d2c1:	80f8 	stl    a,*(0x8fa)
    d2c2:	08fa 
    d2c3:	80f8 	stl    a,*(0x8fb)
    d2c4:	08fb 
    d2c5:	80f8 	stl    a,*(0x8fc)
    d2c6:	08fc 
    d2c7:	80f8 	stl    a,*(0x8fd)
    d2c8:	08fd 
    d2c9:	71f8 	mvdk   *(0xc3f),0x3fb3
    d2ca:	0c3f 
    d2cb:	3fb3 
    d2cc:	69f8 	orm    #8,*(0x3fd3)
    d2cd:	3fd3 
    d2ce:	0008 
    d2cf:	f073 	b      0xd2d4
    d2d0:	d2d4 
    d2d1:	68f8 	andm   #-129,*(0x4bc8)
    d2d2:	4bc8 
    d2d3:	ff7f 
    d2d4:	ee03 	frame  3
    d2d5:	fc00 	ret    
    d2d6:	4a11 	pshm   ar1
    d2d7:	eefe 	frame  -2
    d2d8:	8811 	stlm   a,ar1
    d2d9:	61f8 	bitf   *(0x4bc8),#8
    d2da:	4bc8 
    d2db:	0008 
    d2dc:	f830 	bc     0xd2f9,tc
    d2dd:	d2f9 
    d2de:	7000 	mvkd   0x11,DP+0x00
    d2df:	0011 
    d2e0:	11f8 	ld     *(0x4c37),b
    d2e1:	4c37 
    d2e2:	e802 	ld     #2,a
    d2e3:	f5e3 	cala   b
    d2e4:	61f8 	bitf   *(0x3fb0),#1
    d2e5:	3fb0 
    d2e6:	0001 
    d2e7:	f830 	bc     0xd2f1,tc
    d2e8:	d2f1 
    d2e9:	7000 	mvkd   0x11,DP+0x00
    d2ea:	0011 
    d2eb:	11f8 	ld     *(0x4c45),b
    d2ec:	4c45 
    d2ed:	e803 	ld     #3,a
    d2ee:	f5e3 	cala   b
    d2ef:	f073 	b      0xd2fc
    d2f0:	d2fc 
    d2f1:	7000 	mvkd   0x11,DP+0x00
    d2f2:	0011 
    d2f3:	11f8 	ld     *(0x4c45),b
    d2f4:	4c45 
    d2f5:	e804 	ld     #4,a
    d2f6:	f5e3 	cala   b
    d2f7:	f073 	b      0xd2fc
    d2f8:	d2fc 
    d2f9:	68f8 	andm   #-9,*(0x4bc8)
    d2fa:	4bc8 
    d2fb:	fff7 
    d2fc:	ee02 	frame  2
    d2fd:	8a11 	popm   ar1
    d2fe:	fc00 	ret    
    d2ff:	eefd 	frame  -3
    d300:	61f8 	bitf   *(0x4bc8),#128
    d301:	4bc8 
    d302:	0080 
    d303:	f830 	bc     0xd31f,tc
    d304:	d31f 
    d305:	8000 	stl    a,DP+0x00
    d306:	11f8 	ld     *(0x4c37),b
    d307:	4c37 
    d308:	e801 	ld     #1,a
    d309:	f5e3 	cala   b
    d30a:	e800 	ld     #0,a
    d30b:	80f8 	stl    a,*(0x3fb4)
    d30c:	3fb4 
    d30d:	80f8 	stl    a,*(0x8f8)
    d30e:	08f8 
    d30f:	80f8 	stl    a,*(0x8fa)
    d310:	08fa 
    d311:	80f8 	stl    a,*(0x8fb)
    d312:	08fb 
    d313:	80f8 	stl    a,*(0x8fc)
    d314:	08fc 
    d315:	80f8 	stl    a,*(0x8fd)
    d316:	08fd 
    d317:	71f8 	mvdk   *(0xc40),0x3fb3
    d318:	0c40 
    d319:	3fb3 
    d31a:	69f8 	orm    #8,*(0x3fd3)
    d31b:	3fd3 
    d31c:	0008 
    d31d:	f073 	b      0xd322
    d31e:	d322 
    d31f:	68f8 	andm   #-129,*(0x4bc8)
    d320:	4bc8 
    d321:	ff7f 
    d322:	ee03 	frame  3
    d323:	fc00 	ret    
    d324:	4a11 	pshm   ar1
    d325:	eefe 	frame  -2
    d326:	8811 	stlm   a,ar1
    d327:	61f8 	bitf   *(0x4bc8),#8
    d328:	4bc8 
    d329:	0008 
    d32a:	f830 	bc     0xd352,tc
    d32b:	d352 
    d32c:	7000 	mvkd   0x11,DP+0x00
    d32d:	0011 
    d32e:	11f8 	ld     *(0x4c37),b
    d32f:	4c37 
    d330:	e802 	ld     #2,a
    d331:	f5e3 	cala   b
    d332:	7000 	mvkd   0x11,DP+0x00
    d333:	0011 
    d334:	11f8 	ld     *(0x4c45),b
    d335:	4c45 
    d336:	e802 	ld     #2,a
    d337:	f5e3 	cala   b
    d338:	76e1 	st     #2298,*ar1(0x6)
    d339:	0006 
    d33a:	08fa 
    d33b:	76e1 	st     #2299,*ar1(0x7)
    d33c:	0007 
    d33d:	08fb 
    d33e:	76e1 	st     #2300,*ar1(0x8)
    d33f:	0008 
    d340:	08fc 
    d341:	76e1 	st     #2301,*ar1(0x9)
    d342:	0009 
    d343:	08fd 
    d344:	76f8 	st     #2302,*(0x4bc5)
    d345:	4bc5 
    d346:	08fe 
    d347:	e800 	ld     #0,a
    d348:	80f8 	stl    a,*(0x8fa)
    d349:	08fa 
    d34a:	80f8 	stl    a,*(0x8fb)
    d34b:	08fb 
    d34c:	80f8 	stl    a,*(0x8fc)
    d34d:	08fc 
    d34e:	80f8 	stl    a,*(0x8fd)
    d34f:	08fd 
    d350:	f073 	b      0xd355
    d351:	d355 
    d352:	68f8 	andm   #-9,*(0x4bc8)
    d353:	4bc8 
    d354:	fff7 
    d355:	ee02 	frame  2
    d356:	8a11 	popm   ar1
    d357:	fc00 	ret    
    d358:	4a11 	pshm   ar1
    d359:	eefe 	frame  -2
    d35a:	8813 	stlm   a,ar3
    d35b:	f495 	nop    
    d35c:	f495 	nop    
    d35d:	60e3 	cmpm   *ar3(0x2),#-1
    d35e:	0002 
    d35f:	ffff 
    d360:	f830 	bc     0xd37c,tc
    d361:	d37c 
    d362:	71e3 	mvdk   *ar3(0x5),0x11
    d363:	0005 
    d364:	0011 
    d365:	e712 	mvmm   ar1,ar2
    d366:	7710 	stm    #4,ar0
    d367:	0004 
    d368:	6dea 	mar    *+ar2(0xfffe)
    d369:	fffe 
    d36a:	f6aa 	cmpr   gt,ar2
    d36b:	f820 	bc     0xd379,ntc
    d36c:	d379 
    d36d:	7710 	stm    #1,ar0
    d36e:	0001 
    d36f:	6de9 	mar    *+ar1(0xfff9)
    d370:	fff9 
    d371:	f6a9 	cmpr   gt,ar1
    d372:	f820 	bc     0xd376,ntc
    d373:	d376 
    d374:	f073 	b      0xd37c
    d375:	d37c 
    d376:	e805 	ld     #5,a
    d377:	f073 	b      0xd37d
    d378:	d37d 
    d379:	e80a 	ld     #10,a
    d37a:	f073 	b      0xd37d
    d37b:	d37d 
    d37c:	e80c 	ld     #12,a
    d37d:	11f8 	ld     *(0x4bc2),b
    d37e:	4bc2 
    d37f:	f300 	add    #1,b
    d380:	0001 
    d381:	8911 	stlm   b,ar1
    d382:	f495 	nop    
    d383:	7710 	stm    #1,ar0
    d384:	0001 
    d385:	f4a9 	cmpr   eq,ar1
    d386:	7311 	mvmd   ar1,0x4bc2
    d387:	4bc2 
    d388:	f830 	bc     0xd393,tc
    d389:	d393 
    d38a:	7000 	mvkd   0x13,DP+0x00
    d38b:	0013 
    d38c:	f074 	call   0xdbf8
    d38d:	dbf8 
    d38e:	69f8 	orm    #64,*(0x3fd3)
    d38f:	3fd3 
    d390:	0040 
    d391:	f073 	b      0xd397
    d392:	d397 
    d393:	7000 	mvkd   0x13,DP+0x00
    d394:	0013 
    d395:	f074 	call   0xdc23
    d396:	dc23 
    d397:	ee02 	frame  2
    d398:	8a11 	popm   ar1
    d399:	fc00 	ret    
    d39a:	4a11 	pshm   ar1
    d39b:	eefe 	frame  -2
    d39c:	8811 	stlm   a,ar1
    d39d:	61f8 	bitf   *(0x4bc8),#8
    d39e:	4bc8 
    d39f:	0008 
    d3a0:	f830 	bc     0xd3cc,tc
    d3a1:	d3cc 
    d3a2:	10f8 	ld     *(0x4bbd),a
    d3a3:	4bbd 
    d3a4:	f844 	bc     0xd3bc,aneq
    d3a5:	d3bc 
    d3a6:	61f8 	bitf   *(0x4bc8),#2
    d3a7:	4bc8 
    d3a8:	0002 
    d3a9:	f830 	bc     0xd3b3,tc
    d3aa:	d3b3 
    d3ab:	7000 	mvkd   0x11,DP+0x00
    d3ac:	0011 
    d3ad:	11f8 	ld     *(0x4c37),b
    d3ae:	4c37 
    d3af:	e803 	ld     #3,a
    d3b0:	f5e3 	cala   b
    d3b1:	f073 	b      0xd3b9
    d3b2:	d3b9 
    d3b3:	7000 	mvkd   0x11,DP+0x00
    d3b4:	0011 
    d3b5:	11f8 	ld     *(0x4c37),b
    d3b6:	4c37 
    d3b7:	e804 	ld     #4,a
    d3b8:	f5e3 	cala   b
    d3b9:	76f8 	st     #1,*(0x4bbd)
    d3ba:	4bbd 
    d3bb:	0001 
    d3bc:	61f8 	bitf   *(0x4bc8),#2
    d3bd:	4bc8 
    d3be:	0002 
    d3bf:	f830 	bc     0xd3c4,tc
    d3c0:	d3c4 
    d3c1:	6bf8 	addm   #1,*(0x4bbe)
    d3c2:	4bbe 
    d3c3:	0001 
    d3c4:	7000 	mvkd   0x11,DP+0x00
    d3c5:	0011 
    d3c6:	11f8 	ld     *(0x4c45),b
    d3c7:	4c45 
    d3c8:	e806 	ld     #6,a
    d3c9:	f5e3 	cala   b
    d3ca:	f073 	b      0xd3cf
    d3cb:	d3cf 
    d3cc:	68f8 	andm   #-9,*(0x4bc8)
    d3cd:	4bc8 
    d3ce:	fff7 
    d3cf:	ee02 	frame  2
    d3d0:	8a11 	popm   ar1
    d3d1:	fc00 	ret    
    d3d2:	4a11 	pshm   ar1
    d3d3:	eefe 	frame  -2
    d3d4:	8811 	stlm   a,ar1
    d3d5:	61f8 	bitf   *(0x4bc8),#8
    d3d6:	4bc8 
    d3d7:	0008 
    d3d8:	f830 	bc     0xd3e8,tc
    d3d9:	d3e8 
    d3da:	7000 	mvkd   0x11,DP+0x00
    d3db:	0011 
    d3dc:	11f8 	ld     *(0x4c37),b
    d3dd:	4c37 
    d3de:	e804 	ld     #4,a
    d3df:	f5e3 	cala   b
    d3e0:	7000 	mvkd   0x11,DP+0x00
    d3e1:	0011 
    d3e2:	11f8 	ld     *(0x4c45),b
    d3e3:	4c45 
    d3e4:	e80d 	ld     #13,a
    d3e5:	f5e3 	cala   b
    d3e6:	f073 	b      0xd3eb
    d3e7:	d3eb 
    d3e8:	68f8 	andm   #-9,*(0x4bc8)
    d3e9:	4bc8 
    d3ea:	fff7 
    d3eb:	ee02 	frame  2
    d3ec:	8a11 	popm   ar1
    d3ed:	fc00 	ret    
    d3ee:	4a11 	pshm   ar1
    d3ef:	eefe 	frame  -2
    d3f0:	8811 	stlm   a,ar1
    d3f1:	61f8 	bitf   *(0x4bc8),#64
    d3f2:	4bc8 
    d3f3:	0040 
    d3f4:	f830 	bc     0xd404,tc
    d3f5:	d404 
    d3f6:	7000 	mvkd   0x11,DP+0x00
    d3f7:	0011 
    d3f8:	11f8 	ld     *(0x4c37),b
    d3f9:	4c37 
    d3fa:	e800 	ld     #0,a
    d3fb:	f5e3 	cala   b
    d3fc:	7000 	mvkd   0x11,DP+0x00
    d3fd:	0011 
    d3fe:	11f8 	ld     *(0x4c45),b
    d3ff:	4c45 
    d400:	e80f 	ld     #15,a
    d401:	f5e3 	cala   b
    d402:	f073 	b      0xd407
    d403:	d407 
    d404:	68f8 	andm   #-65,*(0x4bc8)
    d405:	4bc8 
    d406:	ffbf 
    d407:	ee02 	frame  2
    d408:	8a11 	popm   ar1
    d409:	fc00 	ret    
    d40a:	4a11 	pshm   ar1
    d40b:	eefe 	frame  -2
    d40c:	8811 	stlm   a,ar1
    d40d:	61f8 	bitf   *(0x4bc8),#8
    d40e:	4bc8 
    d40f:	0008 
    d410:	f830 	bc     0xd423,tc
    d411:	d423 
    d412:	7000 	mvkd   0x11,DP+0x00
    d413:	0011 
    d414:	11f8 	ld     *(0x4c37),b
    d415:	4c37 
    d416:	e804 	ld     #4,a
    d417:	f5e3 	cala   b
    d418:	68f8 	andm   #-5,*(0x4bc8)
    d419:	4bc8 
    d41a:	fffb 
    d41b:	7000 	mvkd   0x11,DP+0x00
    d41c:	0011 
    d41d:	11f8 	ld     *(0x4c45),b
    d41e:	4c45 
    d41f:	e813 	ld     #19,a
    d420:	f5e3 	cala   b
    d421:	f073 	b      0xd426
    d422:	d426 
    d423:	68f8 	andm   #-9,*(0x4bc8)
    d424:	4bc8 
    d425:	fff7 
    d426:	ee02 	frame  2
    d427:	8a11 	popm   ar1
    d428:	fc00 	ret    
    d429:	eefd 	frame  -3
    d42a:	f495 	nop    
    d42b:	8000 	stl    a,DP+0x00
    d42c:	e810 	ld     #16,a
    d42d:	f074 	call   0xdc23
    d42e:	dc23 
    d42f:	ee03 	frame  3
    d430:	fc00 	ret    
    d431:	4a11 	pshm   ar1
    d432:	8811 	stlm   a,ar1
    d433:	1102 	ld     DP+0x02,b
    d434:	4811 	ldm    ar1,a
    d435:	f0e2 	sftl   a,2
    d436:	f000 	add    #128,a
    d437:	0080 
    d438:	8812 	stlm   a,ar2
    d439:	f495 	nop    
    d43a:	f495 	nop    
    d43b:	7682 	st     #29470,*ar2
    d43c:	731e 
    d43d:	f020 	ld     #-1920,a
    d43e:	f880 
    d43f:	1af8 	or     *(0x4bcf),a
    d440:	4bcf 
    d441:	80e2 	stl    a,*ar2(0x2)
    d442:	0002 
    d443:	81e2 	stl    b,*ar2(0x3)
    d444:	0003 
    d445:	7710 	stm    #20,ar0
    d446:	0014 
    d447:	f4a9 	cmpr   eq,ar1
    d448:	f830 	bc     0xd44f,tc
    d449:	d44f 
    d44a:	76e2 	st     #16335,*ar2(0x1)
    d44b:	0001 
    d44c:	3fcf 
    d44d:	f073 	b      0xd457
    d44e:	d457 
    d44f:	4811 	ldm    ar1,a
    d450:	f0e2 	sftl   a,2
    d451:	8811 	stlm   a,ar1
    d452:	f495 	nop    
    d453:	f495 	nop    
    d454:	76e1 	st     #16336,*ar1(0x81)
    d455:	0081 
    d456:	3fd0 
    d457:	8a11 	popm   ar1
    d458:	fc00 	ret    
    d459:	eefd 	frame  -3
    d45a:	61f8 	bitf   *(0x4bc8),#32
    d45b:	4bc8 
    d45c:	0020 
    d45d:	f820 	bc     0xd463,ntc
    d45e:	d463 
    d45f:	f020 	ld     #3662,a
    d460:	0e4e 
    d461:	f073 	b      0xd465
    d462:	d465 
    d463:	f020 	ld     #3974,a
    d464:	0f86 
    d465:	80f8 	stl    a,*(0x4bcc)
    d466:	4bcc 
    d467:	7600 	st     #64,DP+0x00
    d468:	0040 
    d469:	7601 	st     #2,DP+0x01
    d46a:	0002 
    d46b:	11f8 	ld     *(0x4c38),b
    d46c:	4c38 
    d46d:	f5e3 	cala   b
    d46e:	7600 	st     #28784,DP+0x00
    d46f:	7070 
    d470:	11f8 	ld     *(0x4c44),b
    d471:	4c44 
    d472:	e81e 	ld     #30,a
    d473:	f5e3 	cala   b
    d474:	ee03 	frame  3
    d475:	fc00 	ret    
    d476:	eefd 	frame  -3
    d477:	11f8 	ld     *(0x4c38),b
    d478:	4c38 
    d479:	7600 	st     #48,DP+0x00
    d47a:	0030 
    d47b:	7601 	st     #1,DP+0x01
    d47c:	0001 
    d47d:	f020 	ld     #3662,a
    d47e:	0e4e 
    d47f:	f5e3 	cala   b
    d480:	7600 	st     #28801,DP+0x00
    d481:	7081 
    d482:	11f8 	ld     *(0x4c44),b
    d483:	4c44 
    d484:	e81e 	ld     #30,a
    d485:	f5e3 	cala   b
    d486:	ee03 	frame  3
    d487:	fc00 	ret    
    d488:	eefd 	frame  -3
    d489:	11f8 	ld     *(0x4c38),b
    d48a:	4c38 
    d48b:	7600 	st     #191,DP+0x00
    d48c:	00bf 
    d48d:	7601 	st     #2,DP+0x01
    d48e:	0002 
    d48f:	f020 	ld     #3662,a
    d490:	0e4e 
    d491:	f5e3 	cala   b
    d492:	7600 	st     #28736,DP+0x00
    d493:	7040 
    d494:	11f8 	ld     *(0x4c44),b
    d495:	4c44 
    d496:	e81e 	ld     #30,a
    d497:	f5e3 	cala   b
    d498:	ee03 	frame  3
    d499:	fc00 	ret    
    d49a:	eefd 	frame  -3
    d49b:	11f8 	ld     *(0x4c38),b
    d49c:	4c38 
    d49d:	7600 	st     #156,DP+0x00
    d49e:	009c 
    d49f:	7601 	st     #1,DP+0x01
    d4a0:	0001 
    d4a1:	f020 	ld     #3662,a
    d4a2:	0e4e 
    d4a3:	f5e3 	cala   b
    d4a4:	69f8 	orm    #2,*(0x3fc0)
    d4a5:	3fc0 
    d4a6:	0002 
    d4a7:	7600 	st     #28760,DP+0x00
    d4a8:	7058 
    d4a9:	11f8 	ld     *(0x4c44),b
    d4aa:	4c44 
    d4ab:	e81e 	ld     #30,a
    d4ac:	f5e3 	cala   b
    d4ad:	68f8 	andm   #-17,*(0x4bc8)
    d4ae:	4bc8 
    d4af:	ffef 
    d4b0:	60f8 	cmpm   *(0x4bcb),#2
    d4b1:	4bcb 
    d4b2:	0002 
    d4b3:	f830 	bc     0xd4bd,tc
    d4b4:	d4bd 
    d4b5:	76f8 	st     #0,*(0x4bc1)
    d4b6:	4bc1 
    d4b7:	0000 
    d4b8:	76f8 	st     #0,*(0x4bbf)
    d4b9:	4bbf 
    d4ba:	0000 
    d4bb:	f073 	b      0xd4c0
    d4bc:	d4c0 
    d4bd:	69f8 	orm    #16,*(0x4bc8)
    d4be:	4bc8 
    d4bf:	0010 
    d4c0:	ee03 	frame  3
    d4c1:	fc00 	ret    
    d4c2:	eefd 	frame  -3
    d4c3:	11f8 	ld     *(0x4c38),b
    d4c4:	4c38 
    d4c5:	7600 	st     #151,DP+0x00
    d4c6:	0097 
    d4c7:	7601 	st     #2,DP+0x01
    d4c8:	0002 
    d4c9:	f020 	ld     #3662,a
    d4ca:	0e4e 
    d4cb:	f5e3 	cala   b
    d4cc:	69f8 	orm    #2,*(0x3fc0)
    d4cd:	3fc0 
    d4ce:	0002 
    d4cf:	7600 	st     #28736,DP+0x00
    d4d0:	7040 
    d4d1:	11f8 	ld     *(0x4c44),b
    d4d2:	4c44 
    d4d3:	e81e 	ld     #30,a
    d4d4:	f5e3 	cala   b
    d4d5:	68f8 	andm   #-17,*(0x4bc8)
    d4d6:	4bc8 
    d4d7:	ffef 
    d4d8:	60f8 	cmpm   *(0x4bcb),#2
    d4d9:	4bcb 
    d4da:	0002 
    d4db:	f830 	bc     0xd4e5,tc
    d4dc:	d4e5 
    d4dd:	76f8 	st     #0,*(0x4bc1)
    d4de:	4bc1 
    d4df:	0000 
    d4e0:	76f8 	st     #0,*(0x4bbf)
    d4e1:	4bbf 
    d4e2:	0000 
    d4e3:	f073 	b      0xd4e8
    d4e4:	d4e8 
    d4e5:	69f8 	orm    #16,*(0x4bc8)
    d4e6:	4bc8 
    d4e7:	0010 
    d4e8:	ee03 	frame  3
    d4e9:	fc00 	ret    
    d4ea:	4a11 	pshm   ar1
    d4eb:	8811 	stlm   a,ar1
    d4ec:	11f8 	ld     *(0x3f5e),b
    d4ed:	3f5e 
    d4ee:	10f8 	ld     *(0x4bfb),a
    d4ef:	4bfb 
    d4f0:	f5e3 	cala   b
    d4f1:	7081 	mvkd   0x3fb2,*ar1
    d4f2:	3fb2 
    d4f3:	8a11 	popm   ar1
    d4f4:	fc00 	ret    
    d4f5:	4a11 	pshm   ar1
    d4f6:	eefe 	frame  -2
    d4f7:	8811 	stlm   a,ar1
    d4f8:	11f8 	ld     *(0x3f5e),b
    d4f9:	3f5e 
    d4fa:	10f8 	ld     *(0x4bfc),a
    d4fb:	4bfc 
    d4fc:	f5e3 	cala   b
    d4fd:	71e1 	mvdk   *ar1(0x6),0x12
    d4fe:	0006 
    d4ff:	0012 
    d500:	7082 	mvkd   0x3fa4,*ar2
    d501:	3fa4 
    d502:	71e1 	mvdk   *ar1(0x7),0x12
    d503:	0007 
    d504:	0012 
    d505:	7082 	mvkd   0x3fa5,*ar2
    d506:	3fa5 
    d507:	71e1 	mvdk   *ar1(0x8),0x12
    d508:	0008 
    d509:	0012 
    d50a:	7082 	mvkd   0x3fa7,*ar2
    d50b:	3fa7 
    d50c:	71e1 	mvdk   *ar1(0x9),0x12
    d50d:	0009 
    d50e:	0012 
    d50f:	7082 	mvkd   0x3fa6,*ar2
    d510:	3fa6 
    d511:	76f8 	st     #16384,*(0x3fad)
    d512:	3fad 
    d513:	4000 
    d514:	76f8 	st     #0,*(0x3fae)
    d515:	3fae 
    d516:	0000 
    d517:	76f8 	st     #0,*(0x3faf)
    d518:	3faf 
    d519:	0000 
    d51a:	76f8 	st     #0,*(0x4322)
    d51b:	4322 
    d51c:	0000 
    d51d:	76f8 	st     #0,*(0x4323)
    d51e:	4323 
    d51f:	0000 
    d520:	e80a 	ld     #10,a
    d521:	11f8 	ld     *(0x3f62),b
    d522:	3f62 
    d523:	f5e3 	cala   b
    d524:	11f8 	ld     *(0x3f5e),b
    d525:	3f5e 
    d526:	10f8 	ld     *(0x4bff),a
    d527:	4bff 
    d528:	f5e3 	cala   b
    d529:	11f8 	ld     *(0x4c50),b
    d52a:	4c50 
    d52b:	4811 	ldm    ar1,a
    d52c:	f5e3 	cala   b
    d52d:	11f8 	ld     *(0x3f63),b
    d52e:	3f63 
    d52f:	e813 	ld     #19,a
    d530:	f5e3 	cala   b
    d531:	7000 	mvkd   0x4bc5,DP+0x00
    d532:	4bc5 
    d533:	11f8 	ld     *(0x4c36),b
    d534:	4c36 
    d535:	7601 	st     #5,DP+0x01
    d536:	0005 
    d537:	f020 	ld     #2302,a
    d538:	08fe 
    d539:	f5e3 	cala   b
    d53a:	ee02 	frame  2
    d53b:	8a11 	popm   ar1
    d53c:	fc00 	ret    
    d53d:	4a11 	pshm   ar1
    d53e:	8811 	stlm   a,ar1
    d53f:	f495 	nop    
    d540:	f495 	nop    
    d541:	76e1 	st     #2096,*ar1(0x6)
    d542:	0006 
    d543:	0830 
    d544:	76e1 	st     #2097,*ar1(0x7)
    d545:	0007 
    d546:	0831 
    d547:	76e1 	st     #2098,*ar1(0x8)
    d548:	0008 
    d549:	0832 
    d54a:	76e1 	st     #2099,*ar1(0x9)
    d54b:	0009 
    d54c:	0833 
    d54d:	76f8 	st     #2103,*(0x4bc5)
    d54e:	4bc5 
    d54f:	0837 
    d550:	11f8 	ld     *(0x4c1f),b
    d551:	4c1f 
    d552:	4811 	ldm    ar1,a
    d553:	f5e3 	cala   b
    d554:	8a11 	popm   ar1
    d555:	fc00 	ret    
    d556:	4a11 	pshm   ar1
    d557:	8811 	stlm   a,ar1
    d558:	f495 	nop    
    d559:	f495 	nop    
    d55a:	76e1 	st     #2116,*ar1(0x6)
    d55b:	0006 
    d55c:	0844 
    d55d:	76e1 	st     #2117,*ar1(0x7)
    d55e:	0007 
    d55f:	0845 
    d560:	76e1 	st     #2118,*ar1(0x8)
    d561:	0008 
    d562:	0846 
    d563:	76e1 	st     #2119,*ar1(0x9)
    d564:	0009 
    d565:	0847 
    d566:	76f8 	st     #2123,*(0x4bc5)
    d567:	4bc5 
    d568:	084b 
    d569:	11f8 	ld     *(0x4c1f),b
    d56a:	4c1f 
    d56b:	4811 	ldm    ar1,a
    d56c:	f5e3 	cala   b
    d56d:	8a11 	popm   ar1
    d56e:	fc00 	ret    
    d56f:	4a11 	pshm   ar1
    d570:	eefe 	frame  -2
    d571:	8811 	stlm   a,ar1
    d572:	f495 	nop    
    d573:	f495 	nop    
    d574:	10e1 	ld     *ar1(0x2),a
    d575:	0002 
    d576:	f000 	add    #1,a
    d577:	0001 
    d578:	8812 	stlm   a,ar2
    d579:	76f8 	st     #0,*(0x3fab)
    d57a:	3fab 
    d57b:	0000 
    d57c:	76f8 	st     #0,*(0x3faa)
    d57d:	3faa 
    d57e:	0000 
    d57f:	76f8 	st     #0,*(0x4320)
    d580:	4320 
    d581:	0000 
    d582:	76f8 	st     #0,*(0x3fac)
    d583:	3fac 
    d584:	0000 
    d585:	10e1 	ld     *ar1(0x3),a
    d586:	0003 
    d587:	f844 	bc     0xd5a9,aneq
    d588:	d5a9 
    d589:	60e1 	cmpm   *ar1(0x1),#6
    d58a:	0001 
    d58b:	0006 
    d58c:	f820 	bc     0xd58f,ntc
    d58d:	d58f 
    d58e:	6d92 	mar    *ar2+
    d58f:	71e1 	mvdk   *ar1(0x2),0x13
    d590:	0002 
    d591:	0013 
    d592:	961a 	bit    *ar3,10
    d593:	f830 	bc     0xd59c,tc
    d594:	d59c 
    d595:	7182 	mvdk   *ar2,0x4327
    d596:	4327 
    d597:	71e2 	mvdk   *ar2(0x1),0x4328
    d598:	0001 
    d599:	4328 
    d59a:	f073 	b      0xd5a4
    d59b:	d5a4 
    d59c:	7600 	st     #17191,DP+0x00
    d59d:	4327 
    d59e:	7601 	st     #2,DP+0x01
    d59f:	0002 
    d5a0:	11f8 	ld     *(0x4c3a),b
    d5a1:	4c3a 
    d5a2:	4812 	ldm    ar2,a
    d5a3:	f5e3 	cala   b
    d5a4:	71e1 	mvdk   *ar1(0x2),0x12
    d5a5:	0002 
    d5a6:	0012 
    d5a7:	6882 	andm   #-16,*ar2
    d5a8:	fff0 
    d5a9:	7710 	stm    #7,ar0
    d5aa:	0007 
    d5ab:	71e1 	mvdk   *ar1(0x5),0x12
    d5ac:	0005 
    d5ad:	0012 
    d5ae:	f4aa 	cmpr   eq,ar2
    d5af:	f830 	bc     0xd5bd,tc
    d5b0:	d5bd 
    d5b1:	7710 	stm    #8,ar0
    d5b2:	0008 
    d5b3:	f4aa 	cmpr   eq,ar2
    d5b4:	f830 	bc     0xd5b8,tc
    d5b5:	d5b8 
    d5b6:	f073 	b      0xd5c0
    d5b7:	d5c0 
    d5b8:	76f8 	st     #256,*(0x4321)
    d5b9:	4321 
    d5ba:	0100 
    d5bb:	f073 	b      0xd5c0
    d5bc:	d5c0 
    d5bd:	76f8 	st     #128,*(0x4321)
    d5be:	4321 
    d5bf:	0080 
    d5c0:	11f8 	ld     *(0x3f62),b
    d5c1:	3f62 
    d5c2:	e807 	ld     #7,a
    d5c3:	f5e3 	cala   b
    d5c4:	11f8 	ld     *(0x3f5e),b
    d5c5:	3f5e 
    d5c6:	10f8 	ld     *(0x4bfe),a
    d5c7:	4bfe 
    d5c8:	f5e3 	cala   b
    d5c9:	76f8 	st     #2,*(0x3fb1)
    d5ca:	3fb1 
    d5cb:	0002 
    d5cc:	11f8 	ld     *(0x4c2d),b
    d5cd:	4c2d 
    d5ce:	4811 	ldm    ar1,a
    d5cf:	f5e3 	cala   b
    d5d0:	ee02 	frame  2
    d5d1:	8a11 	popm   ar1
    d5d2:	fc00 	ret    
    d5d3:	4a11 	pshm   ar1
    d5d4:	8811 	stlm   a,ar1
    d5d5:	11f8 	ld     *(0x3f5e),b
    d5d6:	3f5e 
    d5d7:	10f8 	ld     *(0x4bfd),a
    d5d8:	4bfd 
    d5d9:	f5e3 	cala   b
    d5da:	11f8 	ld     *(0x3f62),b
    d5db:	3f62 
    d5dc:	e805 	ld     #5,a
    d5dd:	f5e3 	cala   b
    d5de:	71e1 	mvdk   *ar1(0x6),0x12
    d5df:	0006 
    d5e0:	0012 
    d5e1:	7082 	mvkd   0x3fa4,*ar2
    d5e2:	3fa4 
    d5e3:	71e1 	mvdk   *ar1(0x7),0x12
    d5e4:	0007 
    d5e5:	0012 
    d5e6:	7082 	mvkd   0x3fa5,*ar2
    d5e7:	3fa5 
    d5e8:	71e1 	mvdk   *ar1(0x8),0x12
    d5e9:	0008 
    d5ea:	0012 
    d5eb:	7082 	mvkd   0x3fa7,*ar2
    d5ec:	3fa7 
    d5ed:	71e1 	mvdk   *ar1(0x9),0x12
    d5ee:	0009 
    d5ef:	0012 
    d5f0:	7082 	mvkd   0x3fa6,*ar2
    d5f1:	3fa6 
    d5f2:	76f8 	st     #0,*(0x3fae)
    d5f3:	3fae 
    d5f4:	0000 
    d5f5:	76f8 	st     #0,*(0x3fad)
    d5f6:	3fad 
    d5f7:	0000 
    d5f8:	76f8 	st     #5,*(0x3faf)
    d5f9:	3faf 
    d5fa:	0005 
    d5fb:	10f8 	ld     *(0x4bc7),a
    d5fc:	4bc7 
    d5fd:	f844 	bc     0xd614,aneq
    d5fe:	d614 
    d5ff:	60e1 	cmpm   *ar1(0x1),#1
    d600:	0001 
    d601:	0001 
    d602:	f820 	bc     0xd614,ntc
    d603:	d614 
    d604:	6f81 	ld     *ar1,3,a
    d605:	0c43 
    d606:	f040 	or     #2,a
    d607:	0002 
    d608:	80f8 	stl    a,*(0x4322)
    d609:	4322 
    d60a:	76f8 	st     #0,*(0x4323)
    d60b:	4323 
    d60c:	0000 
    d60d:	11f8 	ld     *(0x3f5e),b
    d60e:	3f5e 
    d60f:	10f8 	ld     *(0x4bff),a
    d610:	4bff 
    d611:	f5e3 	cala   b
    d612:	f073 	b      0xd618
    d613:	d618 
    d614:	11f8 	ld     *(0x4c24),b
    d615:	4c24 
    d616:	4811 	ldm    ar1,a
    d617:	f5e3 	cala   b
    d618:	10f8 	ld     *(0x4bc7),a
    d619:	4bc7 
    d61a:	f845 	bc     0xd621,aeq
    d61b:	d621 
    d61c:	60e1 	cmpm   *ar1(0x3),#3
    d61d:	0003 
    d61e:	0003 
    d61f:	f830 	bc     0xd625,tc
    d620:	d625 
    d621:	11f8 	ld     *(0x4c50),b
    d622:	4c50 
    d623:	4811 	ldm    ar1,a
    d624:	f5e3 	cala   b
    d625:	11f8 	ld     *(0x3f63),b
    d626:	3f63 
    d627:	e80f 	ld     #15,a
    d628:	f5e3 	cala   b
    d629:	8a11 	popm   ar1
    d62a:	fc00 	ret    
    d62b:	4a11 	pshm   ar1
    d62c:	8811 	stlm   a,ar1
    d62d:	f495 	nop    
    d62e:	f495 	nop    
    d62f:	1181 	ld     *ar1,b
    d630:	71e1 	mvdk   *ar1(0x3),0x13
    d631:	0003 
    d632:	0013 
    d633:	4813 	ldm    ar3,a
    d634:	f845 	bc     0xd652,aeq
    d635:	d652 
    d636:	e732 	mvmm   ar3,ar2
    d637:	7710 	stm    #1,ar0
    d638:	0001 
    d639:	6d8a 	mar    *ar2-
    d63a:	f6aa 	cmpr   gt,ar2
    d63b:	f820 	bc     0xd64a,ntc
    d63c:	d64a 
    d63d:	7710 	stm    #3,ar0
    d63e:	0003 
    d63f:	f4ab 	cmpr   eq,ar3
    d640:	f830 	bc     0xd644,tc
    d641:	d644 
    d642:	f073 	b      0xd685
    d643:	d685 
    d644:	11f8 	ld     *(0x4c25),b
    d645:	4c25 
    d646:	4811 	ldm    ar1,a
    d647:	f5e3 	cala   b
    d648:	f073 	b      0xd685
    d649:	d685 
    d64a:	f2e3 	sftl   b,3,a
    d64b:	80f8 	stl    a,*(0x4322)
    d64c:	4322 
    d64d:	76f8 	st     #1,*(0x4323)
    d64e:	4323 
    d64f:	0001 
    d650:	f073 	b      0xd685
    d651:	d685 
    d652:	f2e3 	sftl   b,3,a
    d653:	f040 	or     #2,a
    d654:	0002 
    d655:	80f8 	stl    a,*(0x4322)
    d656:	4322 
    d657:	76f8 	st     #1,*(0x4323)
    d658:	4323 
    d659:	0001 
    d65a:	7710 	stm    #4,ar0
    d65b:	0004 
    d65c:	7181 	mvdk   *ar1,0x12
    d65d:	0012 
    d65e:	f5aa 	cmpr   lt,ar2
    d65f:	f830 	bc     0xd675,tc
    d660:	d675 
    d661:	7712 	stm    #15,ar2
    d662:	000f 
    d663:	4812 	ldm    ar2,a
    d664:	f310 	sub    #4,b
    d665:	0004 
    d666:	18e1 	and    *ar1(0x5),a
    d667:	0005 
    d668:	8812 	stlm   a,ar2
    d669:	e80c 	ld     #12,a
    d66a:	f622 	sub    b,2,a
    d66b:	32f8 	ld     *(0x8),asm
    d66c:	0008 
    d66d:	4812 	ldm    ar2,a
    d66e:	f482 	ld     a,asm
    d66f:	1af8 	or     *(0x432a),a
    d670:	432a 
    d671:	80f8 	stl    a,*(0x432a)
    d672:	432a 
    d673:	f073 	b      0xd685
    d674:	d685 
    d675:	7712 	stm    #15,ar2
    d676:	000f 
    d677:	4812 	ldm    ar2,a
    d678:	18e1 	and    *ar1(0x5),a
    d679:	0005 
    d67a:	8812 	stlm   a,ar2
    d67b:	e80c 	ld     #12,a
    d67c:	f622 	sub    b,2,a
    d67d:	32f8 	ld     *(0x8),asm
    d67e:	0008 
    d67f:	4812 	ldm    ar2,a
    d680:	f482 	ld     a,asm
    d681:	1af8 	or     *(0x4329),a
    d682:	4329 
    d683:	80f8 	stl    a,*(0x4329)
    d684:	4329 
    d685:	11f8 	ld     *(0x3f5e),b
    d686:	3f5e 
    d687:	10f8 	ld     *(0x4bff),a
    d688:	4bff 
    d689:	f5e3 	cala   b
    d68a:	60e1 	cmpm   *ar1(0x3),#3
    d68b:	0003 
    d68c:	0003 
    d68d:	f820 	bc     0xd693,ntc
    d68e:	d693 
    d68f:	11f8 	ld     *(0x4c26),b
    d690:	4c26 
    d691:	4811 	ldm    ar1,a
    d692:	f5e3 	cala   b
    d693:	8a11 	popm   ar1
    d694:	fc00 	ret    
    d695:	4a11 	pshm   ar1
    d696:	4a16 	pshm   ar6
    d697:	eeff 	frame  -1
    d698:	8811 	stlm   a,ar1
    d699:	f495 	nop    
    d69a:	f495 	nop    
    d69b:	10e1 	ld     *ar1(0x4),a
    d69c:	0004 
    d69d:	f030 	and    #15,a
    d69e:	000f 
    d69f:	8812 	stlm   a,ar2
    d6a0:	f495 	nop    
    d6a1:	f495 	nop    
    d6a2:	6ce2 	banz   0xd6a9,*ar2(0xffff)
    d6a3:	ffff 
    d6a4:	d6a9 
    d6a5:	7716 	stm    #8,ar6
    d6a6:	0008 
    d6a7:	f073 	b      0xd6c0
    d6a8:	d6c0 
    d6a9:	6ce2 	banz   0xd6b0,*ar2(0xfffa)
    d6aa:	fffa 
    d6ab:	d6b0 
    d6ac:	7716 	stm    #2048,ar6
    d6ad:	0800 
    d6ae:	f073 	b      0xd6c0
    d6af:	d6c0 
    d6b0:	6ce2 	banz   0xd6b7,*ar2(0xfffb)
    d6b1:	fffb 
    d6b2:	d6b7 
    d6b3:	7716 	stm    #1024,ar6
    d6b4:	0400 
    d6b5:	f073 	b      0xd6c0
    d6b6:	d6c0 
    d6b7:	6ce2 	banz   0xd6be,*ar2(0xfffc)
    d6b8:	fffc 
    d6b9:	d6be 
    d6ba:	7716 	stm    #512,ar6
    d6bb:	0200 
    d6bc:	f073 	b      0xd6c0
    d6bd:	d6c0 
    d6be:	7716 	stm    #256,ar6
    d6bf:	0100 
    d6c0:	6f81 	ld     *ar1,3,a
    d6c1:	0c43 
    d6c2:	80f8 	stl    a,*(0x4322)
    d6c3:	4322 
    d6c4:	4816 	ldm    ar6,a
    d6c5:	f040 	or     #129,a
    d6c6:	0081 
    d6c7:	80f8 	stl    a,*(0x4323)
    d6c8:	4323 
    d6c9:	76f8 	st     #19861,*(0x4325)
    d6ca:	4325 
    d6cb:	4d95 
    d6cc:	11f8 	ld     *(0x3f5e),b
    d6cd:	3f5e 
    d6ce:	10f8 	ld     *(0x4bff),a
    d6cf:	4bff 
    d6d0:	f5e3 	cala   b
    d6d1:	11f8 	ld     *(0x4c50),b
    d6d2:	4c50 
    d6d3:	4811 	ldm    ar1,a
    d6d4:	f5e3 	cala   b
    d6d5:	7710 	stm    #256,ar0
    d6d6:	0100 
    d6d7:	f4ae 	cmpr   eq,ar6
    d6d8:	f830 	bc     0xd6e6,tc
    d6d9:	d6e6 
    d6da:	6ce6 	banz   0xd6e2,*ar6(0xfff8)
    d6db:	fff8 
    d6dc:	d6e2 
    d6dd:	61f8 	bitf   *(0x4d95),#24
    d6de:	4d95 
    d6df:	0018 
    d6e0:	f820 	bc     0xd6e6,ntc
    d6e1:	d6e6 
    d6e2:	11f8 	ld     *(0x4c4e),b
    d6e3:	4c4e 
    d6e4:	4811 	ldm    ar1,a
    d6e5:	f5e3 	cala   b
    d6e6:	7316 	mvmd   ar6,0x4323
    d6e7:	4323 
    d6e8:	ee01 	frame  1
    d6e9:	8a16 	popm   ar6
    d6ea:	8a11 	popm   ar1
    d6eb:	fc00 	ret    
    d6ec:	4a11 	pshm   ar1
    d6ed:	4a16 	pshm   ar6
    d6ee:	4a17 	pshm   ar7
    d6ef:	eefe 	frame  -2
    d6f0:	8817 	stlm   a,ar7
    d6f1:	f495 	nop    
    d6f2:	f495 	nop    
    d6f3:	10e7 	ld     *ar7(0x4),a
    d6f4:	0004 
    d6f5:	f030 	and    #15,a
    d6f6:	000f 
    d6f7:	8811 	stlm   a,ar1
    d6f8:	f495 	nop    
    d6f9:	7710 	stm    #1,ar0
    d6fa:	0001 
    d6fb:	f4a9 	cmpr   eq,ar1
    d6fc:	f830 	bc     0xd717,tc
    d6fd:	d717 
    d6fe:	6ce1 	banz   0xd705,*ar1(0xfffa)
    d6ff:	fffa 
    d700:	d705 
    d701:	7716 	stm    #27,ar6
    d702:	001b 
    d703:	f073 	b      0xd748
    d704:	d748 
    d705:	6ce1 	banz   0xd70c,*ar1(0xfffb)
    d706:	fffb 
    d707:	d70c 
    d708:	7716 	stm    #20,ar6
    d709:	0014 
    d70a:	f073 	b      0xd748
    d70b:	d748 
    d70c:	6ce1 	banz   0xd713,*ar1(0xfffc)
    d70d:	fffc 
    d70e:	d713 
    d70f:	7716 	stm    #17,ar6
    d710:	0011 
    d711:	f073 	b      0xd748
    d712:	d748 
    d713:	7716 	stm    #12,ar6
    d714:	000c 
    d715:	f073 	b      0xd748
    d716:	d748 
    d717:	12f8 	ldu    *(0x4d95),a
    d718:	4d95 
    d719:	f47d 	sfta   a,-3
    d71a:	f030 	and    #3,a
    d71b:	0003 
    d71c:	8812 	stlm   a,ar2
    d71d:	f495 	nop    
    d71e:	4812 	ldm    ar2,a
    d71f:	f845 	bc     0xd744,aeq
    d720:	d744 
    d721:	7710 	stm    #1,ar0
    d722:	0001 
    d723:	f4aa 	cmpr   eq,ar2
    d724:	f830 	bc     0xd73e,tc
    d725:	d73e 
    d726:	7710 	stm    #2,ar0
    d727:	0002 
    d728:	f4aa 	cmpr   eq,ar2
    d729:	f830 	bc     0xd738,tc
    d72a:	d738 
    d72b:	7710 	stm    #3,ar0
    d72c:	0003 
    d72d:	f4aa 	cmpr   eq,ar2
    d72e:	f830 	bc     0xd732,tc
    d72f:	d732 
    d730:	f073 	b      0xd748
    d731:	d748 
    d732:	7716 	stm    #27,ar6
    d733:	001b 
    d734:	7711 	stm    #6,ar1
    d735:	0006 
    d736:	f073 	b      0xd748
    d737:	d748 
    d738:	7716 	stm    #20,ar6
    d739:	0014 
    d73a:	7711 	stm    #5,ar1
    d73b:	0005 
    d73c:	f073 	b      0xd748
    d73d:	d748 
    d73e:	7716 	stm    #17,ar6
    d73f:	0011 
    d740:	7711 	stm    #4,ar1
    d741:	0004 
    d742:	f073 	b      0xd748
    d743:	d748 
    d744:	7716 	stm    #12,ar6
    d745:	000c 
    d746:	7711 	stm    #2,ar1
    d747:	0002 
    d748:	71e7 	mvdk   *ar7(0x2),0x12
    d749:	0002 
    d74a:	0012 
    d74b:	f120 	ld     #-16,b
    d74c:	fff0 
    d74d:	4811 	ldm    ar1,a
    d74e:	1982 	and    *ar2,b
    d74f:	f030 	and    #15,a
    d750:	000f 
    d751:	f2a0 	or     b,a
    d752:	8082 	stl    a,*ar2
    d753:	6ce1 	banz   0xd75a,*ar1(0xfffe)
    d754:	fffe 
    d755:	d75a 
    d756:	11f8 	ld     *(0x4c4e),b
    d757:	4c4e 
    d758:	4817 	ldm    ar7,a
    d759:	f5e3 	cala   b
    d75a:	71e7 	mvdk   *ar7(0x2),0x12
    d75b:	0002 
    d75c:	0012 
    d75d:	6882 	andm   #-1537,*ar2
    d75e:	f9ff 
    d75f:	7710 	stm    #2,ar0
    d760:	0002 
    d761:	f4a9 	cmpr   eq,ar1
    d762:	f830 	bc     0xd777,tc
    d763:	d777 
    d764:	7710 	stm    #6,ar0
    d765:	0006 
    d766:	f4a9 	cmpr   eq,ar1
    d767:	f830 	bc     0xd777,tc
    d768:	d777 
    d769:	71e7 	mvdk   *ar7(0x2),0x11
    d76a:	0002 
    d76b:	0011 
    d76c:	e920 	ld     #32,b
    d76d:	f020 	ld     #-257,a
    d76e:	feff 
    d76f:	19f8 	and    *(0x4d95),b
    d770:	4d95 
    d771:	1881 	and    *ar1,a
    d772:	f3e3 	sftl   b,3
    d773:	f1a0 	or     a,b
    d774:	8181 	stl    b,*ar1
    d775:	f073 	b      0xd78d
    d776:	d78d 
    d777:	e860 	ld     #96,a
    d778:	18f8 	and    *(0x4d95),a
    d779:	4d95 
    d77a:	8811 	stlm   a,ar1
    d77b:	f495 	nop    
    d77c:	7710 	stm    #64,ar0
    d77d:	0040 
    d77e:	f4a9 	cmpr   eq,ar1
    d77f:	f830 	bc     0xd788,tc
    d780:	d788 
    d781:	71e7 	mvdk   *ar7(0x2),0x11
    d782:	0002 
    d783:	0011 
    d784:	6881 	andm   #-257,*ar1
    d785:	feff 
    d786:	f073 	b      0xd78d
    d787:	d78d 
    d788:	71e7 	mvdk   *ar7(0x2),0x11
    d789:	0002 
    d78a:	0011 
    d78b:	6981 	orm    #256,*ar1
    d78c:	0100 
    d78d:	71e7 	mvdk   *ar7(0x2),0x11
    d78e:	0002 
    d78f:	0011 
    d790:	70e1 	mvkd   0x4d96,*ar1(0x2)
    d791:	0002 
    d792:	4d96 
    d793:	71e7 	mvdk   *ar7(0x2),0x11
    d794:	0002 
    d795:	0011 
    d796:	70e1 	mvkd   0x4d97,*ar1(0x3)
    d797:	0003 
    d798:	4d97 
    d799:	10e7 	ld     *ar7(0x2),a
    d79a:	0002 
    d79b:	f000 	add    #4,a
    d79c:	0004 
    d79d:	11f8 	ld     *(0x4c36),b
    d79e:	4c36 
    d79f:	8000 	stl    a,DP+0x00
    d7a0:	7001 	mvkd   0x16,DP+0x01
    d7a1:	0016 
    d7a2:	f020 	ld     #19864,a
    d7a3:	4d98 
    d7a4:	f5e3 	cala   b
    d7a5:	ee02 	frame  2
    d7a6:	8a17 	popm   ar7
    d7a7:	8a16 	popm   ar6
    d7a8:	8a11 	popm   ar1
    d7a9:	fc00 	ret    
    d7aa:	4a11 	pshm   ar1
    d7ab:	8811 	stlm   a,ar1
    d7ac:	76f8 	st     #0,*(0x3fab)
    d7ad:	3fab 
    d7ae:	0000 
    d7af:	76f8 	st     #0,*(0x3faa)
    d7b0:	3faa 
    d7b1:	0000 
    d7b2:	76f8 	st     #5,*(0x3fac)
    d7b3:	3fac 
    d7b4:	0005 
    d7b5:	76f8 	st     #19891,*(0x4324)
    d7b6:	4324 
    d7b7:	4db3 
    d7b8:	10f8 	ld     *(0x4bc7),a
    d7b9:	4bc7 
    d7ba:	f844 	bc     0xd7da,aneq
    d7bb:	d7da 
    d7bc:	6f81 	ld     *ar1,3,a
    d7bd:	0c43 
    d7be:	f040 	or     #2,a
    d7bf:	0002 
    d7c0:	80f8 	stl    a,*(0x4320)
    d7c1:	4320 
    d7c2:	76f8 	st     #0,*(0x4321)
    d7c3:	4321 
    d7c4:	0000 
    d7c5:	11f8 	ld     *(0x3f62),b
    d7c6:	3f62 
    d7c7:	e806 	ld     #6,a
    d7c8:	f5e3 	cala   b
    d7c9:	11f8 	ld     *(0x3f5e),b
    d7ca:	3f5e 
    d7cb:	10f8 	ld     *(0x4bfe),a
    d7cc:	4bfe 
    d7cd:	f5e3 	cala   b
    d7ce:	76f8 	st     #4,*(0x3fb1)
    d7cf:	3fb1 
    d7d0:	0004 
    d7d1:	76e1 	st     #0,*ar1(0x8)
    d7d2:	0008 
    d7d3:	0000 
    d7d4:	11f8 	ld     *(0x4c2d),b
    d7d5:	4c2d 
    d7d6:	4811 	ldm    ar1,a
    d7d7:	f5e3 	cala   b
    d7d8:	f073 	b      0xd7f8
    d7d9:	d7f8 
    d7da:	10e1 	ld     *ar1(0x3),a
    d7db:	0003 
    d7dc:	f844 	bc     0xd7e2,aneq
    d7dd:	d7e2 
    d7de:	11f8 	ld     *(0x4c28),b
    d7df:	4c28 
    d7e0:	4811 	ldm    ar1,a
    d7e1:	f5e3 	cala   b
    d7e2:	6f81 	ld     *ar1,3,a
    d7e3:	0c43 
    d7e4:	80f8 	stl    a,*(0x4320)
    d7e5:	4320 
    d7e6:	76f8 	st     #1,*(0x4321)
    d7e7:	4321 
    d7e8:	0001 
    d7e9:	68f8 	andm   #-253,*(0x3f91)
    d7ea:	3f91 
    d7eb:	ff03 
    d7ec:	11f8 	ld     *(0x3f5e),b
    d7ed:	3f5e 
    d7ee:	10f8 	ld     *(0x4bfe),a
    d7ef:	4bfe 
    d7f0:	f5e3 	cala   b
    d7f1:	76f8 	st     #1,*(0x3fb1)
    d7f2:	3fb1 
    d7f3:	0001 
    d7f4:	11f8 	ld     *(0x4c2d),b
    d7f5:	4c2d 
    d7f6:	4811 	ldm    ar1,a
    d7f7:	f5e3 	cala   b
    d7f8:	8a11 	popm   ar1
    d7f9:	fc00 	ret    
    d7fa:	4a11 	pshm   ar1
    d7fb:	eefe 	frame  -2
    d7fc:	8811 	stlm   a,ar1
    d7fd:	f495 	nop    
    d7fe:	f495 	nop    
    d7ff:	10e1 	ld     *ar1(0x2),a
    d800:	0002 
    d801:	f000 	add    #1,a
    d802:	0001 
    d803:	71e1 	mvdk   *ar1(0x5),0x12
    d804:	0005 
    d805:	0012 
    d806:	4912 	ldm    ar2,b
    d807:	f310 	sub    #4,b
    d808:	0004 
    d809:	f84e 	bc     0xd81c,bgt
    d80a:	d81c 
    d80b:	7710 	stm    #4,ar0
    d80c:	0004 
    d80d:	f4aa 	cmpr   eq,ar2
    d80e:	f830 	bc     0xd834,tc
    d80f:	d834 
    d810:	7710 	stm    #2,ar0
    d811:	0002 
    d812:	f4aa 	cmpr   eq,ar2
    d813:	f830 	bc     0xd83c,tc
    d814:	d83c 
    d815:	7710 	stm    #3,ar0
    d816:	0003 
    d817:	f4aa 	cmpr   eq,ar2
    d818:	f830 	bc     0xd83a,tc
    d819:	d83a 
    d81a:	f073 	b      0xd840
    d81b:	d840 
    d81c:	7710 	stm    #5,ar0
    d81d:	0005 
    d81e:	f4aa 	cmpr   eq,ar2
    d81f:	f830 	bc     0xd82e,tc
    d820:	d82e 
    d821:	7710 	stm    #6,ar0
    d822:	0006 
    d823:	f4aa 	cmpr   eq,ar2
    d824:	f830 	bc     0xd828,tc
    d825:	d828 
    d826:	f073 	b      0xd840
    d827:	d840 
    d828:	76f8 	st     #64,*(0x4321)
    d829:	4321 
    d82a:	0040 
    d82b:	e91b 	ld     #27,b
    d82c:	f073 	b      0xd840
    d82d:	d840 
    d82e:	76f8 	st     #32,*(0x4321)
    d82f:	4321 
    d830:	0020 
    d831:	e914 	ld     #20,b
    d832:	f073 	b      0xd840
    d833:	d840 
    d834:	76f8 	st     #16,*(0x4321)
    d835:	4321 
    d836:	0010 
    d837:	e911 	ld     #17,b
    d838:	f073 	b      0xd840
    d839:	d840 
    d83a:	f000 	add    #1,a
    d83b:	0001 
    d83c:	76f8 	st     #8,*(0x4321)
    d83d:	4321 
    d83e:	0008 
    d83f:	e90c 	ld     #12,b
    d840:	71e1 	mvdk   *ar1(0x2),0x12
    d841:	0002 
    d842:	0012 
    d843:	960a 	bit    *ar2,10
    d844:	f830 	bc     0xd84e,tc
    d845:	d84e 
    d846:	8101 	stl    b,DP+0x01
    d847:	7600 	st     #19894,DP+0x00
    d848:	4db6 
    d849:	11f8 	ld     *(0x4c36),b
    d84a:	4c36 
    d84b:	f5e3 	cala   b
    d84c:	f073 	b      0xd854
    d84d:	d854 
    d84e:	8101 	stl    b,DP+0x01
    d84f:	7600 	st     #19894,DP+0x00
    d850:	4db6 
    d851:	11f8 	ld     *(0x4c3a),b
    d852:	4c3a 
    d853:	f5e3 	cala   b
    d854:	71e1 	mvdk   *ar1(0x2),0x12
    d855:	0002 
    d856:	0012 
    d857:	6882 	andm   #-16,*ar2
    d858:	fff0 
    d859:	69f8 	orm    #-32768,*(0x4db3)
    d85a:	4db3 
    d85b:	8000 
    d85c:	6f81 	ld     *ar1,3,a
    d85d:	0c43 
    d85e:	f040 	or     #2,a
    d85f:	0002 
    d860:	80f8 	stl    a,*(0x4320)
    d861:	4320 
    d862:	11f8 	ld     *(0x3f62),b
    d863:	3f62 
    d864:	e806 	ld     #6,a
    d865:	f5e3 	cala   b
    d866:	11f8 	ld     *(0x3f5e),b
    d867:	3f5e 
    d868:	10f8 	ld     *(0x4bfe),a
    d869:	4bfe 
    d86a:	f5e3 	cala   b
    d86b:	68f8 	andm   #32767,*(0x4db3)
    d86c:	4db3 
    d86d:	7fff 
    d86e:	ee02 	frame  2
    d86f:	8a11 	popm   ar1
    d870:	fc00 	ret    
    d871:	4a11 	pshm   ar1
    d872:	8811 	stlm   a,ar1
    d873:	11f8 	ld     *(0x3f63),b
    d874:	3f63 
    d875:	e810 	ld     #16,a
    d876:	f5e3 	cala   b
    d877:	76e1 	st     #0,*ar1(0x8)
    d878:	0008 
    d879:	0000 
    d87a:	76f8 	st     #4,*(0x3fb1)
    d87b:	3fb1 
    d87c:	0004 
    d87d:	11f8 	ld     *(0x4c2d),b
    d87e:	4c2d 
    d87f:	4811 	ldm    ar1,a
    d880:	f5e3 	cala   b
    d881:	8a11 	popm   ar1
    d882:	fc00 	ret    
    d883:	4a11 	pshm   ar1
    d884:	8811 	stlm   a,ar1
    d885:	11f8 	ld     *(0x3f5e),b
    d886:	3f5e 
    d887:	10f8 	ld     *(0x4bfd),a
    d888:	4bfd 
    d889:	f5e3 	cala   b
    d88a:	11f8 	ld     *(0x3f62),b
    d88b:	3f62 
    d88c:	e809 	ld     #9,a
    d88d:	f5e3 	cala   b
    d88e:	71e1 	mvdk   *ar1(0x6),0x12
    d88f:	0006 
    d890:	0012 
    d891:	7082 	mvkd   0x3fa4,*ar2
    d892:	3fa4 
    d893:	71e1 	mvdk   *ar1(0x7),0x12
    d894:	0007 
    d895:	0012 
    d896:	7082 	mvkd   0x3fa5,*ar2
    d897:	3fa5 
    d898:	71e1 	mvdk   *ar1(0x8),0x12
    d899:	0008 
    d89a:	0012 
    d89b:	7082 	mvkd   0x3fa7,*ar2
    d89c:	3fa7 
    d89d:	71e1 	mvdk   *ar1(0x9),0x12
    d89e:	0009 
    d89f:	0012 
    d8a0:	7082 	mvkd   0x3fa6,*ar2
    d8a1:	3fa6 
    d8a2:	76f8 	st     #0,*(0x3fae)
    d8a3:	3fae 
    d8a4:	0000 
    d8a5:	76f8 	st     #0,*(0x3fad)
    d8a6:	3fad 
    d8a7:	0000 
    d8a8:	76f8 	st     #4,*(0x3faf)
    d8a9:	3faf 
    d8aa:	0004 
    d8ab:	4811 	ldm    ar1,a
    d8ac:	11f8 	ld     *(0x4c2b),b
    d8ad:	4c2b 
    d8ae:	f5e3 	cala   b
    d8af:	8a11 	popm   ar1
    d8b0:	fc00 	ret    
    d8b1:	4a11 	pshm   ar1
    d8b2:	eefe 	frame  -2
    d8b3:	8811 	stlm   a,ar1
    d8b4:	f495 	nop    
    d8b5:	f495 	nop    
    d8b6:	71e1 	mvdk   *ar1(0x3),0x12
    d8b7:	0003 
    d8b8:	0012 
    d8b9:	4812 	ldm    ar2,a
    d8ba:	f845 	bc     0xd8e9,aeq
    d8bb:	d8e9 
    d8bc:	e723 	mvmm   ar2,ar3
    d8bd:	7710 	stm    #1,ar0
    d8be:	0001 
    d8bf:	6d8b 	mar    *ar3-
    d8c0:	f6ab 	cmpr   gt,ar3
    d8c1:	f820 	bc     0xd8e1,ntc
    d8c2:	d8e1 
    d8c3:	7710 	stm    #3,ar0
    d8c4:	0003 
    d8c5:	f4aa 	cmpr   eq,ar2
    d8c6:	f830 	bc     0xd8ca,tc
    d8c7:	d8ca 
    d8c8:	f073 	b      0xd8ef
    d8c9:	d8ef 
    d8ca:	76f8 	st     #0,*(0x4322)
    d8cb:	4322 
    d8cc:	0000 
    d8cd:	76f8 	st     #133,*(0x4323)
    d8ce:	4323 
    d8cf:	0085 
    d8d0:	76f8 	st     #19861,*(0x4326)
    d8d1:	4326 
    d8d2:	4d95 
    d8d3:	11f8 	ld     *(0x3f5e),b
    d8d4:	3f5e 
    d8d5:	10f8 	ld     *(0x4bff),a
    d8d6:	4bff 
    d8d7:	f5e3 	cala   b
    d8d8:	11f8 	ld     *(0x4c50),b
    d8d9:	4c50 
    d8da:	4811 	ldm    ar1,a
    d8db:	f5e3 	cala   b
    d8dc:	76f8 	st     #4,*(0x4323)
    d8dd:	4323 
    d8de:	0004 
    d8df:	f073 	b      0xd8ef
    d8e0:	d8ef 
    d8e1:	76f8 	st     #0,*(0x4322)
    d8e2:	4322 
    d8e3:	0000 
    d8e4:	76f8 	st     #1,*(0x4323)
    d8e5:	4323 
    d8e6:	0001 
    d8e7:	f073 	b      0xd8ef
    d8e8:	d8ef 
    d8e9:	76f8 	st     #1,*(0x4322)
    d8ea:	4322 
    d8eb:	0001 
    d8ec:	76f8 	st     #1,*(0x4323)
    d8ed:	4323 
    d8ee:	0001 
    d8ef:	11f8 	ld     *(0x3f5e),b
    d8f0:	3f5e 
    d8f1:	10f8 	ld     *(0x4bff),a
    d8f2:	4bff 
    d8f3:	f5e3 	cala   b
    d8f4:	60e1 	cmpm   *ar1(0x3),#3
    d8f5:	0003 
    d8f6:	0003 
    d8f7:	f830 	bc     0xd8ff,tc
    d8f8:	d8ff 
    d8f9:	11f8 	ld     *(0x4c50),b
    d8fa:	4c50 
    d8fb:	4811 	ldm    ar1,a
    d8fc:	f5e3 	cala   b
    d8fd:	f073 	b      0xd93b
    d8fe:	d93b 
    d8ff:	71e1 	mvdk   *ar1(0x2),0x12
    d900:	0002 
    d901:	0012 
    d902:	f020 	ld     #-16,a
    d903:	fff0 
    d904:	1882 	and    *ar2,a
    d905:	f040 	or     #2,a
    d906:	0002 
    d907:	8082 	stl    a,*ar2
    d908:	71e1 	mvdk   *ar1(0x2),0x12
    d909:	0002 
    d90a:	0012 
    d90b:	6882 	andm   #-1537,*ar2
    d90c:	f9ff 
    d90d:	e860 	ld     #96,a
    d90e:	18f8 	and    *(0x4d95),a
    d90f:	4d95 
    d910:	8812 	stlm   a,ar2
    d911:	f495 	nop    
    d912:	7710 	stm    #64,ar0
    d913:	0040 
    d914:	f4aa 	cmpr   eq,ar2
    d915:	f830 	bc     0xd91e,tc
    d916:	d91e 
    d917:	71e1 	mvdk   *ar1(0x2),0x12
    d918:	0002 
    d919:	0012 
    d91a:	6882 	andm   #-257,*ar2
    d91b:	feff 
    d91c:	f073 	b      0xd923
    d91d:	d923 
    d91e:	71e1 	mvdk   *ar1(0x2),0x12
    d91f:	0002 
    d920:	0012 
    d921:	6982 	orm    #256,*ar2
    d922:	0100 
    d923:	71e1 	mvdk   *ar1(0x2),0x12
    d924:	0002 
    d925:	0012 
    d926:	70e2 	mvkd   0x4d96,*ar2(0x2)
    d927:	0002 
    d928:	4d96 
    d929:	71e1 	mvdk   *ar1(0x2),0x12
    d92a:	0002 
    d92b:	0012 
    d92c:	70e2 	mvkd   0x4d97,*ar2(0x3)
    d92d:	0003 
    d92e:	4d97 
    d92f:	10e1 	ld     *ar1(0x2),a
    d930:	0002 
    d931:	f000 	add    #4,a
    d932:	0004 
    d933:	11f8 	ld     *(0x4c36),b
    d934:	4c36 
    d935:	8000 	stl    a,DP+0x00
    d936:	7601 	st     #12,DP+0x01
    d937:	000c 
    d938:	f020 	ld     #19864,a
    d939:	4d98 
    d93a:	f5e3 	cala   b
    d93b:	11f8 	ld     *(0x3f63),b
    d93c:	3f63 
    d93d:	e811 	ld     #17,a
    d93e:	f5e3 	cala   b
    d93f:	ee02 	frame  2
    d940:	8a11 	popm   ar1
    d941:	fc00 	ret    
    d942:	4a11 	pshm   ar1
    d943:	11f8 	ld     *(0x3f5e),b
    d944:	3f5e 
    d945:	10f8 	ld     *(0x4bfb),a
    d946:	4bfb 
    d947:	f5e3 	cala   b
    d948:	7211 	mvdm   0x4bcd,ar1
    d949:	4bcd 
    d94a:	4811 	ldm    ar1,a
    d94b:	f000 	add    #1,a
    d94c:	0001 
    d94d:	80f8 	stl    a,*(0x4bcd)
    d94e:	4bcd 
    d94f:	70e1 	mvkd   0x3fb2,*ar1(0x9e0)
    d950:	09e0 
    d951:	3fb2 
    d952:	10f8 	ld     *(0x4bc4),a
    d953:	4bc4 
    d954:	f010 	sub    #1,a
    d955:	0001 
    d956:	8811 	stlm   a,ar1
    d957:	f495 	nop    
    d958:	7710 	stm    #101,ar0
    d959:	0065 
    d95a:	f5a9 	cmpr   lt,ar1
    d95b:	80f8 	stl    a,*(0x4bc4)
    d95c:	4bc4 
    d95d:	f830 	bc     0xd964,tc
    d95e:	d964 
    d95f:	11f8 	ld     *(0x4c0c),b
    d960:	4c0c 
    d961:	f020 	ld     #-1,a
    d962:	ffff 
    d963:	f5e3 	cala   b
    d964:	8a11 	popm   ar1
    d965:	fc00 	ret    
    d966:	4a11 	pshm   ar1
    d967:	8811 	stlm   a,ar1
    d968:	11f8 	ld     *(0x3f5e),b
    d969:	3f5e 
    d96a:	10f8 	ld     *(0x4bfd),a
    d96b:	4bfd 
    d96c:	f5e3 	cala   b
    d96d:	71e1 	mvdk   *ar1(0x6),0x12
    d96e:	0006 
    d96f:	0012 
    d970:	7082 	mvkd   0x3fa4,*ar2
    d971:	3fa4 
    d972:	71e1 	mvdk   *ar1(0x7),0x12
    d973:	0007 
    d974:	0012 
    d975:	7082 	mvkd   0x3fa5,*ar2
    d976:	3fa5 
    d977:	71e1 	mvdk   *ar1(0x8),0x12
    d978:	0008 
    d979:	0012 
    d97a:	7082 	mvkd   0x3fa7,*ar2
    d97b:	3fa7 
    d97c:	71e1 	mvdk   *ar1(0x9),0x12
    d97d:	0009 
    d97e:	0012 
    d97f:	7082 	mvkd   0x3fa6,*ar2
    d980:	3fa6 
    d981:	76f8 	st     #0,*(0x3fae)
    d982:	3fae 
    d983:	0000 
    d984:	76f8 	st     #0,*(0x3fad)
    d985:	3fad 
    d986:	0000 
    d987:	76f8 	st     #5,*(0x3faf)
    d988:	3faf 
    d989:	0005 
    d98a:	4811 	ldm    ar1,a
    d98b:	11f8 	ld     *(0x4c31),b
    d98c:	4c31 
    d98d:	f5e3 	cala   b
    d98e:	8a11 	popm   ar1
    d98f:	fc00 	ret    
    d990:	4a11 	pshm   ar1
    d991:	eefe 	frame  -2
    d992:	8811 	stlm   a,ar1
    d993:	f495 	nop    
    d994:	f495 	nop    
    d995:	71e1 	mvdk   *ar1(0x3),0x12
    d996:	0003 
    d997:	0012 
    d998:	4812 	ldm    ar2,a
    d999:	f845 	bc     0xd9c8,aeq
    d99a:	d9c8 
    d99b:	e723 	mvmm   ar2,ar3
    d99c:	7710 	stm    #1,ar0
    d99d:	0001 
    d99e:	6d8b 	mar    *ar3-
    d99f:	f6ab 	cmpr   gt,ar3
    d9a0:	f820 	bc     0xd9c0,ntc
    d9a1:	d9c0 
    d9a2:	7710 	stm    #3,ar0
    d9a3:	0003 
    d9a4:	f4aa 	cmpr   eq,ar2
    d9a5:	f830 	bc     0xd9a9,tc
    d9a6:	d9a9 
    d9a7:	f073 	b      0xd9ce
    d9a8:	d9ce 
    d9a9:	76f8 	st     #0,*(0x4322)
    d9aa:	4322 
    d9ab:	0000 
    d9ac:	76f8 	st     #385,*(0x4323)
    d9ad:	4323 
    d9ae:	0181 
    d9af:	76f8 	st     #19861,*(0x4325)
    d9b0:	4325 
    d9b1:	4d95 
    d9b2:	11f8 	ld     *(0x3f5e),b
    d9b3:	3f5e 
    d9b4:	10f8 	ld     *(0x4bff),a
    d9b5:	4bff 
    d9b6:	f5e3 	cala   b
    d9b7:	11f8 	ld     *(0x4c50),b
    d9b8:	4c50 
    d9b9:	4811 	ldm    ar1,a
    d9ba:	f5e3 	cala   b
    d9bb:	76f8 	st     #256,*(0x4323)
    d9bc:	4323 
    d9bd:	0100 
    d9be:	f073 	b      0xd9ce
    d9bf:	d9ce 
    d9c0:	76f8 	st     #0,*(0x4322)
    d9c1:	4322 
    d9c2:	0000 
    d9c3:	76f8 	st     #1,*(0x4323)
    d9c4:	4323 
    d9c5:	0001 
    d9c6:	f073 	b      0xd9ce
    d9c7:	d9ce 
    d9c8:	76f8 	st     #2,*(0x4322)
    d9c9:	4322 
    d9ca:	0002 
    d9cb:	76f8 	st     #1,*(0x4323)
    d9cc:	4323 
    d9cd:	0001 
    d9ce:	11f8 	ld     *(0x3f5e),b
    d9cf:	3f5e 
    d9d0:	10f8 	ld     *(0x4bff),a
    d9d1:	4bff 
    d9d2:	f5e3 	cala   b
    d9d3:	60e1 	cmpm   *ar1(0x3),#3
    d9d4:	0003 
    d9d5:	0003 
    d9d6:	f830 	bc     0xd9f1,tc
    d9d7:	d9f1 
    d9d8:	11f8 	ld     *(0x4c50),b
    d9d9:	4c50 
    d9da:	4811 	ldm    ar1,a
    d9db:	f5e3 	cala   b
    d9dc:	f7bb 	ssbx   st1,intm
    d9dd:	61f8 	bitf   *(0x4bc8),#4
    d9de:	4bc8 
    d9df:	0004 
    d9e0:	f830 	bc     0xd9ed,tc
    d9e1:	d9ed 
    d9e2:	7711 	stm    #19550,ar1
    d9e3:	4c5e 
    d9e4:	6be1 	addm   #1,*ar1(0x66)
    d9e5:	0066 
    d9e6:	0001 
    d9e7:	4811 	ldm    ar1,a
    d9e8:	11f8 	ld     *(0x4c12),b
    d9e9:	4c12 
    d9ea:	f000 	add    #99,a
    d9eb:	0063 
    d9ec:	f5e3 	cala   b
    d9ed:	f6bb 	rsbx   st1,intm
    d9ee:	f495 	nop    
    d9ef:	f073 	b      0xda2d
    d9f0:	da2d 
    d9f1:	71e1 	mvdk   *ar1(0x2),0x12
    d9f2:	0002 
    d9f3:	0012 
    d9f4:	f020 	ld     #-16,a
    d9f5:	fff0 
    d9f6:	1882 	and    *ar2,a
    d9f7:	f040 	or     #2,a
    d9f8:	0002 
    d9f9:	8082 	stl    a,*ar2
    d9fa:	71e1 	mvdk   *ar1(0x2),0x12
    d9fb:	0002 
    d9fc:	0012 
    d9fd:	6882 	andm   #-1537,*ar2
    d9fe:	f9ff 
    d9ff:	e860 	ld     #96,a
    da00:	18f8 	and    *(0x4d95),a
    da01:	4d95 
    da02:	8812 	stlm   a,ar2
    da03:	f495 	nop    
    da04:	7710 	stm    #64,ar0
    da05:	0040 
    da06:	f4aa 	cmpr   eq,ar2
    da07:	f830 	bc     0xda10,tc
    da08:	da10 
    da09:	71e1 	mvdk   *ar1(0x2),0x12
    da0a:	0002 
    da0b:	0012 
    da0c:	6882 	andm   #-257,*ar2
    da0d:	feff 
    da0e:	f073 	b      0xda15
    da0f:	da15 
    da10:	71e1 	mvdk   *ar1(0x2),0x12
    da11:	0002 
    da12:	0012 
    da13:	6982 	orm    #256,*ar2
    da14:	0100 
    da15:	71e1 	mvdk   *ar1(0x2),0x12
    da16:	0002 
    da17:	0012 
    da18:	70e2 	mvkd   0x4d96,*ar2(0x2)
    da19:	0002 
    da1a:	4d96 
    da1b:	71e1 	mvdk   *ar1(0x2),0x12
    da1c:	0002 
    da1d:	0012 
    da1e:	70e2 	mvkd   0x4d97,*ar2(0x3)
    da1f:	0003 
    da20:	4d97 
    da21:	10e1 	ld     *ar1(0x2),a
    da22:	0002 
    da23:	f000 	add    #4,a
    da24:	0004 
    da25:	11f8 	ld     *(0x4c36),b
    da26:	4c36 
    da27:	8000 	stl    a,DP+0x00
    da28:	7601 	st     #12,DP+0x01
    da29:	000c 
    da2a:	f020 	ld     #19864,a
    da2b:	4d98 
    da2c:	f5e3 	cala   b
    da2d:	11f8 	ld     *(0x3f63),b
    da2e:	3f63 
    da2f:	e812 	ld     #18,a
    da30:	f5e3 	cala   b
    da31:	ee02 	frame  2
    da32:	8a11 	popm   ar1
    da33:	fc00 	ret    
    da34:	4a11 	pshm   ar1
    da35:	8812 	stlm   a,ar2
    da36:	f495 	nop    
    da37:	7103 	mvdk   DP+0x03,0x11
    da38:	0011 
    da39:	7102 	mvdk   DP+0x02,0x13
    da3a:	0013 
    da3b:	e720 	mvmm   ar2,ar0
    da3c:	f7ab 	cmpr   neq,ar3
    da3d:	f830 	bc     0xda42,tc
    da3e:	da42 
    da3f:	f073 	b      0xda46
    da40:	da46 
    da41:	e589 	mvdd   *ar2+,*ar3+
    da42:	6d89 	mar    *ar1-
    da43:	6ce1 	banz   0xda41,*ar1(0x1)
    da44:	0001 
    da45:	da41 
    da46:	8a11 	popm   ar1
    da47:	fc00 	ret    
    da48:	4a11 	pshm   ar1
    da49:	eefe 	frame  -2
    da4a:	8812 	stlm   a,ar2
    da4b:	f495 	nop    
    da4c:	7105 	mvdk   DP+0x05,0x11
    da4d:	0011 
    da4e:	7104 	mvdk   DP+0x04,0x13
    da4f:	0013 
    da50:	e730 	mvmm   ar3,ar0
    da51:	f7aa 	cmpr   neq,ar2
    da52:	f830 	bc     0xda61,tc
    da53:	da61 
    da54:	7000 	mvkd   0x11,DP+0x00
    da55:	0011 
    da56:	4812 	ldm    ar2,a
    da57:	f074 	call   0xda68
    da58:	da68 
    da59:	f073 	b      0xda65
    da5a:	da65 
    da5b:	10e2 	ld     *ar2(0x1),a
    da5c:	0001 
    da5d:	8093 	stl    a,*ar3+
    da5e:	e509 	mvdd   *ar2,*ar3+
    da5f:	6dea 	mar    *+ar2(0x2)
    da60:	0002 
    da61:	6d89 	mar    *ar1-
    da62:	6ce1 	banz   0xda5b,*ar1(0x1)
    da63:	0001 
    da64:	da5b 
    da65:	ee02 	frame  2
    da66:	8a11 	popm   ar1
    da67:	fc00 	ret    
    da68:	4a11 	pshm   ar1
    da69:	f495 	nop    
    da6a:	7102 	mvdk   DP+0x02,0x12
    da6b:	0012 
    da6c:	8811 	stlm   a,ar1
    da6d:	f073 	b      0xda76
    da6e:	da76 
    da6f:	6d8a 	mar    *ar2-
    da70:	1081 	ld     *ar1,a
    da71:	11e1 	ld     *ar1(0x1),b
    da72:	0001 
    da73:	8181 	stl    b,*ar1
    da74:	8099 	stl    a,*+ar1
    da75:	6d91 	mar    *ar1+
    da76:	6c82 	banz   0xda6f,*ar2
    da77:	da6f 
    da78:	8a11 	popm   ar1
    da79:	fc00 	ret    
    da7a:	eeff 	frame  -1
    da7b:	68f8 	andm   #-33,*(0x4bc8)
    da7c:	4bc8 
    da7d:	ffdf 
    da7e:	e901 	ld     #1,b
    da7f:	19f8 	and    *(0x4bc1),b
    da80:	4bc1 
    da81:	f3e5 	sftl   b,5
    da82:	1bf8 	or     *(0x4bc8),b
    da83:	4bc8 
    da84:	81f8 	stl    b,*(0x4bc8)
    da85:	4bc8 
    da86:	11f8 	ld     *(0x4bcb),b
    da87:	4bcb 
    da88:	f84c 	bc     0xda92,bneq
    da89:	da92 
    da8a:	11f8 	ld     *(0x4c2f),b
    da8b:	4c2f 
    da8c:	f5e3 	cala   b
    da8d:	76f8 	st     #1,*(0x4bcb)
    da8e:	4bcb 
    da8f:	0001 
    da90:	f073 	b      0xda9d
    da91:	da9d 
    da92:	60f8 	cmpm   *(0x4bcb),#2
    da93:	4bcb 
    da94:	0002 
    da95:	f820 	bc     0xda9a,ntc
    da96:	da9a 
    da97:	e803 	ld     #3,a
    da98:	f073 	b      0xda9b
    da99:	da9b 
    da9a:	e802 	ld     #2,a
    da9b:	80f8 	stl    a,*(0x4bcb)
    da9c:	4bcb 
    da9d:	ee01 	frame  1
    da9e:	fc00 	ret    
    da9f:	4a11 	pshm   ar1
    daa0:	eefe 	frame  -2
    daa1:	8812 	stlm   a,ar2
    daa2:	f495 	nop    
    daa3:	f495 	nop    
    daa4:	71e2 	mvdk   *ar2(0x1),0x11
    daa5:	0001 
    daa6:	0011 
    daa7:	4811 	ldm    ar1,a
    daa8:	f010 	sub    #11,a
    daa9:	000b 
    daaa:	f846 	bc     0xdabd,agt
    daab:	dabd 
    daac:	4811 	ldm    ar1,a
    daad:	f010 	sub    #10,a
    daae:	000a 
    daaf:	f842 	bc     0xdb08,ageq
    dab0:	db08 
    dab1:	7710 	stm    #1,ar0
    dab2:	0001 
    dab3:	f4a9 	cmpr   eq,ar1
    dab4:	f830 	bc     0xdac9,tc
    dab5:	dac9 
    dab6:	7710 	stm    #4,ar0
    dab7:	0004 
    dab8:	f4a9 	cmpr   eq,ar1
    dab9:	f830 	bc     0xdac9,tc
    daba:	dac9 
    dabb:	f073 	b      0xdb21
    dabc:	db21 
    dabd:	7710 	stm    #13,ar0
    dabe:	000d 
    dabf:	f4a9 	cmpr   eq,ar1
    dac0:	f830 	bc     0xdb08,tc
    dac1:	db08 
    dac2:	7710 	stm    #14,ar0
    dac3:	000e 
    dac4:	f4a9 	cmpr   eq,ar1
    dac5:	f830 	bc     0xdac9,tc
    dac6:	dac9 
    dac7:	f073 	b      0xdb21
    dac8:	db21 
    dac9:	61f8 	bitf   *(0x4bc1),#1
    daca:	4bc1 
    dacb:	0001 
    dacc:	f820 	bc     0xdad2,ntc
    dacd:	dad2 
    dace:	f020 	ld     #3974,a
    dacf:	0f86 
    dad0:	f073 	b      0xdad4
    dad1:	dad4 
    dad2:	f020 	ld     #3662,a
    dad3:	0e4e 
    dad4:	11f8 	ld     *(0x4bbf),b
    dad5:	4bbf 
    dad6:	f601 	add    b,1,a
    dad7:	11f8 	ld     *(0x4bc1),b
    dad8:	4bc1 
    dad9:	f300 	add    #1,b
    dada:	0001 
    dadb:	81f8 	stl    b,*(0x4bc1)
    dadc:	4bc1 
    dadd:	6ff8 	sub    *(0x4bbf),2,b
    dade:	4bbf 
    dadf:	0f22 
    dae0:	f6b8 	rsbx   st1,sxm
    dae1:	490b 	ldm    bl,b
    dae2:	09f8 	sub    *(0x4bc0),b
    dae3:	4bc0 
    dae4:	f84c 	bc     0xdaf1,bneq
    dae5:	daf1 
    dae6:	7211 	mvdm   0x4bc1,ar1
    dae7:	4bc1 
    dae8:	f495 	nop    
    dae9:	7710 	stm    #22,ar0
    daea:	0016 
    daeb:	f5a9 	cmpr   lt,ar1
    daec:	f820 	bc     0xdaf1,ntc
    daed:	daf1 
    daee:	6bf8 	addm   #1,*(0x4bbf)
    daef:	4bbf 
    daf0:	0001 
    daf1:	61e2 	bitf   *ar2(0xa),#1
    daf2:	000a 
    daf3:	0001 
    daf4:	f830 	bc     0xdaff,tc
    daf5:	daff 
    daf6:	7600 	st     #3278,DP+0x00
    daf7:	0cce 
    daf8:	7601 	st     #302,DP+0x01
    daf9:	012e 
    dafa:	11f8 	ld     *(0x4c36),b
    dafb:	4c36 
    dafc:	f5e3 	cala   b
    dafd:	f073 	b      0xdb21
    dafe:	db21 
    daff:	7600 	st     #3278,DP+0x00
    db00:	0cce 
    db01:	7601 	st     #151,DP+0x01
    db02:	0097 
    db03:	11f8 	ld     *(0x4c39),b
    db04:	4c39 
    db05:	f5e3 	cala   b
    db06:	f073 	b      0xdb21
    db07:	db21 
    db08:	61e2 	bitf   *ar2(0xa),#1
    db09:	000a 
    db0a:	0001 
    db0b:	f830 	bc     0xdb18,tc
    db0c:	db18 
    db0d:	7600 	st     #3278,DP+0x00
    db0e:	0cce 
    db0f:	7601 	st     #382,DP+0x01
    db10:	017e 
    db11:	11f8 	ld     *(0x4c36),b
    db12:	4c36 
    db13:	f020 	ld     #3662,a
    db14:	0e4e 
    db15:	f5e3 	cala   b
    db16:	f073 	b      0xdb21
    db17:	db21 
    db18:	7600 	st     #3278,DP+0x00
    db19:	0cce 
    db1a:	7601 	st     #191,DP+0x01
    db1b:	00bf 
    db1c:	11f8 	ld     *(0x4c39),b
    db1d:	4c39 
    db1e:	f020 	ld     #3662,a
    db1f:	0e4e 
    db20:	f5e3 	cala   b
    db21:	11f8 	ld     *(0x3f63),b
    db22:	3f63 
    db23:	e80d 	ld     #13,a
    db24:	f5e3 	cala   b
    db25:	ee02 	frame  2
    db26:	8a11 	popm   ar1
    db27:	fc00 	ret    
    db28:	eeff 	frame  -1
    db29:	f7bb 	ssbx   st1,intm
    db2a:	60f8 	cmpm   *(0x4bcb),#2
    db2b:	4bcb 
    db2c:	0002 
    db2d:	f830 	bc     0xdb34,tc
    db2e:	db34 
    db2f:	76f8 	st     #0,*(0x4bcb)
    db30:	4bcb 
    db31:	0000 
    db32:	f073 	b      0xdb48
    db33:	db48 
    db34:	11f8 	ld     *(0x4c2f),b
    db35:	4c2f 
    db36:	f5e3 	cala   b
    db37:	76f8 	st     #1,*(0x4bcb)
    db38:	4bcb 
    db39:	0001 
    db3a:	61f8 	bitf   *(0x4bc8),#16
    db3b:	4bc8 
    db3c:	0010 
    db3d:	f820 	bc     0xdb48,ntc
    db3e:	db48 
    db3f:	76f8 	st     #0,*(0x4bc1)
    db40:	4bc1 
    db41:	0000 
    db42:	76f8 	st     #0,*(0x4bbf)
    db43:	4bbf 
    db44:	0000 
    db45:	68f8 	andm   #-17,*(0x4bc8)
    db46:	4bc8 
    db47:	ffef 
    db48:	f6bb 	rsbx   st1,intm
    db49:	f495 	nop    
    db4a:	ee01 	frame  1
    db4b:	fc00 	ret    
    db4c:	4a11 	pshm   ar1
    db4d:	eeff 	frame  -1
    db4e:	f495 	nop    
    db4f:	7104 	mvdk   DP+0x04,0x11
    db50:	0011 
    db51:	7103 	mvdk   DP+0x03,0x14
    db52:	0014 
    db53:	7712 	stm    #0,ar2
    db54:	0000 
    db55:	4911 	ldm    ar1,b
    db56:	f84d 	bc     0xdb6e,beq
    db57:	db6e 
    db58:	f540 	ld     a,b
    db59:	7000 	mvkd   0x12,DP+0x00
    db5a:	0012 
    db5b:	0100 	add    DP+0x00,b
    db5c:	8913 	stlm   b,ar3
    db5d:	f6b8 	rsbx   st1,sxm
    db5e:	6f83 	ld     *ar3,-8,b
    db5f:	0d58 
    db60:	8184 	stl    b,*ar4
    db61:	6d92 	mar    *ar2+
    db62:	4912 	ldm    ar2,b
    db63:	f500 	add    a,b
    db64:	8913 	stlm   b,ar3
    db65:	f495 	nop    
    db66:	f495 	nop    
    db67:	9518 	ld     *ar3,8,b
    db68:	1b84 	or     *ar4,b
    db69:	8194 	stl    b,*ar4+
    db6a:	e710 	mvmm   ar1,ar0
    db6b:	f5aa 	cmpr   lt,ar2
    db6c:	f830 	bc     0xdb58,tc
    db6d:	db58 
    db6e:	ee01 	frame  1
    db6f:	8a11 	popm   ar1
    db70:	fc00 	ret    
    db71:	4a11 	pshm   ar1
    db72:	eeff 	frame  -1
    db73:	8811 	stlm   a,ar1
    db74:	e807 	ld     #7,a
    db75:	18f8 	and    *(0x4d95),a
    db76:	4d95 
    db77:	f6b8 	rsbx   st1,sxm
    db78:	4808 	ldm    al,a
    db79:	08e1 	sub    *ar1(0x5),a
    db7a:	0005 
    db7b:	f844 	bc     0xdb80,aneq
    db7c:	db80 
    db7d:	e801 	ld     #1,a
    db7e:	f073 	b      0xdb81
    db7f:	db81 
    db80:	e802 	ld     #2,a
    db81:	11e1 	ld     *ar1(0xa),b
    db82:	000a 
    db83:	f77f 	sfta   b,-1
    db84:	f330 	and    #7,b
    db85:	0007 
    db86:	8100 	stl    b,DP+0x00
    db87:	e907 	ld     #7,b
    db88:	0900 	sub    DP+0x00,b
    db89:	f3e1 	sftl   b,1
    db8a:	32f8 	ld     *(0xb),asm
    db8b:	000b 
    db8c:	f482 	ld     a,asm
    db8d:	1af8 	or     *(0x9c2),a
    db8e:	09c2 
    db8f:	80f8 	stl    a,*(0x9c2)
    db90:	09c2 
    db91:	ee01 	frame  1
    db92:	8a11 	popm   ar1
    db93:	fc00 	ret    
    db94:	4a11 	pshm   ar1
    db95:	eefe 	frame  -2
    db96:	8811 	stlm   a,ar1
    db97:	1004 	ld     DP+0x04,a
    db98:	60f8 	cmpm   *(0x3fde),#1
    db99:	3fde 
    db9a:	0001 
    db9b:	f830 	bc     0xdbc4,tc
    db9c:	dbc4 
    db9d:	7001 	mvkd   0x11,DP+0x01
    db9e:	0011 
    db9f:	8000 	stl    a,DP+0x00
    dba0:	7211 	mvdm   0x4bde,ar1
    dba1:	4bde 
    dba2:	7210 	mvdm   0x4be0,ar0
    dba3:	4be0 
    dba4:	f495 	nop    
    dba5:	f7a9 	cmpr   neq,ar1
    dba6:	f830 	bc     0xdbac,tc
    dba7:	dbac 
    dba8:	10f8 	ld     *(0x4bdf),a
    dba9:	4bdf 
    dbaa:	f073 	b      0xdbaf
    dbab:	dbaf 
    dbac:	4811 	ldm    ar1,a
    dbad:	f000 	add    #2,a
    dbae:	0002 
    dbaf:	8811 	stlm   a,ar1
    dbb0:	7210 	mvdm   0x4bdd,ar0
    dbb1:	4bdd 
    dbb2:	f495 	nop    
    dbb3:	f7a9 	cmpr   neq,ar1
    dbb4:	f830 	bc     0xdbbb,tc
    dbb5:	dbbb 
    dbb6:	69f8 	orm    #8,*(0x8d5)
    dbb7:	08d5 
    dbb8:	0008 
    dbb9:	f073 	b      0xdbca
    dbba:	dbca 
    dbbb:	7213 	mvdm   0x4bde,ar3
    dbbc:	4bde 
    dbbd:	e782 	mvmm   sp,ar2
    dbbe:	ec01 	rpt    #1
    dbbf:	e589 	mvdd   *ar2+,*ar3+
    dbc0:	7311 	mvmd   ar1,0x4bde
    dbc1:	4bde 
    dbc2:	f073 	b      0xdbca
    dbc3:	dbca 
    dbc4:	11e1 	ld     *ar1(0x4c18),b
    dbc5:	4c18 
    dbc6:	f5e3 	cala   b
    dbc7:	76f8 	st     #0,*(0x3fde)
    dbc8:	3fde 
    dbc9:	0000 
    dbca:	ee02 	frame  2
    dbcb:	8a11 	popm   ar1
    dbcc:	fc00 	ret    
    dbcd:	4a11 	pshm   ar1
    dbce:	eefe 	frame  -2
    dbcf:	f495 	nop    
    dbd0:	1104 	ld     DP+0x04,b
    dbd1:	8001 	stl    a,DP+0x01
    dbd2:	8100 	stl    b,DP+0x00
    dbd3:	7211 	mvdm   0x4bd6,ar1
    dbd4:	4bd6 
    dbd5:	7210 	mvdm   0x4bd8,ar0
    dbd6:	4bd8 
    dbd7:	f495 	nop    
    dbd8:	f7a9 	cmpr   neq,ar1
    dbd9:	f830 	bc     0xdbdf,tc
    dbda:	dbdf 
    dbdb:	10f8 	ld     *(0x4bd7),a
    dbdc:	4bd7 
    dbdd:	f073 	b      0xdbe2
    dbde:	dbe2 
    dbdf:	4811 	ldm    ar1,a
    dbe0:	f000 	add    #2,a
    dbe1:	0002 
    dbe2:	8811 	stlm   a,ar1
    dbe3:	7210 	mvdm   0x4bd5,ar0
    dbe4:	4bd5 
    dbe5:	f495 	nop    
    dbe6:	f7a9 	cmpr   neq,ar1
    dbe7:	f830 	bc     0xdbee,tc
    dbe8:	dbee 
    dbe9:	69f8 	orm    #16,*(0x8d5)
    dbea:	08d5 
    dbeb:	0010 
    dbec:	f073 	b      0xdbf5
    dbed:	dbf5 
    dbee:	7213 	mvdm   0x4bd6,ar3
    dbef:	4bd6 
    dbf0:	e782 	mvmm   sp,ar2
    dbf1:	ec01 	rpt    #1
    dbf2:	e589 	mvdd   *ar2+,*ar3+
    dbf3:	7311 	mvmd   ar1,0x4bd6
    dbf4:	4bd6 
    dbf5:	ee02 	frame  2
    dbf6:	8a11 	popm   ar1
    dbf7:	fc00 	ret    
    dbf8:	4a11 	pshm   ar1
    dbf9:	eefe 	frame  -2
    dbfa:	f495 	nop    
    dbfb:	1104 	ld     DP+0x04,b
    dbfc:	8001 	stl    a,DP+0x01
    dbfd:	8100 	stl    b,DP+0x00
    dbfe:	7211 	mvdm   0x4bda,ar1
    dbff:	4bda 
    dc00:	7210 	mvdm   0x4bdc,ar0
    dc01:	4bdc 
    dc02:	f495 	nop    
    dc03:	f7a9 	cmpr   neq,ar1
    dc04:	f830 	bc     0xdc0a,tc
    dc05:	dc0a 
    dc06:	10f8 	ld     *(0x4bdb),a
    dc07:	4bdb 
    dc08:	f073 	b      0xdc0d
    dc09:	dc0d 
    dc0a:	4811 	ldm    ar1,a
    dc0b:	f000 	add    #2,a
    dc0c:	0002 
    dc0d:	8811 	stlm   a,ar1
    dc0e:	7210 	mvdm   0x4bd9,ar0
    dc0f:	4bd9 
    dc10:	f495 	nop    
    dc11:	f7a9 	cmpr   neq,ar1
    dc12:	f830 	bc     0xdc19,tc
    dc13:	dc19 
    dc14:	69f8 	orm    #256,*(0x8d5)
    dc15:	08d5 
    dc16:	0100 
    dc17:	f073 	b      0xdc20
    dc18:	dc20 
    dc19:	7213 	mvdm   0x4bda,ar3
    dc1a:	4bda 
    dc1b:	e782 	mvmm   sp,ar2
    dc1c:	ec01 	rpt    #1
    dc1d:	e589 	mvdd   *ar2+,*ar3+
    dc1e:	7311 	mvmd   ar1,0x4bda
    dc1f:	4bda 
    dc20:	ee02 	frame  2
    dc21:	8a11 	popm   ar1
    dc22:	fc00 	ret    
    dc23:	4a11 	pshm   ar1
    dc24:	eefe 	frame  -2
    dc25:	f495 	nop    
    dc26:	1104 	ld     DP+0x04,b
    dc27:	8001 	stl    a,DP+0x01
    dc28:	8100 	stl    b,DP+0x00
    dc29:	7211 	mvdm   0x4bd2,ar1
    dc2a:	4bd2 
    dc2b:	7210 	mvdm   0x4bd4,ar0
    dc2c:	4bd4 
    dc2d:	f495 	nop    
    dc2e:	f7a9 	cmpr   neq,ar1
    dc2f:	f830 	bc     0xdc35,tc
    dc30:	dc35 
    dc31:	10f8 	ld     *(0x4bd3),a
    dc32:	4bd3 
    dc33:	f073 	b      0xdc38
    dc34:	dc38 
    dc35:	4811 	ldm    ar1,a
    dc36:	f000 	add    #2,a
    dc37:	0002 
    dc38:	8811 	stlm   a,ar1
    dc39:	7210 	mvdm   0x4bd1,ar0
    dc3a:	4bd1 
    dc3b:	f495 	nop    
    dc3c:	f7a9 	cmpr   neq,ar1
    dc3d:	f830 	bc     0xdc44,tc
    dc3e:	dc44 
    dc3f:	69f8 	orm    #1024,*(0x8d5)
    dc40:	08d5 
    dc41:	0400 
    dc42:	f073 	b      0xdc4b
    dc43:	dc4b 
    dc44:	7213 	mvdm   0x4bd2,ar3
    dc45:	4bd2 
    dc46:	e782 	mvmm   sp,ar2
    dc47:	ec01 	rpt    #1
    dc48:	e589 	mvdd   *ar2+,*ar3+
    dc49:	7311 	mvmd   ar1,0x4bd2
    dc4a:	4bd2 
    dc4b:	ee02 	frame  2
    dc4c:	8a11 	popm   ar1
    dc4d:	fc00 	ret    
    dc4e:	eeff 	frame  -1
    dc4f:	f074 	call   0xdc53
    dc50:	dc53 
    dc51:	ee01 	frame  1
    dc52:	fc00 	ret    
    dc53:	4a11 	pshm   ar1
    dc54:	10f8 	ld     *(0x3fdc),a
    dc55:	3fdc 
    dc56:	f030 	and    #-3,a
    dc57:	fffd 
    dc58:	80f8 	stl    a,*(0x3fdc)
    dc59:	3fdc 
    dc5a:	75f8 	portw  *(0x8),pa63744
    dc5b:	0008 
    dc5c:	f900 
    dc5d:	47f8 	rpt    *(0x3fd8)
    dc5e:	3fd8 
    dc5f:	f495 	nop    
    dc60:	7711 	stm    #41,ar1
    dc61:	0029 
    dc62:	6881 	andm   #-5,*ar1
    dc63:	fffb 
    dc64:	47f8 	rpt    *(0x3fda)
    dc65:	3fda 
    dc66:	f495 	nop    
    dc67:	8a11 	popm   ar1
    dc68:	fc00 	ret    
    dc69:	4a11 	pshm   ar1
    dc6a:	10f8 	ld     *(0x3fdc),a
    dc6b:	3fdc 
    dc6c:	f040 	or     #2,a
    dc6d:	0002 
    dc6e:	80f8 	stl    a,*(0x3fdc)
    dc6f:	3fdc 
    dc70:	7711 	stm    #41,ar1
    dc71:	0029 
    dc72:	6981 	orm    #4,*ar1
    dc73:	0004 
    dc74:	47f8 	rpt    *(0x3fd9)
    dc75:	3fd9 
    dc76:	f495 	nop    
    dc77:	75f8 	portw  *(0x8),pa63744
    dc78:	0008 
    dc79:	f900 
    dc7a:	8a11 	popm   ar1
    dc7b:	fc00 	ret    
    dc7c:	10f8 	ld     *(0x3fdc),a
    dc7d:	3fdc 
    dc7e:	f040 	or     #1,a
    dc7f:	0001 
    dc80:	80f8 	stl    a,*(0x3fdc)
    dc81:	3fdc 
    dc82:	75f8 	portw  *(0x8),pa63744
    dc83:	0008 
    dc84:	f900 
    dc85:	fc00 	ret    
    dc86:	10f8 	ld     *(0x3fdc),a
    dc87:	3fdc 
    dc88:	f040 	or     #4,a
    dc89:	0004 
    dc8a:	80f8 	stl    a,*(0x3fdc)
    dc8b:	3fdc 
    dc8c:	75f8 	portw  *(0x8),pa63744
    dc8d:	0008 
    dc8e:	f900 
    dc8f:	47f8 	rpt    *(0xc32)
    dc90:	0c32 
    dc91:	f495 	nop    
    dc92:	fc00 	ret    
    dc93:	10f8 	ld     *(0x3fdc),a
    dc94:	3fdc 
    dc95:	f030 	and    #-5,a
    dc96:	fffb 
    dc97:	80f8 	stl    a,*(0x3fdc)
    dc98:	3fdc 
    dc99:	75f8 	portw  *(0x8),pa63744
    dc9a:	0008 
    dc9b:	f900 
    dc9c:	75f8 	portw  *(0x8),pa63744
    dc9d:	0008 
    dc9e:	f900 
    dc9f:	fc00 	ret    
    dca0:	eeff 	frame  -1
    dca1:	f074 	call   0xdc86
    dca2:	dc86 
    dca3:	74f8 	portr  pa64552,*(0x8)
    dca4:	0008 
    dca5:	fc28 
    dca6:	f020 	ld     #3072,a
    dca7:	0c00 
    dca8:	75f8 	portw  *(0x8),pa64001
    dca9:	0008 
    dcaa:	fa01 
    dcab:	f074 	call   0xdc93
    dcac:	dc93 
    dcad:	ee01 	frame  1
    dcae:	fc00 	ret    
    dcaf:	eeff 	frame  -1
    dcb0:	f074 	call   0xdc86
    dcb1:	dc86 
    dcb2:	f020 	ld     #28674,a
    dcb3:	7002 
    dcb4:	75f8 	portw  *(0x8),pa64544
    dcb5:	0008 
    dcb6:	fc20 
    dcb7:	e802 	ld     #2,a
    dcb8:	75f8 	portw  *(0x8),pa64546
    dcb9:	0008 
    dcba:	fc22 
    dcbb:	f074 	call   0xdc93
    dcbc:	dc93 
    dcbd:	ee01 	frame  1
    dcbe:	fc00 	ret    
    dcbf:	4a11 	pshm   ar1
    dcc0:	74f8 	portr  pa3,*(0x8)
    dcc1:	0008 
    dcc2:	0003 
    dcc3:	f040 	or     #8192,a
    dcc4:	2000 
    dcc5:	75f8 	portw  *(0x8),pa3
    dcc6:	0008 
    dcc7:	0003 
    dcc8:	f074 	call   0xdc86
    dcc9:	dc86 
    dcca:	74f8 	portr  pa64552,*(0x8)
    dccb:	0008 
    dccc:	fc28 
    dccd:	f030 	and    #-2,a
    dcce:	fffe 
    dccf:	75f8 	portw  *(0x8),pa64552
    dcd0:	0008 
    dcd1:	fc28 
    dcd2:	10f8 	ld     *(0x4c3f),a
    dcd3:	4c3f 
    dcd4:	f4e3 	cala   a
    dcd5:	f074 	call   0xdc93
    dcd6:	dc93 
    dcd7:	7711 	stm    #0,ar1
    dcd8:	0000 
    dcd9:	6881 	andm   #-16385,*ar1
    dcda:	bfff 
    dcdb:	8a11 	popm   ar1
    dcdc:	fc00 	ret    
    dcdd:	4a11 	pshm   ar1
    dcde:	4a16 	pshm   ar6
    dcdf:	4a17 	pshm   ar7
    dce0:	eefe 	frame  -2
    dce1:	f495 	nop    
    dce2:	7106 	mvdk   DP+0x06,0x16
    dce3:	0016 
    dce4:	7107 	mvdk   DP+0x07,0x17
    dce5:	0017 
    dce6:	8000 	stl    a,DP+0x00
    dce7:	7711 	stm    #0,ar1
    dce8:	0000 
    dce9:	f074 	call   0xdc86
    dcea:	dc86 
    dceb:	1000 	ld     DP+0x00,a
    dcec:	f010 	sub    #2048,a
    dced:	0800 
    dcee:	f0e1 	sftl   a,1
    dcef:	75f8 	portw  *(0x8),pa64548
    dcf0:	0008 
    dcf1:	fc24 
    dcf2:	4816 	ldm    ar6,a
    dcf3:	f0e2 	sftl   a,2
    dcf4:	75f8 	portw  *(0x8),pa64550
    dcf5:	0008 
    dcf6:	fc26 
    dcf7:	7710 	stm    #2,ar0
    dcf8:	0002 
    dcf9:	f4af 	cmpr   eq,ar7
    dcfa:	f830 	bc     0xdd03,tc
    dcfb:	dd03 
    dcfc:	f020 	ld     #1193,a
    dcfd:	04a9 
    dcfe:	75f8 	portw  *(0x8),pa64552
    dcff:	0008 
    dd00:	fc28 
    dd01:	f073 	b      0xdd08
    dd02:	dd08 
    dd03:	f020 	ld     #1197,a
    dd04:	04ad 
    dd05:	75f8 	portw  *(0x8),pa64552
    dd06:	0008 
    dd07:	fc28 
    dd08:	f074 	call   0xdc93
    dd09:	dc93 
    dd0a:	74f8 	portr  pa3,*(0x8)
    dd0b:	0008 
    dd0c:	0003 
    dd0d:	61f8 	bitf   *(0x8),#32
    dd0e:	0008 
    dd0f:	0020 
    dd10:	f830 	bc     0xdd27,tc
    dd11:	dd27 
    dd12:	74f8 	portr  pa1,*(0x8)
    dd13:	0008 
    dd14:	0001 
    dd15:	e712 	mvmm   ar1,ar2
    dd16:	7710 	stm    #6,ar0
    dd17:	0006 
    dd18:	4812 	ldm    ar2,a
    dd19:	f6aa 	cmpr   gt,ar2
    dd1a:	f000 	add    #1,a
    dd1b:	0001 
    dd1c:	8811 	stlm   a,ar1
    dd1d:	f830 	bc     0xdd27,tc
    dd1e:	dd27 
    dd1f:	74f8 	portr  pa3,*(0x8)
    dd20:	0008 
    dd21:	0003 
    dd22:	61f8 	bitf   *(0x8),#32
    dd23:	0008 
    dd24:	0020 
    dd25:	f820 	bc     0xdd12,ntc
    dd26:	dd12 
    dd27:	74f8 	portr  pa3,*(0x8)
    dd28:	0008 
    dd29:	0003 
    dd2a:	f030 	and    #-3,a
    dd2b:	fffd 
    dd2c:	75f8 	portw  *(0x8),pa3
    dd2d:	0008 
    dd2e:	0003 
    dd2f:	f030 	and    #-8961,a
    dd30:	dcff 
    dd31:	f040 	or     #2306,a
    dd32:	0902 
    dd33:	f040 	or     #16384,a
    dd34:	4000 
    dd35:	75f8 	portw  *(0x8),pa3
    dd36:	0008 
    dd37:	0003 
    dd38:	7711 	stm    #1,ar1
    dd39:	0001 
    dd3a:	7681 	st     #16384,*ar1
    dd3b:	4000 
    dd3c:	7711 	stm    #0,ar1
    dd3d:	0000 
    dd3e:	6981 	orm    #16384,*ar1
    dd3f:	4000 
    dd40:	ee02 	frame  2
    dd41:	8a17 	popm   ar7
    dd42:	8a16 	popm   ar6
    dd43:	8a11 	popm   ar1
    dd44:	fc00 	ret    
    dd45:	4a11 	pshm   ar1
    dd46:	8811 	stlm   a,ar1
    dd47:	71f8 	mvdk   *(0x4bb8),0x3fc2
    dd48:	4bb8 
    dd49:	3fc2 
    dd4a:	12e1 	ldu    *ar1(0x6),a
    dd4b:	0006 
    dd4c:	f47b 	sfta   a,-5
    dd4d:	f030 	and    #7,a
    dd4e:	0007 
    dd4f:	8812 	stlm   a,ar2
    dd50:	f495 	nop    
    dd51:	7710 	stm    #7,ar0
    dd52:	0007 
    dd53:	f6aa 	cmpr   gt,ar2
    dd54:	f820 	bc     0xdd58,ntc
    dd55:	dd58 
    dd56:	f073 	b      0xdd8a
    dd57:	dd8a 
    dd58:	4812 	ldm    ar2,a
    dd59:	f000 	add    #28683,a
    dd5a:	700b 
    dd5b:	4808 	ldm    al,a
    dd5c:	f495 	nop    
    dd5d:	f495 	nop    
    dd5e:	f495 	nop    
    dd5f:	f495 	nop    
    dd60:	f495 	nop    
    dd61:	7ef8 	reada  *(0x8)
    dd62:	0008 
    dd63:	f4e2 	bacc   a
    dd64:	76f8 	st     #3093,*(0x3fcb)
    dd65:	3fcb 
    dd66:	0c15 
    dd67:	f073 	b      0xdd8a
    dd68:	dd8a 
    dd69:	76f8 	st     #3077,*(0x3fcb)
    dd6a:	3fcb 
    dd6b:	0c05 
    dd6c:	f073 	b      0xdd8a
    dd6d:	dd8a 
    dd6e:	76f8 	st     #3061,*(0x3fcb)
    dd6f:	3fcb 
    dd70:	0bf5 
    dd71:	f073 	b      0xdd8a
    dd72:	dd8a 
    dd73:	76f8 	st     #3045,*(0x3fcb)
    dd74:	3fcb 
    dd75:	0be5 
    dd76:	f073 	b      0xdd8a
    dd77:	dd8a 
    dd78:	76f8 	st     #3029,*(0x3fcb)
    dd79:	3fcb 
    dd7a:	0bd5 
    dd7b:	f073 	b      0xdd8a
    dd7c:	dd8a 
    dd7d:	76f8 	st     #3013,*(0x3fcb)
    dd7e:	3fcb 
    dd7f:	0bc5 
    dd80:	f073 	b      0xdd8a
    dd81:	dd8a 
    dd82:	76f8 	st     #2997,*(0x3fcb)
    dd83:	3fcb 
    dd84:	0bb5 
    dd85:	f073 	b      0xdd8a
    dd86:	dd8a 
    dd87:	76f8 	st     #2981,*(0x3fcb)
    dd88:	3fcb 
    dd89:	0ba5 
    dd8a:	71e1 	mvdk   *ar1(0x6),0x3fc8
    dd8b:	0006 
    dd8c:	3fc8 
    dd8d:	71e1 	mvdk   *ar1(0x8),0x3fc9
    dd8e:	0008 
    dd8f:	3fc9 
    dd90:	61e1 	bitf   *ar1(0x9),#1
    dd91:	0009 
    dd92:	0001 
    dd93:	f830 	bc     0xdd9a,tc
    dd94:	dd9a 
    dd95:	68f8 	andm   #-16385,*(0x3f92)
    dd96:	3f92 
    dd97:	bfff 
    dd98:	f073 	b      0xdd9d
    dd99:	dd9d 
    dd9a:	69f8 	orm    #16384,*(0x3f92)
    dd9b:	3f92 
    dd9c:	4000 
    dd9d:	11f8 	ld     *(0x3f62),b
    dd9e:	3f62 
    dd9f:	e808 	ld     #8,a
    dda0:	f5e3 	cala   b
    dda1:	11f8 	ld     *(0x3f5e),b
    dda2:	3f5e 
    dda3:	f020 	ld     #-19016,a
    dda4:	b5b8 
    dda5:	f5e3 	cala   b
    dda6:	8a11 	popm   ar1
    dda7:	fc00 	ret    
    dda8:	4a11 	pshm   ar1
    dda9:	76f8 	st     #0,*(0x3f70)
    ddaa:	3f70 
    ddab:	0000 
    ddac:	76f8 	st     #0,*(0x98a)
    ddad:	098a 
    ddae:	0000 
    ddaf:	76f8 	st     #0,*(0x98b)
    ddb0:	098b 
    ddb1:	0000 
    ddb2:	76f8 	st     #0,*(0x98c)
    ddb3:	098c 
    ddb4:	0000 
    ddb5:	76f8 	st     #0,*(0x98d)
    ddb6:	098d 
    ddb7:	0000 
    ddb8:	76f8 	st     #-8531,*(0x3f71)
    ddb9:	3f71 
    ddba:	dead 
    ddbb:	76f8 	st     #-8507,*(0x3f72)
    ddbc:	3f72 
    ddbd:	dec5 
    ddbe:	76f8 	st     #-8465,*(0x3f73)
    ddbf:	3f73 
    ddc0:	deef 
    ddc1:	76f8 	st     #-8410,*(0x3f76)
    ddc2:	3f76 
    ddc3:	df26 
    ddc4:	76f8 	st     #-8386,*(0x3f77)
    ddc5:	3f77 
    ddc6:	df3e 
    ddc7:	7712 	stm    #2446,ar2
    ddc8:	098e 
    ddc9:	7711 	stm    #16,ar1
    ddca:	0010 
    ddcb:	7692 	st     #0,*ar2+
    ddcc:	0000 
    ddcd:	6d89 	mar    *ar1-
    ddce:	6c81 	banz   0xddcb,*ar1
    ddcf:	ddcb 
    ddd0:	11f8 	ld     *(0x3f5e),b
    ddd1:	3f5e 
    ddd2:	f020 	ld     #29089,a
    ddd3:	71a1 
    ddd4:	f5e3 	cala   b
    ddd5:	8a11 	popm   ar1
    ddd6:	fc00 	ret    
    ddd7:	4a11 	pshm   ar1
    ddd8:	4a16 	pshm   ar6
    ddd9:	4a17 	pshm   ar7
    ddda:	eefc 	frame  -4
    dddb:	76f8 	st     #1,*(0x3f70)
    dddc:	3f70 
    dddd:	0001 
    ddde:	7711 	stm    #1,ar1
    dddf:	0001 
    dde0:	7681 	st     #512,*ar1
    dde1:	0200 
    dde2:	7711 	stm    #0,ar1
    dde3:	0000 
    dde4:	6881 	andm   #-513,*ar1
    dde5:	fdff 
    dde6:	f6bb 	rsbx   st1,intm
    dde7:	f495 	nop    
    dde8:	71f8 	mvdk   *(0x98a),0x98c
    dde9:	098a 
    ddea:	098c 
    ddeb:	10f8 	ld     *(0x98a),a
    ddec:	098a 
    dded:	f845 	bc     0xde8a,aeq
    ddee:	de8a 
    ddef:	11f8 	ld     *(0x3f63),b
    ddf0:	3f63 
    ddf1:	e814 	ld     #20,a
    ddf2:	f5e3 	cala   b
    ddf3:	f073 	b      0xde86
    ddf4:	de86 
    ddf5:	e801 	ld     #1,a
    ddf6:	8002 	stl    a,DP+0x02
    ddf7:	7711 	stm    #0,ar1
    ddf8:	0000 
    ddf9:	6881 	andm   #-513,*ar1
    ddfa:	fdff 
    ddfb:	7717 	stm    #0,ar7
    ddfc:	0000 
    ddfd:	10f8 	ld     *(0x98d),a
    ddfe:	098d 
    ddff:	f845 	bc     0xde82,aeq
    de00:	de82 
    de01:	10f8 	ld     *(0x98b),a
    de02:	098b 
    de03:	f845 	bc     0xde32,aeq
    de04:	de32 
    de05:	7716 	stm    #1,ar6
    de06:	0001 
    de07:	7711 	stm    #0,ar1
    de08:	0000 
    de09:	10f8 	ld     *(0x98d),a
    de0a:	098d 
    de0b:	f845 	bc     0xde28,aeq
    de0c:	de28 
    de0d:	4816 	ldm    ar6,a
    de0e:	18f8 	and    *(0x98b),a
    de0f:	098b 
    de10:	f845 	bc     0xde1f,aeq
    de11:	de1f 
    de12:	12e1 	ldu    *ar1(0x98e),a
    de13:	098e 
    de14:	f475 	sfta   a,-11
    de15:	8812 	stlm   a,ar2
    de16:	f495 	nop    
    de17:	f495 	nop    
    de18:	10e2 	ld     *ar2(0x99e),a
    de19:	099e 
    de1a:	7600 	st     #1,DP+0x00
    de1b:	0001 
    de1c:	11e2 	ld     *ar2(0x3f71),b
    de1d:	3f71 
    de1e:	f5e3 	cala   b
    de1f:	4816 	ldm    ar6,a
    de20:	f0e1 	sftl   a,1
    de21:	8816 	stlm   a,ar6
    de22:	7210 	mvdm   0x98d,ar0
    de23:	098d 
    de24:	6d91 	mar    *ar1+
    de25:	f5a9 	cmpr   lt,ar1
    de26:	f830 	bc     0xde0d,tc
    de27:	de0d 
    de28:	10f8 	ld     *(0x98b),a
    de29:	098b 
    de2a:	f493 	cmpl   a
    de2b:	18f8 	and    *(0x98c),a
    de2c:	098c 
    de2d:	80f8 	stl    a,*(0x98c)
    de2e:	098c 
    de2f:	76f8 	st     #0,*(0x98b)
    de30:	098b 
    de31:	0000 
    de32:	1202 	ldu    DP+0x02,a
    de33:	18f8 	and    *(0x98c),a
    de34:	098c 
    de35:	f845 	bc     0xde79,aeq
    de36:	de79 
    de37:	13e7 	ldu    *ar7(0x98e),b
    de38:	098e 
    de39:	f675 	sfta   b,-11,a
    de3a:	8811 	stlm   a,ar1
    de3b:	f230 	and    #2047,b,a
    de3c:	07ff 
    de3d:	f010 	sub    #1,a
    de3e:	0001 
    de3f:	8816 	stlm   a,ar6
    de40:	f495 	nop    
    de41:	7710 	stm    #-1,ar0
    de42:	ffff 
    de43:	f4ae 	cmpr   eq,ar6
    de44:	f830 	bc     0xde79,tc
    de45:	de79 
    de46:	1202 	ldu    DP+0x02,a
    de47:	18f8 	and    *(0x98b),a
    de48:	098b 
    de49:	f844 	bc     0xde67,aneq
    de4a:	de67 
    de4b:	10e1 	ld     *ar1(0x99e),a
    de4c:	099e 
    de4d:	7600 	st     #0,DP+0x00
    de4e:	0000 
    de4f:	11e1 	ld     *ar1(0x3f71),b
    de50:	3f71 
    de51:	f5e3 	cala   b
    de52:	8812 	stlm   a,ar2
    de53:	f495 	nop    
    de54:	7710 	stm    #1,ar0
    de55:	0001 
    de56:	f4aa 	cmpr   eq,ar2
    de57:	f830 	bc     0xde5f,tc
    de58:	de5f 
    de59:	6d8e 	mar    *ar6-
    de5a:	6ce6 	banz   0xde46,*ar6(0x1)
    de5b:	0001 
    de5c:	de46 
    de5d:	f073 	b      0xde79
    de5e:	de79 
    de5f:	1002 	ld     DP+0x02,a
    de60:	f493 	cmpl   a
    de61:	18f8 	and    *(0x98c),a
    de62:	098c 
    de63:	80f8 	stl    a,*(0x98c)
    de64:	098c 
    de65:	f073 	b      0xde79
    de66:	de79 
    de67:	10e1 	ld     *ar1(0x99e),a
    de68:	099e 
    de69:	7600 	st     #1,DP+0x00
    de6a:	0001 
    de6b:	11e1 	ld     *ar1(0x3f71),b
    de6c:	3f71 
    de6d:	f5e3 	cala   b
    de6e:	1002 	ld     DP+0x02,a
    de6f:	f493 	cmpl   a
    de70:	f540 	ld     a,b
    de71:	19f8 	and    *(0x98c),b
    de72:	098c 
    de73:	81f8 	stl    b,*(0x98c)
    de74:	098c 
    de75:	18f8 	and    *(0x98b),a
    de76:	098b 
    de77:	80f8 	stl    a,*(0x98b)
    de78:	098b 
    de79:	1002 	ld     DP+0x02,a
    de7a:	f0e1 	sftl   a,1
    de7b:	8002 	stl    a,DP+0x02
    de7c:	7210 	mvdm   0x98d,ar0
    de7d:	098d 
    de7e:	6d97 	mar    *ar7+
    de7f:	f5af 	cmpr   lt,ar7
    de80:	f830 	bc     0xde01,tc
    de81:	de01 
    de82:	7711 	stm    #0,ar1
    de83:	0000 
    de84:	6981 	orm    #512,*ar1
    de85:	0200 
    de86:	10f8 	ld     *(0x98c),a
    de87:	098c 
    de88:	f844 	bc     0xddf5,aneq
    de89:	ddf5 
    de8a:	f7bb 	ssbx   st1,intm
    de8b:	76f8 	st     #0,*(0x3f70)
    de8c:	3f70 
    de8d:	0000 
    de8e:	ee04 	frame  4
    de8f:	8a17 	popm   ar7
    de90:	8a16 	popm   ar6
    de91:	8a11 	popm   ar1
    de92:	fc00 	ret    
    de93:	eeff 	frame  -1
    de94:	71f8 	mvdk   *(0x98a),0x98c
    de95:	098a 
    de96:	098c 
    de97:	60f8 	cmpm   *(0x3f70),#1
    de98:	3f70 
    de99:	0001 
    de9a:	f820 	bc     0xdeab,ntc
    de9b:	deab 
    de9c:	76f8 	st     #2,*(0x3f70)
    de9d:	3f70 
    de9e:	0002 
    de9f:	71f8 	mvdk   *(0x3fcf),0x3f6f
    dea0:	3fcf 
    dea1:	3f6f 
    dea2:	10f8 	ld     *(0x4c5b),a
    dea3:	4c5b 
    dea4:	f4e3 	cala   a
    dea5:	71f8 	mvdk   *(0x3f6f),0x3fcf
    dea6:	3f6f 
    dea7:	3fcf 
    dea8:	76f8 	st     #1,*(0x3f70)
    dea9:	3f70 
    deaa:	0001 
    deab:	ee01 	frame  1
    deac:	fc00 	ret    
    dead:	4a11 	pshm   ar1
    deae:	f495 	nop    
    deaf:	7102 	mvdk   DP+0x02,0x11
    deb0:	0011 
    deb1:	7710 	stm    #1,ar0
    deb2:	0001 
    deb3:	f4a9 	cmpr   eq,ar1
    deb4:	f830 	bc     0xdebe,tc
    deb5:	debe 
    deb6:	11f8 	ld     *(0x3f5e),b
    deb7:	3f5e 
    deb8:	f020 	ld     #29104,a
    deb9:	71b0 
    deba:	f5e3 	cala   b
    debb:	f640 	ld     b,a
    debc:	f073 	b      0xdec3
    debd:	dec3 
    debe:	11f8 	ld     *(0x3f5e),b
    debf:	3f5e 
    dec0:	f020 	ld     #29104,a
    dec1:	71b0 
    dec2:	f5e3 	cala   b
    dec3:	8a11 	popm   ar1
    dec4:	fc00 	ret    
    dec5:	4a11 	pshm   ar1
    dec6:	f495 	nop    
    dec7:	7102 	mvdk   DP+0x02,0x11
    dec8:	0011 
    dec9:	6ce1 	banz   0xdee4,*ar1(0xffff)
    deca:	ffff 
    decb:	dee4 
    decc:	4808 	ldm    al,a
    decd:	f47f 	sfta   a,-1
    dece:	f000 	add    #2048,a
    decf:	0800 
    ded0:	8811 	stlm   a,ar1
    ded1:	f6b8 	rsbx   st1,sxm
    ded2:	6f81 	ld     *ar1,-1,a
    ded3:	0c5f 
    ded4:	80f8 	stl    a,*(0x42a0)
    ded5:	42a0 
    ded6:	f020 	ld     #2048,a
    ded7:	0800 
    ded8:	6fe1 	add    *ar1(0x1),-1,a
    ded9:	0001 
    deda:	0c1f 
    dedb:	80f8 	stl    a,*(0x42a1)
    dedc:	42a1 
    dedd:	11f8 	ld     *(0x3f5e),b
    dede:	3f5e 
    dedf:	10f8 	ld     *(0x3f81),a
    dee0:	3f81 
    dee1:	f5e3 	cala   b
    dee2:	f073 	b      0xdeed
    dee3:	deed 
    dee4:	11f8 	ld     *(0x3f5e),b
    dee5:	3f5e 
    dee6:	10f8 	ld     *(0x3f82),a
    dee7:	3f82 
    dee8:	f5e3 	cala   b
    dee9:	10f8 	ld     *(0x42a6),a
    deea:	42a6 
    deeb:	f030 	and    #1,a
    deec:	0001 
    deed:	8a11 	popm   ar1
    deee:	fc00 	ret    
    deef:	4a11 	pshm   ar1
    def0:	f495 	nop    
    def1:	7102 	mvdk   DP+0x02,0x11
    def2:	0011 
    def3:	6ce1 	banz   0xdf1a,*ar1(0xffff)
    def4:	ffff 
    def5:	df1a 
    def6:	4808 	ldm    al,a
    def7:	f47f 	sfta   a,-1
    def8:	f000 	add    #2048,a
    def9:	0800 
    defa:	8811 	stlm   a,ar1
    defb:	f6b8 	rsbx   st1,sxm
    defc:	6f81 	ld     *ar1,-1,a
    defd:	0c5f 
    defe:	80f8 	stl    a,*(0x42a2)
    deff:	42a2 
    df00:	6fe1 	ld     *ar1(0x2),-1,a
    df01:	0002 
    df02:	0c5f 
    df03:	80f8 	stl    a,*(0x42a4)
    df04:	42a4 
    df05:	f020 	ld     #2048,a
    df06:	0800 
    df07:	6fe1 	add    *ar1(0x1),-1,a
    df08:	0001 
    df09:	0c1f 
    df0a:	80f8 	stl    a,*(0x42a3)
    df0b:	42a3 
    df0c:	f020 	ld     #2048,a
    df0d:	0800 
    df0e:	6fe1 	add    *ar1(0x3),-1,a
    df0f:	0003 
    df10:	0c1f 
    df11:	80f8 	stl    a,*(0x42a5)
    df12:	42a5 
    df13:	11f8 	ld     *(0x3f5e),b
    df14:	3f5e 
    df15:	10f8 	ld     *(0x3f83),a
    df16:	3f83 
    df17:	f5e3 	cala   b
    df18:	f073 	b      0xdf24
    df19:	df24 
    df1a:	11f8 	ld     *(0x3f5e),b
    df1b:	3f5e 
    df1c:	10f8 	ld     *(0x3f84),a
    df1d:	3f84 
    df1e:	f5e3 	cala   b
    df1f:	12f8 	ldu    *(0x42a6),a
    df20:	42a6 
    df21:	f478 	sfta   a,-8
    df22:	f030 	and    #1,a
    df23:	0001 
    df24:	8a11 	popm   ar1
    df25:	fc00 	ret    
    df26:	4a11 	pshm   ar1
    df27:	f495 	nop    
    df28:	7102 	mvdk   DP+0x02,0x11
    df29:	0011 
    df2a:	6ce1 	banz   0xdf2f,*ar1(0xffff)
    df2b:	ffff 
    df2c:	df2f 
    df2d:	f073 	b      0xdf3c
    df2e:	df3c 
    df2f:	11f8 	ld     *(0x3f5e),b
    df30:	3f5e 
    df31:	10f8 	ld     *(0x3f88),a
    df32:	3f88 
    df33:	f5e3 	cala   b
    df34:	e880 	ld     #128,a
    df35:	1cf8 	xor    *(0x909),a
    df36:	0909 
    df37:	f495 	nop    
    df38:	4808 	ldm    al,a
    df39:	f479 	sfta   a,-7
    df3a:	f030 	and    #1,a
    df3b:	0001 
    df3c:	8a11 	popm   ar1
    df3d:	fc00 	ret    
    df3e:	4a11 	pshm   ar1
    df3f:	f495 	nop    
    df40:	7102 	mvdk   DP+0x02,0x11
    df41:	0011 
    df42:	6ce1 	banz   0xdf47,*ar1(0xffff)
    df43:	ffff 
    df44:	df47 
    df45:	f073 	b      0xdf55
    df46:	df55 
    df47:	11f8 	ld     *(0x3f5e),b
    df48:	3f5e 
    df49:	10f8 	ld     *(0x3f89),a
    df4a:	3f89 
    df4b:	f5e3 	cala   b
    df4c:	f020 	ld     #256,a
    df4d:	0100 
    df4e:	1cf8 	xor    *(0x909),a
    df4f:	0909 
    df50:	f495 	nop    
    df51:	4808 	ldm    al,a
    df52:	f478 	sfta   a,-8
    df53:	f030 	and    #1,a
    df54:	0001 
    df55:	8a11 	popm   ar1
    df56:	fc00 	ret    
    df57:	f074 	call   0xdf5a
    df58:	df5a 
    df59:	f4e4 	fret   
    df5a:	f020 	ld     #21845,a
    df5b:	5555 
    df5c:	4a08 	pshm   al
    df5d:	4a08 	pshm   al
    df5e:	4a08 	pshm   al
    df5f:	4a08 	pshm   al
    df60:	4a08 	pshm   al
    df61:	4a08 	pshm   al
    df62:	4a08 	pshm   al
    df63:	4a08 	pshm   al
    df64:	4a08 	pshm   al
    df65:	4a08 	pshm   al
    df66:	76f8 	st     #25,*(0x3fa3)
    df67:	3fa3 
    df68:	0019 
    df69:	f6be 	rsbx   st1,cpl
    df6a:	ea00 	ld     #0,dp
    df6b:	f6b9 	rsbx   st1,ovm
    df6c:	f7b8 	ssbx   st1,sxm
    df6d:	f6b7 	rsbx   st1,c16
    df6e:	f6b6 	rsbx   st1,frct
    df6f:	ed00 	ld     #0,asm
    df70:	7709 	stm    #1,ah
    df71:	0001 
    df72:	770a 	stm    #2,ag
    df73:	0002 
    df74:	770b 	stm    #3,bl
    df75:	0003 
    df76:	770c 	stm    #4,bh
    df77:	0004 
    df78:	770d 	stm    #5,bg
    df79:	0005 
    df7a:	770e 	stm    #6,t
    df7b:	0006 
    df7c:	770f 	stm    #7,trn
    df7d:	0007 
    df7e:	7710 	stm    #8,ar0
    df7f:	0008 
    df80:	7711 	stm    #9,ar1
    df81:	0009 
    df82:	7712 	stm    #10,ar2
    df83:	000a 
    df84:	7713 	stm    #11,ar3
    df85:	000b 
    df86:	7714 	stm    #12,ar4
    df87:	000c 
    df88:	7715 	stm    #13,ar5
    df89:	000d 
    df8a:	7716 	stm    #14,ar6
    df8b:	000e 
    df8c:	771a 	stm    #332,brc
    df8d:	014c 
    df8e:	7708 	stm    #0,al
    df8f:	0000 
    df90:	f072 	rptb   0xdfb1
    df91:	dfb1 
    df92:	f7be 	ssbx   st1,cpl
    df93:	7717 	stm    #9,ar7
    df94:	0009 
    df95:	0097 	add    *ar7+,a
    df96:	0097 	add    *ar7+,a
    df97:	0097 	add    *ar7+,a
    df98:	0097 	add    *ar7+,a
    df99:	0097 	add    *ar7+,a
    df9a:	0097 	add    *ar7+,a
    df9b:	0097 	add    *ar7+,a
    df9c:	0097 	add    *ar7+,a
    df9d:	0097 	add    *ar7+,a
    df9e:	0097 	add    *ar7+,a
    df9f:	f6be 	rsbx   st1,cpl
    dfa0:	0097 	add    *ar7+,a
    dfa1:	0097 	add    *ar7+,a
    dfa2:	0097 	add    *ar7+,a
    dfa3:	0097 	add    *ar7+,a
    dfa4:	f010 	sub    #105,a
    dfa5:	0069 
    dfa6:	60f8 	cmpm   *(0x8),#0
    dfa7:	0008 
    dfa8:	0000 
    dfa9:	f830 	bc     0xdfad,tc
    dfaa:	dfad 
    dfab:	f6bf 	rsbx   st1,braf
    dfac:	e901 	ld     #1,b
    dfad:	f495 	nop    
    dfae:	f495 	nop    
    dfaf:	f495 	nop    
    dfb0:	f495 	nop    
    dfb1:	f495 	nop    
    dfb2:	6bf8 	addm   #-1,*(0x3fa3)
    dfb3:	3fa3 
    dfb4:	ffff 
    dfb5:	10f8 	ld     *(0x3fa3),a
    dfb6:	3fa3 
    dfb7:	f844 	bc     0xdf70,aneq
    dfb8:	df70 
    dfb9:	e901 	ld     #1,b
    dfba:	ee0a 	frame  10
    dfbb:	fc00 	ret    
    dfbc:	eeff 	frame  -1
    dfbd:	61f8 	bitf   *(0x908),#19
    dfbe:	0908 
    dfbf:	0013 
    dfc0:	f820 	bc     0xdfcd,ntc
    dfc1:	dfcd 
    dfc2:	61f8 	bitf   *(0x909),#11
    dfc3:	0909 
    dfc4:	000b 
    dfc5:	f830 	bc     0xdfcd,tc
    dfc6:	dfcd 
    dfc7:	76f8 	st     #3,*(0x3fba)
    dfc8:	3fba 
    dfc9:	0003 
    dfca:	10f8 	ld     *(0x4c58),a
    dfcb:	4c58 
    dfcc:	f4e3 	cala   a
    dfcd:	61f8 	bitf   *(0x908),#900
    dfce:	0908 
    dfcf:	0384 
    dfd0:	f820 	bc     0xdfdd,ntc
    dfd1:	dfdd 
    dfd2:	61f8 	bitf   *(0x909),#116
    dfd3:	0909 
    dfd4:	0074 
    dfd5:	f830 	bc     0xdfdd,tc
    dfd6:	dfdd 
    dfd7:	76f8 	st     #2,*(0x3fb9)
    dfd8:	3fb9 
    dfd9:	0002 
    dfda:	10f8 	ld     *(0x4c57),a
    dfdb:	4c57 
    dfdc:	f4e3 	cala   a
    dfdd:	61f8 	bitf   *(0x908),#1
    dfde:	0908 
    dfdf:	0001 
    dfe0:	f820 	bc     0xdfeb,ntc
    dfe1:	dfeb 
    dfe2:	69f8 	orm    #2048,*(0x3fbf)
    dfe3:	3fbf 
    dfe4:	0800 
    dfe5:	69f8 	orm    #1,*(0x909)
    dfe6:	0909 
    dfe7:	0001 
    dfe8:	68f8 	andm   #-2,*(0x908)
    dfe9:	0908 
    dfea:	fffe 
    dfeb:	61f8 	bitf   *(0x908),#2
    dfec:	0908 
    dfed:	0002 
    dfee:	f820 	bc     0xdff9,ntc
    dfef:	dff9 
    dff0:	69f8 	orm    #8192,*(0x3fbf)
    dff1:	3fbf 
    dff2:	2000 
    dff3:	69f8 	orm    #2,*(0x909)
    dff4:	0909 
    dff5:	0002 
    dff6:	68f8 	andm   #-3,*(0x908)
    dff7:	0908 
    dff8:	fffd 
    dff9:	61f8 	bitf   *(0x908),#16
    dffa:	0908 
    dffb:	0010 
    dffc:	f820 	bc     0xe007,ntc
    dffd:	e007 
    dffe:	orm    
