This file contains any messages produced by compilers while
running configure, to aid debugging if configure makes a mistake.

It was created by configure, which was
generated by GNU Autoconf 2.64.  Invocation command line was

  $ /opt/GSM/c54x_exe/binutils-2.21.1/libiberty/configure --cache-file=./config.cache --with-system-zlib --disable-werror --disable-nls --disable-gdb --disable-gas --disable-ld --disable-gold --disable-gprof --disable-sim --program-transform-name=s&^&tic54x-coff-& --disable-option-checking --build=x86_64-unknown-linux-gnu --host=x86_64-unknown-linux-gnu --target=tic54x-coff --srcdir=../../binutils-2.21.1/libiberty

## --------- ##
## Platform. ##
## --------- ##

hostname = legion
uname -m = x86_64
uname -r = 6.8.0-146-generic
uname -s = Linux
uname -v = #146-Ubuntu SMP PREEMPT_DYNAMIC Thu Sep  3 16:12:30 UTC 2026

/usr/bin/uname -p = x86_64
/bin/uname -X     = unknown

/bin/arch              = x86_64
/usr/bin/arch -k       = unknown
/usr/convex/getsysinfo = unknown
/usr/bin/hostinfo      = unknown
/bin/machine           = unknown
/usr/bin/oslevel       = unknown
/bin/universe          = unknown

PATH: /root/.local/bin
PATH: /root/.env/bin
PATH: /usr/local/sbin
PATH: /usr/local/bin
PATH: /usr/bin
PATH: /bin
PATH: /usr/sbin
PATH: /sbin


## ----------- ##
## Core tests. ##
## ----------- ##

configure:2223: creating cache ./config.cache
configure:2374: checking whether to enable maintainer-specific portions of Makefiles
configure:2384: result: no
configure:2399: checking for makeinfo
configure:2426: result: true
configure:2466: checking for perl
configure:2482: found /usr/bin/perl
configure:2493: result: perl
configure:2512: checking build system type
configure:2526: result: x86_64-unknown-linux-gnu
configure:2546: checking host system type
configure:2559: result: x86_64-unknown-linux-gnu
configure:2584: checking for x86_64-unknown-linux-gnu-ar
configure:2611: result: ar
configure:2676: checking for x86_64-unknown-linux-gnu-ranlib
configure:2703: result: ranlib
configure:2796: checking for x86_64-unknown-linux-gnu-gcc
configure:2823: result: gcc
configure:3092: checking for C compiler version
configure:3101: gcc --version >&5
gcc (Ubuntu 13.3.0-6ubuntu2~24.04.1) 13.3.0
Copyright (C) 2023 Free Software Foundation, Inc.
This is free software; see the source for copying conditions.  There is NO
warranty; not even for MERCHANTABILITY or FITNESS FOR A PARTICULAR PURPOSE.

configure:3112: $? = 0
configure:3101: gcc -v >&5
Using built-in specs.
COLLECT_GCC=gcc
COLLECT_LTO_WRAPPER=/usr/libexec/gcc/x86_64-linux-gnu/13/lto-wrapper
OFFLOAD_TARGET_NAMES=nvptx-none:amdgcn-amdhsa
OFFLOAD_TARGET_DEFAULT=1
Target: x86_64-linux-gnu
Configured with: ../src/configure -v --with-pkgversion='Ubuntu 13.3.0-6ubuntu2~24.04.1' --with-bugurl=file:///usr/share/doc/gcc-13/README.Bugs --enable-languages=c,ada,c++,go,d,fortran,objc,obj-c++,m2 --prefix=/usr --with-gcc-major-version-only --program-suffix=-13 --program-prefix=x86_64-linux-gnu- --enable-shared --enable-linker-build-id --libexecdir=/usr/libexec --without-included-gettext --enable-threads=posix --libdir=/usr/lib --enable-nls --enable-bootstrap --enable-clocale=gnu --enable-libstdcxx-debug --enable-libstdcxx-time=yes --with-default-libstdcxx-abi=new --enable-libstdcxx-backtrace --enable-gnu-unique-object --disable-vtable-verify --enable-plugin --enable-default-pie --with-system-zlib --enable-libphobos-checking=release --with-target-system-zlib=auto --enable-objc-gc=auto --enable-multiarch --disable-werror --enable-cet --with-arch-32=i686 --with-abi=m64 --with-multilib-list=m32,m64,mx32 --enable-multilib --with-tune=generic --enable-offload-targets=nvptx-none=/build/gcc-13-EldibY/gcc-13-13.3.0/debian/tmp-nvptx/usr,amdgcn-amdhsa=/build/gcc-13-EldibY/gcc-13-13.3.0/debian/tmp-gcn/usr --enable-offload-defaulted --without-cuda-driver --enable-checking=release --build=x86_64-linux-gnu --host=x86_64-linux-gnu --target=x86_64-linux-gnu --with-build-config=bootstrap-lto-lean --enable-link-serialization=2
Thread model: posix
Supported LTO compression algorithms: zlib zstd
gcc version 13.3.0 (Ubuntu 13.3.0-6ubuntu2~24.04.1) 
... rest of stderr output deleted ...
configure:3112: $? = 0
configure:3101: gcc -V >&5
gcc: error: unrecognized command-line option '-V'
gcc: fatal error: no input files
compilation terminated.
configure:3112: $? = 1
configure:3101: gcc -qversion >&5
gcc: error: unrecognized command-line option '-qversion'; did you mean '--version'?
gcc: fatal error: no input files
compilation terminated.
configure:3112: $? = 1
configure:3128: gcc -o conftest -O1 -w -std=gnu89    conftest.c  >&5
configure:3131: $? = 0
configure:3160: checking for C compiler default output file name
configure:3182: gcc -O1 -w -std=gnu89    conftest.c  >&5
configure:3186: $? = 0
configure:3223: result: a.out
configure:3239: checking whether the C compiler works
configure:3248: ./a.out
configure:3252: $? = 0
configure:3267: result: yes
configure:3274: checking whether we are cross compiling
configure:3276: result: no
configure:3279: checking for suffix of executables
configure:3286: gcc -o conftest -O1 -w -std=gnu89    conftest.c  >&5
configure:3290: $? = 0
configure:3312: result: 
configure:3319: checking for suffix of object files
configure:3341: gcc -c -O1 -w -std=gnu89  conftest.c >&5
configure:3345: $? = 0
configure:3366: result: o
configure:3370: checking whether we are using the GNU C compiler
configure:3389: gcc -c -O1 -w -std=gnu89  conftest.c >&5
configure:3389: $? = 0
configure:3398: result: yes
configure:3407: checking whether gcc accepts -g
configure:3427: gcc -c -g  conftest.c >&5
configure:3427: $? = 0
configure:3468: result: yes
configure:3485: checking for gcc option to accept ISO C89
configure:3549: gcc  -c -O1 -w -std=gnu89  conftest.c >&5
configure:3549: $? = 0
configure:3562: result: none needed
configure:3590: checking for special C compiler options needed for large files
configure:3635: result: no
configure:3641: checking for _FILE_OFFSET_BITS value needed for large files
configure:3666: gcc -c -O1 -w -std=gnu89  conftest.c >&5
configure:3666: $? = 0
configure:3698: result: no
configure:3786: checking how to run the C preprocessor
configure:3817: gcc -E  conftest.c
configure:3817: $? = 0
configure:3831: gcc -E  conftest.c
conftest.c:9:10: fatal error: ac_nonexistent.h: No such file or directory
    9 | #include <ac_nonexistent.h>
      |          ^~~~~~~~~~~~~~~~~~
compilation terminated.
configure:3831: $? = 1
configure: failed program was:
| /* confdefs.h */
| #define PACKAGE_NAME ""
| #define PACKAGE_TARNAME ""
| #define PACKAGE_VERSION ""
| #define PACKAGE_STRING ""
| #define PACKAGE_BUGREPORT ""
| #define PACKAGE_URL ""
| /* end confdefs.h.  */
| #include <ac_nonexistent.h>
configure:3856: result: gcc -E
configure:3876: gcc -E  conftest.c
configure:3876: $? = 0
configure:3890: gcc -E  conftest.c
conftest.c:9:10: fatal error: ac_nonexistent.h: No such file or directory
    9 | #include <ac_nonexistent.h>
      |          ^~~~~~~~~~~~~~~~~~
compilation terminated.
configure:3890: $? = 1
configure: failed program was:
| /* confdefs.h */
| #define PACKAGE_NAME ""
| #define PACKAGE_TARNAME ""
| #define PACKAGE_VERSION ""
| #define PACKAGE_STRING ""
| #define PACKAGE_BUGREPORT ""
| #define PACKAGE_URL ""
| /* end confdefs.h.  */
| #include <ac_nonexistent.h>
configure:3927: checking whether gcc supports -W
configure:3944: gcc -c -W  conftest.c >&5
configure:3944: $? = 0
configure:3953: result: yes
configure:3927: checking whether gcc supports -Wall
configure:3944: gcc -c -Wall  conftest.c >&5
configure:3944: $? = 0
configure:3953: result: yes
configure:3927: checking whether gcc supports -Wwrite-strings
configure:3944: gcc -c -Wwrite-strings  conftest.c >&5
configure:3944: $? = 0
configure:3953: result: yes
configure:3927: checking whether gcc supports -Wc++-compat
configure:3944: gcc -c -Wc++-compat  conftest.c >&5
configure:3944: $? = 0
configure:3953: result: yes
configure:3927: checking whether gcc supports -Wstrict-prototypes
configure:3944: gcc -c -Wstrict-prototypes  conftest.c >&5
conftest.c:11:1: warning: function declaration isn't a prototype [-Wstrict-prototypes]
   11 | main ()
      | ^~~~
configure:3944: $? = 0
configure:3953: result: yes
configure:3962: checking whether gcc supports -pedantic 
configure:3980: gcc -c -pedantic   conftest.c >&5
configure:3980: $? = 0
configure:3988: result: yes
configure:3998: checking whether gcc and cc understand -c and -o together
configure:4029: gcc -c conftest.c -o conftest2.o >&5
configure:4033: $? = 0
configure:4039: gcc -c conftest.c -o conftest2.o >&5
configure:4043: $? = 0
configure:4054: cc -c conftest.c >&5
configure:4058: $? = 0
configure:4066: cc -c conftest.c -o conftest2.o >&5
configure:4070: $? = 0
configure:4076: cc -c conftest.c -o conftest2.o >&5
configure:4080: $? = 0
configure:4098: result: yes
configure:4117: checking for an ANSI C-conforming const
configure:4182: gcc -c -O1 -w -std=gnu89  conftest.c >&5
configure:4182: $? = 0
configure:4189: result: yes
configure:4197: checking for inline
configure:4213: gcc -c -O1 -w -std=gnu89  conftest.c >&5
configure:4213: $? = 0
configure:4221: result: inline
configure:4240: checking for grep that handles long lines and -e
configure:4298: result: /usr/bin/grep
configure:4303: checking for egrep
configure:4365: result: /usr/bin/grep -E
configure:4370: checking for ANSI C header files
configure:4390: gcc -c -O1 -w -std=gnu89  conftest.c >&5
configure:4390: $? = 0
configure:4463: gcc -o conftest -O1 -w -std=gnu89    conftest.c  >&5
configure:4463: $? = 0
configure:4463: ./conftest
configure:4463: $? = 0
configure:4474: result: yes
configure:4487: checking for sys/types.h
configure:4487: gcc -E  conftest.c
configure:4487: $? = 0
configure:4487: result: yes
configure:4487: checking for sys/stat.h
configure:4487: gcc -E  conftest.c
configure:4487: $? = 0
configure:4487: result: yes
configure:4487: checking for stdlib.h
configure:4487: gcc -E  conftest.c
configure:4487: $? = 0
configure:4487: result: yes
configure:4487: checking for string.h
configure:4487: gcc -E  conftest.c
configure:4487: $? = 0
configure:4487: result: yes
configure:4487: checking for memory.h
configure:4487: gcc -E  conftest.c
configure:4487: $? = 0
configure:4487: result: yes
configure:4487: checking for strings.h
configure:4487: gcc -E  conftest.c
configure:4487: $? = 0
configure:4487: result: yes
configure:4487: checking for inttypes.h
configure:4487: gcc -E  conftest.c
configure:4487: $? = 0
configure:4487: result: yes
configure:4487: checking for stdint.h
configure:4487: gcc -E  conftest.c
configure:4487: $? = 0
configure:4487: result: yes
configure:4487: checking for unistd.h
configure:4487: gcc -E  conftest.c
configure:4487: $? = 0
configure:4487: result: yes
configure:4498: checking whether byte ordering is bigendian
configure:4513: gcc -c -O1 -w -std=gnu89  conftest.c >&5
conftest.c:20:16: error: unknown type name 'not'
   20 |                not a universal capable compiler
      |                ^~~
conftest.c:20:22: error: expected '=', ',', ';', 'asm' or '__attribute__' before 'universal'
   20 |                not a universal capable compiler
      |                      ^~~~~~~~~
conftest.c:20:22: error: unknown type name 'universal'
configure:4513: $? = 1
configure: failed program was:
| /* confdefs.h */
| #define PACKAGE_NAME ""
| #define PACKAGE_TARNAME ""
| #define PACKAGE_VERSION ""
| #define PACKAGE_STRING ""
| #define PACKAGE_BUGREPORT ""
| #define PACKAGE_URL ""
| #define STDC_HEADERS 1
| #define HAVE_SYS_TYPES_H 1
| #define HAVE_SYS_STAT_H 1
| #define HAVE_STDLIB_H 1
| #define HAVE_STRING_H 1
| #define HAVE_MEMORY_H 1
| #define HAVE_STRINGS_H 1
| #define HAVE_INTTYPES_H 1
| #define HAVE_STDINT_H 1
| #define HAVE_UNISTD_H 1
| /* end confdefs.h.  */
| #ifndef __APPLE_CC__
| 	       not a universal capable compiler
| 	     #endif
| 	     typedef int dummy;
| 
configure:4558: gcc -c -O1 -w -std=gnu89  conftest.c >&5
configure:4558: $? = 0
configure:4576: gcc -c -O1 -w -std=gnu89  conftest.c >&5
conftest.c: In function 'main':
conftest.c:26:18: error: unknown type name 'not'; did you mean 'ino_t'?
   26 |                  not big endian
      |                  ^~~
      |                  ino_t
conftest.c:26:26: error: expected '=', ',', ';', 'asm' or '__attribute__' before 'endian'
   26 |                  not big endian
      |                          ^~~~~~
configure:4576: $? = 1
configure: failed program was:
| /* confdefs.h */
| #define PACKAGE_NAME ""
| #define PACKAGE_TARNAME ""
| #define PACKAGE_VERSION ""
| #define PACKAGE_STRING ""
| #define PACKAGE_BUGREPORT ""
| #define PACKAGE_URL ""
| #define STDC_HEADERS 1
| #define HAVE_SYS_TYPES_H 1
| #define HAVE_SYS_STAT_H 1
| #define HAVE_STDLIB_H 1
| #define HAVE_STRING_H 1
| #define HAVE_MEMORY_H 1
| #define HAVE_STRINGS_H 1
| #define HAVE_INTTYPES_H 1
| #define HAVE_STDINT_H 1
| #define HAVE_UNISTD_H 1
| /* end confdefs.h.  */
| #include <sys/types.h>
| 		#include <sys/param.h>
| 
| int
| main ()
| {
| #if BYTE_ORDER != BIG_ENDIAN
| 		 not big endian
| 		#endif
| 
|   ;
|   return 0;
| }
configure:4704: result: no
configure:4743: checking for a BSD-compatible install
configure:4811: result: /usr/bin/install -c
configure:4901: checking for sys/file.h
configure:4901: gcc -E  conftest.c
configure:4901: $? = 0
configure:4901: result: yes
configure:4901: checking for sys/param.h
configure:4901: gcc -E  conftest.c
configure:4901: $? = 0
configure:4901: result: yes
configure:4901: checking for limits.h
configure:4901: gcc -E  conftest.c
configure:4901: $? = 0
configure:4901: result: yes
configure:4901: checking for stdlib.h
configure:4901: result: yes
configure:4901: checking for malloc.h
configure:4901: gcc -E  conftest.c
configure:4901: $? = 0
configure:4901: result: yes
configure:4901: checking for string.h
configure:4901: result: yes
configure:4901: checking for unistd.h
configure:4901: result: yes
configure:4901: checking for strings.h
configure:4901: result: yes
configure:4901: checking for sys/time.h
configure:4901: gcc -E  conftest.c
configure:4901: $? = 0
configure:4901: result: yes
configure:4901: checking for time.h
configure:4901: gcc -E  conftest.c
configure:4901: $? = 0
configure:4901: result: yes
configure:4901: checking for sys/resource.h
configure:4901: gcc -E  conftest.c
configure:4901: $? = 0
configure:4901: result: yes
configure:4901: checking for sys/stat.h
configure:4901: result: yes
configure:4901: checking for sys/mman.h
configure:4901: gcc -E  conftest.c
configure:4901: $? = 0
configure:4901: result: yes
configure:4901: checking for fcntl.h
configure:4901: gcc -E  conftest.c
configure:4901: $? = 0
configure:4901: result: yes
configure:4901: checking for alloca.h
configure:4901: gcc -E  conftest.c
configure:4901: $? = 0
configure:4901: result: yes
configure:4901: checking for sys/pstat.h
configure:4901: gcc -E  conftest.c
conftest.c:34:10: fatal error: sys/pstat.h: No such file or directory
   34 | #include <sys/pstat.h>
      |          ^~~~~~~~~~~~~
compilation terminated.
configure:4901: $? = 1
configure: failed program was:
| /* confdefs.h */
| #define PACKAGE_NAME ""
| #define PACKAGE_TARNAME ""
| #define PACKAGE_VERSION ""
| #define PACKAGE_STRING ""
| #define PACKAGE_BUGREPORT ""
| #define PACKAGE_URL ""
| #define STDC_HEADERS 1
| #define HAVE_SYS_TYPES_H 1
| #define HAVE_SYS_STAT_H 1
| #define HAVE_STDLIB_H 1
| #define HAVE_STRING_H 1
| #define HAVE_MEMORY_H 1
| #define HAVE_STRINGS_H 1
| #define HAVE_INTTYPES_H 1
| #define HAVE_STDINT_H 1
| #define HAVE_UNISTD_H 1
| #define HAVE_SYS_FILE_H 1
| #define HAVE_SYS_PARAM_H 1
| #define HAVE_LIMITS_H 1
| #define HAVE_STDLIB_H 1
| #define HAVE_MALLOC_H 1
| #define HAVE_STRING_H 1
| #define HAVE_UNISTD_H 1
| #define HAVE_STRINGS_H 1
| #define HAVE_SYS_TIME_H 1
| #define HAVE_TIME_H 1
| #define HAVE_SYS_RESOURCE_H 1
| #define HAVE_SYS_STAT_H 1
| #define HAVE_SYS_MMAN_H 1
| #define HAVE_FCNTL_H 1
| #define HAVE_ALLOCA_H 1
| /* end confdefs.h.  */
| #include <sys/pstat.h>
configure:4901: result: no
configure:4901: checking for sys/sysmp.h
configure:4901: gcc -E  conftest.c
conftest.c:34:10: fatal error: sys/sysmp.h: No such file or directory
   34 | #include <sys/sysmp.h>
      |          ^~~~~~~~~~~~~
compilation terminated.
configure:4901: $? = 1
configure: failed program was:
| /* confdefs.h */
| #define PACKAGE_NAME ""
| #define PACKAGE_TARNAME ""
| #define PACKAGE_VERSION ""
| #define PACKAGE_STRING ""
| #define PACKAGE_BUGREPORT ""
| #define PACKAGE_URL ""
| #define STDC_HEADERS 1
| #define HAVE_SYS_TYPES_H 1
| #define HAVE_SYS_STAT_H 1
| #define HAVE_STDLIB_H 1
| #define HAVE_STRING_H 1
| #define HAVE_MEMORY_H 1
| #define HAVE_STRINGS_H 1
| #define HAVE_INTTYPES_H 1
| #define HAVE_STDINT_H 1
| #define HAVE_UNISTD_H 1
| #define HAVE_SYS_FILE_H 1
| #define HAVE_SYS_PARAM_H 1
| #define HAVE_LIMITS_H 1
| #define HAVE_STDLIB_H 1
| #define HAVE_MALLOC_H 1
| #define HAVE_STRING_H 1
| #define HAVE_UNISTD_H 1
| #define HAVE_STRINGS_H 1
| #define HAVE_SYS_TIME_H 1
| #define HAVE_TIME_H 1
| #define HAVE_SYS_RESOURCE_H 1
| #define HAVE_SYS_STAT_H 1
| #define HAVE_SYS_MMAN_H 1
| #define HAVE_FCNTL_H 1
| #define HAVE_ALLOCA_H 1
| /* end confdefs.h.  */
| #include <sys/sysmp.h>
configure:4901: result: no
configure:4901: checking for sys/sysinfo.h
configure:4901: gcc -E  conftest.c
configure:4901: $? = 0
configure:4901: result: yes
configure:4901: checking for machine/hal_sysinfo.h
configure:4901: gcc -E  conftest.c
conftest.c:35:10: fatal error: machine/hal_sysinfo.h: No such file or directory
   35 | #include <machine/hal_sysinfo.h>
      |          ^~~~~~~~~~~~~~~~~~~~~~~
compilation terminated.
configure:4901: $? = 1
configure: failed program was:
| /* confdefs.h */
| #define PACKAGE_NAME ""
| #define PACKAGE_TARNAME ""
| #define PACKAGE_VERSION ""
| #define PACKAGE_STRING ""
| #define PACKAGE_BUGREPORT ""
| #define PACKAGE_URL ""
| #define STDC_HEADERS 1
| #define HAVE_SYS_TYPES_H 1
| #define HAVE_SYS_STAT_H 1
| #define HAVE_STDLIB_H 1
| #define HAVE_STRING_H 1
| #define HAVE_MEMORY_H 1
| #define HAVE_STRINGS_H 1
| #define HAVE_INTTYPES_H 1
| #define HAVE_STDINT_H 1
| #define HAVE_UNISTD_H 1
| #define HAVE_SYS_FILE_H 1
| #define HAVE_SYS_PARAM_H 1
| #define HAVE_LIMITS_H 1
| #define HAVE_STDLIB_H 1
| #define HAVE_MALLOC_H 1
| #define HAVE_STRING_H 1
| #define HAVE_UNISTD_H 1
| #define HAVE_STRINGS_H 1
| #define HAVE_SYS_TIME_H 1
| #define HAVE_TIME_H 1
| #define HAVE_SYS_RESOURCE_H 1
| #define HAVE_SYS_STAT_H 1
| #define HAVE_SYS_MMAN_H 1
| #define HAVE_FCNTL_H 1
| #define HAVE_ALLOCA_H 1
| #define HAVE_SYS_SYSINFO_H 1
| /* end confdefs.h.  */
| #include <machine/hal_sysinfo.h>
configure:4901: result: no
configure:4901: checking for sys/table.h
configure:4901: gcc -E  conftest.c
conftest.c:35:10: fatal error: sys/table.h: No such file or directory
   35 | #include <sys/table.h>
      |          ^~~~~~~~~~~~~
compilation terminated.
configure:4901: $? = 1
configure: failed program was:
| /* confdefs.h */
| #define PACKAGE_NAME ""
| #define PACKAGE_TARNAME ""
| #define PACKAGE_VERSION ""
| #define PACKAGE_STRING ""
| #define PACKAGE_BUGREPORT ""
| #define PACKAGE_URL ""
| #define STDC_HEADERS 1
| #define HAVE_SYS_TYPES_H 1
| #define HAVE_SYS_STAT_H 1
| #define HAVE_STDLIB_H 1
| #define HAVE_STRING_H 1
| #define HAVE_MEMORY_H 1
| #define HAVE_STRINGS_H 1
| #define HAVE_INTTYPES_H 1
| #define HAVE_STDINT_H 1
| #define HAVE_UNISTD_H 1
| #define HAVE_SYS_FILE_H 1
| #define HAVE_SYS_PARAM_H 1
| #define HAVE_LIMITS_H 1
| #define HAVE_STDLIB_H 1
| #define HAVE_MALLOC_H 1
| #define HAVE_STRING_H 1
| #define HAVE_UNISTD_H 1
| #define HAVE_STRINGS_H 1
| #define HAVE_SYS_TIME_H 1
| #define HAVE_TIME_H 1
| #define HAVE_SYS_RESOURCE_H 1
| #define HAVE_SYS_STAT_H 1
| #define HAVE_SYS_MMAN_H 1
| #define HAVE_FCNTL_H 1
| #define HAVE_ALLOCA_H 1
| #define HAVE_SYS_SYSINFO_H 1
| /* end confdefs.h.  */
| #include <sys/table.h>
configure:4901: result: no
configure:4901: checking for sys/sysctl.h
configure:4901: gcc -E  conftest.c
conftest.c:35:10: fatal error: sys/sysctl.h: No such file or directory
   35 | #include <sys/sysctl.h>
      |          ^~~~~~~~~~~~~~
compilation terminated.
configure:4901: $? = 1
configure: failed program was:
| /* confdefs.h */
| #define PACKAGE_NAME ""
| #define PACKAGE_TARNAME ""
| #define PACKAGE_VERSION ""
| #define PACKAGE_STRING ""
| #define PACKAGE_BUGREPORT ""
| #define PACKAGE_URL ""
| #define STDC_HEADERS 1
| #define HAVE_SYS_TYPES_H 1
| #define HAVE_SYS_STAT_H 1
| #define HAVE_STDLIB_H 1
| #define HAVE_STRING_H 1
| #define HAVE_MEMORY_H 1
| #define HAVE_STRINGS_H 1
| #define HAVE_INTTYPES_H 1
| #define HAVE_STDINT_H 1
| #define HAVE_UNISTD_H 1
| #define HAVE_SYS_FILE_H 1
| #define HAVE_SYS_PARAM_H 1
| #define HAVE_LIMITS_H 1
| #define HAVE_STDLIB_H 1
| #define HAVE_MALLOC_H 1
| #define HAVE_STRING_H 1
| #define HAVE_UNISTD_H 1
| #define HAVE_STRINGS_H 1
| #define HAVE_SYS_TIME_H 1
| #define HAVE_TIME_H 1
| #define HAVE_SYS_RESOURCE_H 1
| #define HAVE_SYS_STAT_H 1
| #define HAVE_SYS_MMAN_H 1
| #define HAVE_FCNTL_H 1
| #define HAVE_ALLOCA_H 1
| #define HAVE_SYS_SYSINFO_H 1
| /* end confdefs.h.  */
| #include <sys/sysctl.h>
configure:4901: result: no
configure:4901: checking for sys/systemcfg.h
configure:4901: gcc -E  conftest.c
conftest.c:35:10: fatal error: sys/systemcfg.h: No such file or directory
   35 | #include <sys/systemcfg.h>
      |          ^~~~~~~~~~~~~~~~~
compilation terminated.
configure:4901: $? = 1
configure: failed program was:
| /* confdefs.h */
| #define PACKAGE_NAME ""
| #define PACKAGE_TARNAME ""
| #define PACKAGE_VERSION ""
| #define PACKAGE_STRING ""
| #define PACKAGE_BUGREPORT ""
| #define PACKAGE_URL ""
| #define STDC_HEADERS 1
| #define HAVE_SYS_TYPES_H 1
| #define HAVE_SYS_STAT_H 1
| #define HAVE_STDLIB_H 1
| #define HAVE_STRING_H 1
| #define HAVE_MEMORY_H 1
| #define HAVE_STRINGS_H 1
| #define HAVE_INTTYPES_H 1
| #define HAVE_STDINT_H 1
| #define HAVE_UNISTD_H 1
| #define HAVE_SYS_FILE_H 1
| #define HAVE_SYS_PARAM_H 1
| #define HAVE_LIMITS_H 1
| #define HAVE_STDLIB_H 1
| #define HAVE_MALLOC_H 1
| #define HAVE_STRING_H 1
| #define HAVE_UNISTD_H 1
| #define HAVE_STRINGS_H 1
| #define HAVE_SYS_TIME_H 1
| #define HAVE_TIME_H 1
| #define HAVE_SYS_RESOURCE_H 1
| #define HAVE_SYS_STAT_H 1
| #define HAVE_SYS_MMAN_H 1
| #define HAVE_FCNTL_H 1
| #define HAVE_ALLOCA_H 1
| #define HAVE_SYS_SYSINFO_H 1
| /* end confdefs.h.  */
| #include <sys/systemcfg.h>
configure:4901: result: no
configure:4901: checking for stdint.h
configure:4901: result: yes
configure:4901: checking for stdio_ext.h
configure:4901: gcc -E  conftest.c
configure:4901: $? = 0
configure:4901: result: yes
configure:4901: checking for process.h
configure:4901: gcc -E  conftest.c
conftest.c:37:10: fatal error: process.h: No such file or directory
   37 | #include <process.h>
      |          ^~~~~~~~~~~
compilation terminated.
configure:4901: $? = 1
configure: failed program was:
| /* confdefs.h */
| #define PACKAGE_NAME ""
| #define PACKAGE_TARNAME ""
| #define PACKAGE_VERSION ""
| #define PACKAGE_STRING ""
| #define PACKAGE_BUGREPORT ""
| #define PACKAGE_URL ""
| #define STDC_HEADERS 1
| #define HAVE_SYS_TYPES_H 1
| #define HAVE_SYS_STAT_H 1
| #define HAVE_STDLIB_H 1
| #define HAVE_STRING_H 1
| #define HAVE_MEMORY_H 1
| #define HAVE_STRINGS_H 1
| #define HAVE_INTTYPES_H 1
| #define HAVE_STDINT_H 1
| #define HAVE_UNISTD_H 1
| #define HAVE_SYS_FILE_H 1
| #define HAVE_SYS_PARAM_H 1
| #define HAVE_LIMITS_H 1
| #define HAVE_STDLIB_H 1
| #define HAVE_MALLOC_H 1
| #define HAVE_STRING_H 1
| #define HAVE_UNISTD_H 1
| #define HAVE_STRINGS_H 1
| #define HAVE_SYS_TIME_H 1
| #define HAVE_TIME_H 1
| #define HAVE_SYS_RESOURCE_H 1
| #define HAVE_SYS_STAT_H 1
| #define HAVE_SYS_MMAN_H 1
| #define HAVE_FCNTL_H 1
| #define HAVE_ALLOCA_H 1
| #define HAVE_SYS_SYSINFO_H 1
| #define HAVE_STDINT_H 1
| #define HAVE_STDIO_EXT_H 1
| /* end confdefs.h.  */
| #include <process.h>
configure:4901: result: no
configure:4911: checking for sys/wait.h that is POSIX.1 compatible
configure:4937: gcc -c -O1 -w -std=gnu89  conftest.c >&5
configure:4937: $? = 0
configure:4944: result: yes
configure:4952: checking whether time.h and sys/time.h may both be included
configure:4972: gcc -c -O1 -w -std=gnu89  conftest.c >&5
configure:4972: $? = 0
configure:4979: result: yes
configure:4988: checking whether errno must be declared
configure:5004: gcc -c -O1 -w -std=gnu89  conftest.c >&5
configure:5004: $? = 0
configure:5011: result: no
configure:5025: checking size of int
configure:5030: gcc -o conftest -O1 -w -std=gnu89    conftest.c  >&5
configure:5030: $? = 0
configure:5030: ./conftest
configure:5030: $? = 0
configure:5045: result: 4
configure:5057: checking for a 64-bit type
configure:5075: gcc -c -O1 -w -std=gnu89  conftest.c >&5
configure:5075: $? = 0
configure:5125: result: uint64_t
configure:5136: checking for intptr_t
configure:5136: gcc -c -O1 -w -std=gnu89  conftest.c >&5
configure:5136: $? = 0
configure:5136: gcc -c -O1 -w -std=gnu89  conftest.c >&5
conftest.c: In function 'main':
conftest.c:77:23: error: expected expression before ')' token
   77 | if (sizeof ((intptr_t)))
      |                       ^
configure:5136: $? = 1
configure: failed program was:
| /* confdefs.h */
| #define PACKAGE_NAME ""
| #define PACKAGE_TARNAME ""
| #define PACKAGE_VERSION ""
| #define PACKAGE_STRING ""
| #define PACKAGE_BUGREPORT ""
| #define PACKAGE_URL ""
| #define STDC_HEADERS 1
| #define HAVE_SYS_TYPES_H 1
| #define HAVE_SYS_STAT_H 1
| #define HAVE_STDLIB_H 1
| #define HAVE_STRING_H 1
| #define HAVE_MEMORY_H 1
| #define HAVE_STRINGS_H 1
| #define HAVE_INTTYPES_H 1
| #define HAVE_STDINT_H 1
| #define HAVE_UNISTD_H 1
| #define HAVE_SYS_FILE_H 1
| #define HAVE_SYS_PARAM_H 1
| #define HAVE_LIMITS_H 1
| #define HAVE_STDLIB_H 1
| #define HAVE_MALLOC_H 1
| #define HAVE_STRING_H 1
| #define HAVE_UNISTD_H 1
| #define HAVE_STRINGS_H 1
| #define HAVE_SYS_TIME_H 1
| #define HAVE_TIME_H 1
| #define HAVE_SYS_RESOURCE_H 1
| #define HAVE_SYS_STAT_H 1
| #define HAVE_SYS_MMAN_H 1
| #define HAVE_FCNTL_H 1
| #define HAVE_ALLOCA_H 1
| #define HAVE_SYS_SYSINFO_H 1
| #define HAVE_STDINT_H 1
| #define HAVE_STDIO_EXT_H 1
| #define HAVE_SYS_WAIT_H 1
| #define TIME_WITH_SYS_TIME 1
| #define SIZEOF_INT 4
| #define UNSIGNED_64BIT_TYPE uint64_t
| /* end confdefs.h.  */
| #include <stdio.h>
| #ifdef HAVE_SYS_TYPES_H
| # include <sys/types.h>
| #endif
| #ifdef HAVE_SYS_STAT_H
| # include <sys/stat.h>
| #endif
| #ifdef STDC_HEADERS
| # include <stdlib.h>
| # include <stddef.h>
| #else
| # ifdef HAVE_STDLIB_H
| #  include <stdlib.h>
| # endif
| #endif
| #ifdef HAVE_STRING_H
| # if !defined STDC_HEADERS && defined HAVE_MEMORY_H
| #  include <memory.h>
| # endif
| # include <string.h>
| #endif
| #ifdef HAVE_STRINGS_H
| # include <strings.h>
| #endif
| #ifdef HAVE_INTTYPES_H
| # include <inttypes.h>
| #endif
| #ifdef HAVE_STDINT_H
| # include <stdint.h>
| #endif
| #ifdef HAVE_UNISTD_H
| # include <unistd.h>
| #endif
| int
| main ()
| {
| if (sizeof ((intptr_t)))
| 	    return 0;
|   ;
|   return 0;
| }
configure:5136: result: yes
configure:5171: checking for uintptr_t
configure:5171: gcc -c -O1 -w -std=gnu89  conftest.c >&5
configure:5171: $? = 0
configure:5171: gcc -c -O1 -w -std=gnu89  conftest.c >&5
conftest.c: In function 'main':
conftest.c:78:24: error: expected expression before ')' token
   78 | if (sizeof ((uintptr_t)))
      |                        ^
configure:5171: $? = 1
configure: failed program was:
| /* confdefs.h */
| #define PACKAGE_NAME ""
| #define PACKAGE_TARNAME ""
| #define PACKAGE_VERSION ""
| #define PACKAGE_STRING ""
| #define PACKAGE_BUGREPORT ""
| #define PACKAGE_URL ""
| #define STDC_HEADERS 1
| #define HAVE_SYS_TYPES_H 1
| #define HAVE_SYS_STAT_H 1
| #define HAVE_STDLIB_H 1
| #define HAVE_STRING_H 1
| #define HAVE_MEMORY_H 1
| #define HAVE_STRINGS_H 1
| #define HAVE_INTTYPES_H 1
| #define HAVE_STDINT_H 1
| #define HAVE_UNISTD_H 1
| #define HAVE_SYS_FILE_H 1
| #define HAVE_SYS_PARAM_H 1
| #define HAVE_LIMITS_H 1
| #define HAVE_STDLIB_H 1
| #define HAVE_MALLOC_H 1
| #define HAVE_STRING_H 1
| #define HAVE_UNISTD_H 1
| #define HAVE_STRINGS_H 1
| #define HAVE_SYS_TIME_H 1
| #define HAVE_TIME_H 1
| #define HAVE_SYS_RESOURCE_H 1
| #define HAVE_SYS_STAT_H 1
| #define HAVE_SYS_MMAN_H 1
| #define HAVE_FCNTL_H 1
| #define HAVE_ALLOCA_H 1
| #define HAVE_SYS_SYSINFO_H 1
| #define HAVE_STDINT_H 1
| #define HAVE_STDIO_EXT_H 1
| #define HAVE_SYS_WAIT_H 1
| #define TIME_WITH_SYS_TIME 1
| #define SIZEOF_INT 4
| #define UNSIGNED_64BIT_TYPE uint64_t
| #define HAVE_INTPTR_T 1
| /* end confdefs.h.  */
| #include <stdio.h>
| #ifdef HAVE_SYS_TYPES_H
| # include <sys/types.h>
| #endif
| #ifdef HAVE_SYS_STAT_H
| # include <sys/stat.h>
| #endif
| #ifdef STDC_HEADERS
| # include <stdlib.h>
| # include <stddef.h>
| #else
| # ifdef HAVE_STDLIB_H
| #  include <stdlib.h>
| # endif
| #endif
| #ifdef HAVE_STRING_H
| # if !defined STDC_HEADERS && defined HAVE_MEMORY_H
| #  include <memory.h>
| # endif
| # include <string.h>
| #endif
| #ifdef HAVE_STRINGS_H
| # include <strings.h>
| #endif
| #ifdef HAVE_INTTYPES_H
| # include <inttypes.h>
| #endif
| #ifdef HAVE_STDINT_H
| # include <stdint.h>
| #endif
| #ifdef HAVE_UNISTD_H
| # include <unistd.h>
| #endif
| int
| main ()
| {
| if (sizeof ((uintptr_t)))
| 	    return 0;
|   ;
|   return 0;
| }
configure:5171: result: yes
configure:5206: checking for ssize_t
configure:5206: gcc -c -O1 -w -std=gnu89  conftest.c >&5
configure:5206: $? = 0
configure:5206: gcc -c -O1 -w -std=gnu89  conftest.c >&5
conftest.c: In function 'main':
conftest.c:79:22: error: expected expression before ')' token
   79 | if (sizeof ((ssize_t)))
      |                      ^
configure:5206: $? = 1
configure: failed program was:
| /* confdefs.h */
| #define PACKAGE_NAME ""
| #define PACKAGE_TARNAME ""
| #define PACKAGE_VERSION ""
| #define PACKAGE_STRING ""
| #define PACKAGE_BUGREPORT ""
| #define PACKAGE_URL ""
| #define STDC_HEADERS 1
| #define HAVE_SYS_TYPES_H 1
| #define HAVE_SYS_STAT_H 1
| #define HAVE_STDLIB_H 1
| #define HAVE_STRING_H 1
| #define HAVE_MEMORY_H 1
| #define HAVE_STRINGS_H 1
| #define HAVE_INTTYPES_H 1
| #define HAVE_STDINT_H 1
| #define HAVE_UNISTD_H 1
| #define HAVE_SYS_FILE_H 1
| #define HAVE_SYS_PARAM_H 1
| #define HAVE_LIMITS_H 1
| #define HAVE_STDLIB_H 1
| #define HAVE_MALLOC_H 1
| #define HAVE_STRING_H 1
| #define HAVE_UNISTD_H 1
| #define HAVE_STRINGS_H 1
| #define HAVE_SYS_TIME_H 1
| #define HAVE_TIME_H 1
| #define HAVE_SYS_RESOURCE_H 1
| #define HAVE_SYS_STAT_H 1
| #define HAVE_SYS_MMAN_H 1
| #define HAVE_FCNTL_H 1
| #define HAVE_ALLOCA_H 1
| #define HAVE_SYS_SYSINFO_H 1
| #define HAVE_STDINT_H 1
| #define HAVE_STDIO_EXT_H 1
| #define HAVE_SYS_WAIT_H 1
| #define TIME_WITH_SYS_TIME 1
| #define SIZEOF_INT 4
| #define UNSIGNED_64BIT_TYPE uint64_t
| #define HAVE_INTPTR_T 1
| #define HAVE_UINTPTR_T 1
| /* end confdefs.h.  */
| #include <stdio.h>
| #ifdef HAVE_SYS_TYPES_H
| # include <sys/types.h>
| #endif
| #ifdef HAVE_SYS_STAT_H
| # include <sys/stat.h>
| #endif
| #ifdef STDC_HEADERS
| # include <stdlib.h>
| # include <stddef.h>
| #else
| # ifdef HAVE_STDLIB_H
| #  include <stdlib.h>
| # endif
| #endif
| #ifdef HAVE_STRING_H
| # if !defined STDC_HEADERS && defined HAVE_MEMORY_H
| #  include <memory.h>
| # endif
| # include <string.h>
| #endif
| #ifdef HAVE_STRINGS_H
| # include <strings.h>
| #endif
| #ifdef HAVE_INTTYPES_H
| # include <inttypes.h>
| #endif
| #ifdef HAVE_STDINT_H
| # include <stdint.h>
| #endif
| #ifdef HAVE_UNISTD_H
| # include <unistd.h>
| #endif
| int
| main ()
| {
| if (sizeof ((ssize_t)))
| 	    return 0;
|   ;
|   return 0;
| }
configure:5206: result: yes
configure:5225: checking for pid_t
configure:5225: gcc -c -O1 -w -std=gnu89  conftest.c >&5
configure:5225: $? = 0
configure:5225: gcc -c -O1 -w -std=gnu89  conftest.c >&5
conftest.c: In function 'main':
conftest.c:80:20: error: expected expression before ')' token
   80 | if (sizeof ((pid_t)))
      |                    ^
configure:5225: $? = 1
configure: failed program was:
| /* confdefs.h */
| #define PACKAGE_NAME ""
| #define PACKAGE_TARNAME ""
| #define PACKAGE_VERSION ""
| #define PACKAGE_STRING ""
| #define PACKAGE_BUGREPORT ""
| #define PACKAGE_URL ""
| #define STDC_HEADERS 1
| #define HAVE_SYS_TYPES_H 1
| #define HAVE_SYS_STAT_H 1
| #define HAVE_STDLIB_H 1
| #define HAVE_STRING_H 1
| #define HAVE_MEMORY_H 1
| #define HAVE_STRINGS_H 1
| #define HAVE_INTTYPES_H 1
| #define HAVE_STDINT_H 1
| #define HAVE_UNISTD_H 1
| #define HAVE_SYS_FILE_H 1
| #define HAVE_SYS_PARAM_H 1
| #define HAVE_LIMITS_H 1
| #define HAVE_STDLIB_H 1
| #define HAVE_MALLOC_H 1
| #define HAVE_STRING_H 1
| #define HAVE_UNISTD_H 1
| #define HAVE_STRINGS_H 1
| #define HAVE_SYS_TIME_H 1
| #define HAVE_TIME_H 1
| #define HAVE_SYS_RESOURCE_H 1
| #define HAVE_SYS_STAT_H 1
| #define HAVE_SYS_MMAN_H 1
| #define HAVE_FCNTL_H 1
| #define HAVE_ALLOCA_H 1
| #define HAVE_SYS_SYSINFO_H 1
| #define HAVE_STDINT_H 1
| #define HAVE_STDIO_EXT_H 1
| #define HAVE_SYS_WAIT_H 1
| #define TIME_WITH_SYS_TIME 1
| #define SIZEOF_INT 4
| #define UNSIGNED_64BIT_TYPE uint64_t
| #define HAVE_INTPTR_T 1
| #define HAVE_UINTPTR_T 1
| #define HAVE_UINTPTR_T 1
| /* end confdefs.h.  */
| #include <stdio.h>
| #ifdef HAVE_SYS_TYPES_H
| # include <sys/types.h>
| #endif
| #ifdef HAVE_SYS_STAT_H
| # include <sys/stat.h>
| #endif
| #ifdef STDC_HEADERS
| # include <stdlib.h>
| # include <stddef.h>
| #else
| # ifdef HAVE_STDLIB_H
| #  include <stdlib.h>
| # endif
| #endif
| #ifdef HAVE_STRING_H
| # if !defined STDC_HEADERS && defined HAVE_MEMORY_H
| #  include <memory.h>
| # endif
| # include <string.h>
| #endif
| #ifdef HAVE_STRINGS_H
| # include <strings.h>
| #endif
| #ifdef HAVE_INTTYPES_H
| # include <inttypes.h>
| #endif
| #ifdef HAVE_STDINT_H
| # include <stdint.h>
| #endif
| #ifdef HAVE_UNISTD_H
| # include <unistd.h>
| #endif
| int
| main ()
| {
| if (sizeof ((pid_t)))
| 	    return 0;
|   ;
|   return 0;
| }
configure:5225: result: yes
configure:5736: gcc -o conftest -O1 -w -std=gnu89    conftest.c  >&5
configure:5736: $? = 0
configure:5888: checking for library containing strerror
configure:5922: gcc -o conftest -O1 -w -std=gnu89    conftest.c  >&5
configure:5922: $? = 0
configure:5939: result: none required
configure:5950: checking for asprintf
configure:5950: gcc -o conftest -O1 -w -std=gnu89    conftest.c  >&5
configure:5950: $? = 0
configure:5950: result: yes
configure:5950: checking for atexit
configure:5950: gcc -o conftest -O1 -w -std=gnu89    conftest.c  >&5
configure:5950: $? = 0
configure:5950: result: yes
configure:5950: checking for basename
configure:5950: gcc -o conftest -O1 -w -std=gnu89    conftest.c  >&5
configure:5950: $? = 0
configure:5950: result: yes
configure:5950: checking for bcmp
configure:5950: gcc -o conftest -O1 -w -std=gnu89    conftest.c  >&5
configure:5950: $? = 0
configure:5950: result: yes
configure:5950: checking for bcopy
configure:5950: gcc -o conftest -O1 -w -std=gnu89    conftest.c  >&5
configure:5950: $? = 0
configure:5950: result: yes
configure:5950: checking for bsearch
configure:5950: gcc -o conftest -O1 -w -std=gnu89    conftest.c  >&5
configure:5950: $? = 0
configure:5950: result: yes
configure:5950: checking for bzero
configure:5950: gcc -o conftest -O1 -w -std=gnu89    conftest.c  >&5
configure:5950: $? = 0
configure:5950: result: yes
configure:5950: checking for calloc
configure:5950: gcc -o conftest -O1 -w -std=gnu89    conftest.c  >&5
configure:5950: $? = 0
configure:5950: result: yes
configure:5950: checking for clock
configure:5950: gcc -o conftest -O1 -w -std=gnu89    conftest.c  >&5
configure:5950: $? = 0
configure:5950: result: yes
configure:5950: checking for ffs
configure:5950: gcc -o conftest -O1 -w -std=gnu89    conftest.c  >&5
configure:5950: $? = 0
configure:5950: result: yes
configure:5950: checking for getcwd
configure:5950: gcc -o conftest -O1 -w -std=gnu89    conftest.c  >&5
configure:5950: $? = 0
configure:5950: result: yes
configure:5950: checking for getpagesize
configure:5950: gcc -o conftest -O1 -w -std=gnu89    conftest.c  >&5
configure:5950: $? = 0
configure:5950: result: yes
configure:5950: checking for gettimeofday
configure:5950: gcc -o conftest -O1 -w -std=gnu89    conftest.c  >&5
configure:5950: $? = 0
configure:5950: result: yes
configure:5950: checking for index
configure:5950: gcc -o conftest -O1 -w -std=gnu89    conftest.c  >&5
configure:5950: $? = 0
configure:5950: result: yes
configure:5950: checking for insque
configure:5950: gcc -o conftest -O1 -w -std=gnu89    conftest.c  >&5
configure:5950: $? = 0
configure:5950: result: yes
configure:5950: checking for memchr
configure:5950: gcc -o conftest -O1 -w -std=gnu89    conftest.c  >&5
configure:5950: $? = 0
configure:5950: result: yes
configure:5950: checking for memcmp
configure:5950: gcc -o conftest -O1 -w -std=gnu89    conftest.c  >&5
configure:5950: $? = 0
configure:5950: result: yes
configure:5950: checking for memcpy
configure:5950: gcc -o conftest -O1 -w -std=gnu89    conftest.c  >&5
configure:5950: $? = 0
configure:5950: result: yes
configure:5950: checking for memmem
configure:5950: gcc -o conftest -O1 -w -std=gnu89    conftest.c  >&5
configure:5950: $? = 0
configure:5950: result: yes
configure:5950: checking for memmove
configure:5950: gcc -o conftest -O1 -w -std=gnu89    conftest.c  >&5
configure:5950: $? = 0
configure:5950: result: yes
configure:5950: checking for mempcpy
configure:5950: gcc -o conftest -O1 -w -std=gnu89    conftest.c  >&5
configure:5950: $? = 0
configure:5950: result: yes
configure:5950: checking for memset
configure:5950: gcc -o conftest -O1 -w -std=gnu89    conftest.c  >&5
configure:5950: $? = 0
configure:5950: result: yes
configure:5950: checking for mkstemps
configure:5950: gcc -o conftest -O1 -w -std=gnu89    conftest.c  >&5
configure:5950: $? = 0
configure:5950: result: yes
configure:5950: checking for putenv
configure:5950: gcc -o conftest -O1 -w -std=gnu89    conftest.c  >&5
configure:5950: $? = 0
configure:5950: result: yes
configure:5950: checking for random
configure:5950: gcc -o conftest -O1 -w -std=gnu89    conftest.c  >&5
configure:5950: $? = 0
configure:5950: result: yes
configure:5950: checking for rename
configure:5950: gcc -o conftest -O1 -w -std=gnu89    conftest.c  >&5
configure:5950: $? = 0
configure:5950: result: yes
configure:5950: checking for rindex
configure:5950: gcc -o conftest -O1 -w -std=gnu89    conftest.c  >&5
configure:5950: $? = 0
configure:5950: result: yes
configure:5950: checking for setenv
configure:5950: gcc -o conftest -O1 -w -std=gnu89    conftest.c  >&5
configure:5950: $? = 0
configure:5950: result: yes
configure:5950: checking for snprintf
configure:5950: gcc -o conftest -O1 -w -std=gnu89    conftest.c  >&5
configure:5950: $? = 0
configure:5950: result: yes
configure:5950: checking for sigsetmask
configure:5950: gcc -o conftest -O1 -w -std=gnu89    conftest.c  >&5
configure:5950: $? = 0
configure:5950: result: yes
configure:5950: checking for stpcpy
configure:5950: gcc -o conftest -O1 -w -std=gnu89    conftest.c  >&5
configure:5950: $? = 0
configure:5950: result: yes
configure:5950: checking for stpncpy
configure:5950: gcc -o conftest -O1 -w -std=gnu89    conftest.c  >&5
configure:5950: $? = 0
configure:5950: result: yes
configure:5950: checking for strcasecmp
configure:5950: gcc -o conftest -O1 -w -std=gnu89    conftest.c  >&5
configure:5950: $? = 0
configure:5950: result: yes
configure:5950: checking for strchr
configure:5950: gcc -o conftest -O1 -w -std=gnu89    conftest.c  >&5
configure:5950: $? = 0
configure:5950: result: yes
configure:5950: checking for strdup
configure:5950: gcc -o conftest -O1 -w -std=gnu89    conftest.c  >&5
configure:5950: $? = 0
configure:5950: result: yes
configure:5950: checking for strncasecmp
configure:5950: gcc -o conftest -O1 -w -std=gnu89    conftest.c  >&5
configure:5950: $? = 0
configure:5950: result: yes
configure:5950: checking for strndup
configure:5950: gcc -o conftest -O1 -w -std=gnu89    conftest.c  >&5
configure:5950: $? = 0
configure:5950: result: yes
configure:5950: checking for strrchr
configure:5950: gcc -o conftest -O1 -w -std=gnu89    conftest.c  >&5
configure:5950: $? = 0
configure:5950: result: yes
configure:5950: checking for strstr
configure:5950: gcc -o conftest -O1 -w -std=gnu89    conftest.c  >&5
configure:5950: $? = 0
configure:5950: result: yes
configure:5950: checking for strtod
configure:5950: gcc -o conftest -O1 -w -std=gnu89    conftest.c  >&5
configure:5950: $? = 0
configure:5950: result: yes
configure:5950: checking for strtol
configure:5950: gcc -o conftest -O1 -w -std=gnu89    conftest.c  >&5
configure:5950: $? = 0
configure:5950: result: yes
configure:5950: checking for strtoul
configure:5950: gcc -o conftest -O1 -w -std=gnu89    conftest.c  >&5
configure:5950: $? = 0
configure:5950: result: yes
configure:5950: checking for strverscmp
configure:5950: gcc -o conftest -O1 -w -std=gnu89    conftest.c  >&5
configure:5950: $? = 0
configure:5950: result: yes
configure:5950: checking for tmpnam
configure:5950: gcc -o conftest -O1 -w -std=gnu89    conftest.c  >&5
/usr/bin/ld: /tmp/cc7da4PC.o: in function `main':
conftest.c:(.text+0xe): warning: the use of `tmpnam' is dangerous, better use `mkstemp'
configure:5950: $? = 0
configure:5950: result: yes
configure:5950: checking for vasprintf
configure:5950: gcc -o conftest -O1 -w -std=gnu89    conftest.c  >&5
configure:5950: $? = 0
configure:5950: result: yes
configure:5950: checking for vfprintf
configure:5950: gcc -o conftest -O1 -w -std=gnu89    conftest.c  >&5
configure:5950: $? = 0
configure:5950: result: yes
configure:5950: checking for vprintf
configure:5950: gcc -o conftest -O1 -w -std=gnu89    conftest.c  >&5
configure:5950: $? = 0
configure:5950: result: yes
configure:5950: checking for vsnprintf
configure:5950: gcc -o conftest -O1 -w -std=gnu89    conftest.c  >&5
configure:5950: $? = 0
configure:5950: result: yes
configure:5950: checking for vsprintf
configure:5950: gcc -o conftest -O1 -w -std=gnu89    conftest.c  >&5
configure:5950: $? = 0
configure:5950: result: yes
configure:5950: checking for waitpid
configure:5950: gcc -o conftest -O1 -w -std=gnu89    conftest.c  >&5
configure:5950: $? = 0
configure:5950: result: yes
configure:5950: checking for setproctitle
configure:5950: gcc -o conftest -O1 -w -std=gnu89    conftest.c  >&5
/usr/bin/ld: /tmp/ccjgNEII.o: in function `main':
conftest.c:(.text+0xe): undefined reference to `setproctitle'
collect2: error: ld returned 1 exit status
configure:5950: $? = 1
configure: failed program was:
| /* confdefs.h */
| #define PACKAGE_NAME ""
| #define PACKAGE_TARNAME ""
| #define PACKAGE_VERSION ""
| #define PACKAGE_STRING ""
| #define PACKAGE_BUGREPORT ""
| #define PACKAGE_URL ""
| #define STDC_HEADERS 1
| #define HAVE_SYS_TYPES_H 1
| #define HAVE_SYS_STAT_H 1
| #define HAVE_STDLIB_H 1
| #define HAVE_STRING_H 1
| #define HAVE_MEMORY_H 1
| #define HAVE_STRINGS_H 1
| #define HAVE_INTTYPES_H 1
| #define HAVE_STDINT_H 1
| #define HAVE_UNISTD_H 1
| #define HAVE_SYS_FILE_H 1
| #define HAVE_SYS_PARAM_H 1
| #define HAVE_LIMITS_H 1
| #define HAVE_STDLIB_H 1
| #define HAVE_MALLOC_H 1
| #define HAVE_STRING_H 1
| #define HAVE_UNISTD_H 1
| #define HAVE_STRINGS_H 1
| #define HAVE_SYS_TIME_H 1
| #define HAVE_TIME_H 1
| #define HAVE_SYS_RESOURCE_H 1
| #define HAVE_SYS_STAT_H 1
| #define HAVE_SYS_MMAN_H 1
| #define HAVE_FCNTL_H 1
| #define HAVE_ALLOCA_H 1
| #define HAVE_SYS_SYSINFO_H 1
| #define HAVE_STDINT_H 1
| #define HAVE_STDIO_EXT_H 1
| #define HAVE_SYS_WAIT_H 1
| #define TIME_WITH_SYS_TIME 1
| #define SIZEOF_INT 4
| #define UNSIGNED_64BIT_TYPE uint64_t
| #define HAVE_INTPTR_T 1
| #define HAVE_UINTPTR_T 1
| #define HAVE_UINTPTR_T 1
| #define HAVE_PRCTL_SET_NAME 1
| #define HAVE_ASPRINTF 1
| #define HAVE_ATEXIT 1
| #define HAVE_BASENAME 1
| #define HAVE_BCMP 1
| #define HAVE_BCOPY 1
| #define HAVE_BSEARCH 1
| #define HAVE_BZERO 1
| #define HAVE_CALLOC 1
| #define HAVE_CLOCK 1
| #define HAVE_FFS 1
| #define HAVE_GETCWD 1
| #define HAVE_GETPAGESIZE 1
| #define HAVE_GETTIMEOFDAY 1
| #define HAVE_INDEX 1
| #define HAVE_INSQUE 1
| #define HAVE_MEMCHR 1
| #define HAVE_MEMCMP 1
| #define HAVE_MEMCPY 1
| #define HAVE_MEMMEM 1
| #define HAVE_MEMMOVE 1
| #define HAVE_MEMPCPY 1
| #define HAVE_MEMSET 1
| #define HAVE_MKSTEMPS 1
| #define HAVE_PUTENV 1
| #define HAVE_RANDOM 1
| #define HAVE_RENAME 1
| #define HAVE_RINDEX 1
| #define HAVE_SETENV 1
| #define HAVE_SNPRINTF 1
| #define HAVE_SIGSETMASK 1
| #define HAVE_STPCPY 1
| #define HAVE_STPNCPY 1
| #define HAVE_STRCASECMP 1
| #define HAVE_STRCHR 1
| #define HAVE_STRDUP 1
| #define HAVE_STRNCASECMP 1
| #define HAVE_STRNDUP 1
| #define HAVE_STRRCHR 1
| #define HAVE_STRSTR 1
| #define HAVE_STRTOD 1
| #define HAVE_STRTOL 1
| #define HAVE_STRTOUL 1
| #define HAVE_STRVERSCMP 1
| #define HAVE_TMPNAM 1
| #define HAVE_VASPRINTF 1
| #define HAVE_VFPRINTF 1
| #define HAVE_VPRINTF 1
| #define HAVE_VSNPRINTF 1
| #define HAVE_VSPRINTF 1
| #define HAVE_WAITPID 1
| /* end confdefs.h.  */
| /* Define setproctitle to an innocuous variant, in case <limits.h> declares setproctitle.
|    For example, HP-UX 11i <limits.h> declares gettimeofday.  */
| #define setproctitle innocuous_setproctitle
| 
| /* System header to define __stub macros and hopefully few prototypes,
|     which can conflict with char setproctitle (); below.
|     Prefer <limits.h> to <assert.h> if __STDC__ is defined, since
|     <limits.h> exists even on freestanding compilers.  */
| 
| #ifdef __STDC__
| # include <limits.h>
| #else
| # include <assert.h>
| #endif
| 
| #undef setproctitle
| 
| /* Override any GCC internal prototype to avoid an error.
|    Use char because int might match the return type of a GCC
|    builtin and then its argument prototype would still apply.  */
| #ifdef __cplusplus
| extern "C"
| #endif
| char setproctitle ();
| /* The GNU C library defines this for functions which it implements
|     to always fail with ENOSYS.  Some functions are actually named
|     something starting with __ and the normal name is an alias.  */
| #if defined __stub_setproctitle || defined __stub___setproctitle
| choke me
| #endif
| 
| int
| main ()
| {
| return setproctitle ();
|   ;
|   return 0;
| }
configure:5950: result: no
configure:5968: checking whether alloca needs Cray hooks
configure:5991: result: no
configure:6009: checking stack direction for C alloca
configure:6036: gcc -o conftest -O1 -w -std=gnu89    conftest.c  >&5
configure:6036: $? = 0
configure:6036: ./conftest
configure:6036: $? = 1
configure: program exited with status 1
configure: failed program was:
| /* confdefs.h */
| #define PACKAGE_NAME ""
| #define PACKAGE_TARNAME ""
| #define PACKAGE_VERSION ""
| #define PACKAGE_STRING ""
| #define PACKAGE_BUGREPORT ""
| #define PACKAGE_URL ""
| #define STDC_HEADERS 1
| #define HAVE_SYS_TYPES_H 1
| #define HAVE_SYS_STAT_H 1
| #define HAVE_STDLIB_H 1
| #define HAVE_STRING_H 1
| #define HAVE_MEMORY_H 1
| #define HAVE_STRINGS_H 1
| #define HAVE_INTTYPES_H 1
| #define HAVE_STDINT_H 1
| #define HAVE_UNISTD_H 1
| #define HAVE_SYS_FILE_H 1
| #define HAVE_SYS_PARAM_H 1
| #define HAVE_LIMITS_H 1
| #define HAVE_STDLIB_H 1
| #define HAVE_MALLOC_H 1
| #define HAVE_STRING_H 1
| #define HAVE_UNISTD_H 1
| #define HAVE_STRINGS_H 1
| #define HAVE_SYS_TIME_H 1
| #define HAVE_TIME_H 1
| #define HAVE_SYS_RESOURCE_H 1
| #define HAVE_SYS_STAT_H 1
| #define HAVE_SYS_MMAN_H 1
| #define HAVE_FCNTL_H 1
| #define HAVE_ALLOCA_H 1
| #define HAVE_SYS_SYSINFO_H 1
| #define HAVE_STDINT_H 1
| #define HAVE_STDIO_EXT_H 1
| #define HAVE_SYS_WAIT_H 1
| #define TIME_WITH_SYS_TIME 1
| #define SIZEOF_INT 4
| #define UNSIGNED_64BIT_TYPE uint64_t
| #define HAVE_INTPTR_T 1
| #define HAVE_UINTPTR_T 1
| #define HAVE_UINTPTR_T 1
| #define HAVE_PRCTL_SET_NAME 1
| #define HAVE_ASPRINTF 1
| #define HAVE_ATEXIT 1
| #define HAVE_BASENAME 1
| #define HAVE_BCMP 1
| #define HAVE_BCOPY 1
| #define HAVE_BSEARCH 1
| #define HAVE_BZERO 1
| #define HAVE_CALLOC 1
| #define HAVE_CLOCK 1
| #define HAVE_FFS 1
| #define HAVE_GETCWD 1
| #define HAVE_GETPAGESIZE 1
| #define HAVE_GETTIMEOFDAY 1
| #define HAVE_INDEX 1
| #define HAVE_INSQUE 1
| #define HAVE_MEMCHR 1
| #define HAVE_MEMCMP 1
| #define HAVE_MEMCPY 1
| #define HAVE_MEMMEM 1
| #define HAVE_MEMMOVE 1
| #define HAVE_MEMPCPY 1
| #define HAVE_MEMSET 1
| #define HAVE_MKSTEMPS 1
| #define HAVE_PUTENV 1
| #define HAVE_RANDOM 1
| #define HAVE_RENAME 1
| #define HAVE_RINDEX 1
| #define HAVE_SETENV 1
| #define HAVE_SNPRINTF 1
| #define HAVE_SIGSETMASK 1
| #define HAVE_STPCPY 1
| #define HAVE_STPNCPY 1
| #define HAVE_STRCASECMP 1
| #define HAVE_STRCHR 1
| #define HAVE_STRDUP 1
| #define HAVE_STRNCASECMP 1
| #define HAVE_STRNDUP 1
| #define HAVE_STRRCHR 1
| #define HAVE_STRSTR 1
| #define HAVE_STRTOD 1
| #define HAVE_STRTOL 1
| #define HAVE_STRTOUL 1
| #define HAVE_STRVERSCMP 1
| #define HAVE_TMPNAM 1
| #define HAVE_VASPRINTF 1
| #define HAVE_VFPRINTF 1
| #define HAVE_VPRINTF 1
| #define HAVE_VSNPRINTF 1
| #define HAVE_VSPRINTF 1
| #define HAVE_WAITPID 1
| /* end confdefs.h.  */
| find_stack_direction ()
| {
|   static char *addr = 0;
|   auto char dummy;
|   if (addr == 0)
|     {
|       addr = &dummy;
|       return find_stack_direction ();
|     }
|   else
|     return (&dummy > addr) ? 1 : -1;
| }
| main ()
| {
|   exit (find_stack_direction() < 0);
| }
configure:6046: result: -1
configure:6056: checking for vfork.h
configure:6056: gcc -E  conftest.c
conftest.c:96:10: fatal error: vfork.h: No such file or directory
   96 | #include <vfork.h>
      |          ^~~~~~~~~
compilation terminated.
configure:6056: $? = 1
configure: failed program was:
| /* confdefs.h */
| #define PACKAGE_NAME ""
| #define PACKAGE_TARNAME ""
| #define PACKAGE_VERSION ""
| #define PACKAGE_STRING ""
| #define PACKAGE_BUGREPORT ""
| #define PACKAGE_URL ""
| #define STDC_HEADERS 1
| #define HAVE_SYS_TYPES_H 1
| #define HAVE_SYS_STAT_H 1
| #define HAVE_STDLIB_H 1
| #define HAVE_STRING_H 1
| #define HAVE_MEMORY_H 1
| #define HAVE_STRINGS_H 1
| #define HAVE_INTTYPES_H 1
| #define HAVE_STDINT_H 1
| #define HAVE_UNISTD_H 1
| #define HAVE_SYS_FILE_H 1
| #define HAVE_SYS_PARAM_H 1
| #define HAVE_LIMITS_H 1
| #define HAVE_STDLIB_H 1
| #define HAVE_MALLOC_H 1
| #define HAVE_STRING_H 1
| #define HAVE_UNISTD_H 1
| #define HAVE_STRINGS_H 1
| #define HAVE_SYS_TIME_H 1
| #define HAVE_TIME_H 1
| #define HAVE_SYS_RESOURCE_H 1
| #define HAVE_SYS_STAT_H 1
| #define HAVE_SYS_MMAN_H 1
| #define HAVE_FCNTL_H 1
| #define HAVE_ALLOCA_H 1
| #define HAVE_SYS_SYSINFO_H 1
| #define HAVE_STDINT_H 1
| #define HAVE_STDIO_EXT_H 1
| #define HAVE_SYS_WAIT_H 1
| #define TIME_WITH_SYS_TIME 1
| #define SIZEOF_INT 4
| #define UNSIGNED_64BIT_TYPE uint64_t
| #define HAVE_INTPTR_T 1
| #define HAVE_UINTPTR_T 1
| #define HAVE_UINTPTR_T 1
| #define HAVE_PRCTL_SET_NAME 1
| #define HAVE_ASPRINTF 1
| #define HAVE_ATEXIT 1
| #define HAVE_BASENAME 1
| #define HAVE_BCMP 1
| #define HAVE_BCOPY 1
| #define HAVE_BSEARCH 1
| #define HAVE_BZERO 1
| #define HAVE_CALLOC 1
| #define HAVE_CLOCK 1
| #define HAVE_FFS 1
| #define HAVE_GETCWD 1
| #define HAVE_GETPAGESIZE 1
| #define HAVE_GETTIMEOFDAY 1
| #define HAVE_INDEX 1
| #define HAVE_INSQUE 1
| #define HAVE_MEMCHR 1
| #define HAVE_MEMCMP 1
| #define HAVE_MEMCPY 1
| #define HAVE_MEMMEM 1
| #define HAVE_MEMMOVE 1
| #define HAVE_MEMPCPY 1
| #define HAVE_MEMSET 1
| #define HAVE_MKSTEMPS 1
| #define HAVE_PUTENV 1
| #define HAVE_RANDOM 1
| #define HAVE_RENAME 1
| #define HAVE_RINDEX 1
| #define HAVE_SETENV 1
| #define HAVE_SNPRINTF 1
| #define HAVE_SIGSETMASK 1
| #define HAVE_STPCPY 1
| #define HAVE_STPNCPY 1
| #define HAVE_STRCASECMP 1
| #define HAVE_STRCHR 1
| #define HAVE_STRDUP 1
| #define HAVE_STRNCASECMP 1
| #define HAVE_STRNDUP 1
| #define HAVE_STRRCHR 1
| #define HAVE_STRSTR 1
| #define HAVE_STRTOD 1
| #define HAVE_STRTOL 1
| #define HAVE_STRTOUL 1
| #define HAVE_STRVERSCMP 1
| #define HAVE_TMPNAM 1
| #define HAVE_VASPRINTF 1
| #define HAVE_VFPRINTF 1
| #define HAVE_VPRINTF 1
| #define HAVE_VSNPRINTF 1
| #define HAVE_VSPRINTF 1
| #define HAVE_WAITPID 1
| #define STACK_DIRECTION -1
| /* end confdefs.h.  */
| #include <vfork.h>
configure:6056: result: no
configure:6068: checking for fork
configure:6068: gcc -o conftest -O1 -w -std=gnu89    conftest.c  >&5
configure:6068: $? = 0
configure:6068: result: yes
configure:6068: checking for vfork
configure:6068: gcc -o conftest -O1 -w -std=gnu89    conftest.c  >&5
configure:6068: $? = 0
configure:6068: result: yes
configure:6079: checking for working fork
configure:6101: gcc -o conftest -O1 -w -std=gnu89    conftest.c  >&5
configure:6101: $? = 0
configure:6101: ./conftest
configure:6101: $? = 0
configure:6111: result: yes
configure:6132: checking for working vfork
configure:6242: result: yes
configure:6301: checking for _doprnt
configure:6301: gcc -o conftest -O1 -w -std=gnu89    conftest.c  >&5
/usr/bin/ld: /tmp/ccBLoLNU.o: in function `main':
conftest.c:(.text+0xe): undefined reference to `_doprnt'
collect2: error: ld returned 1 exit status
configure:6301: $? = 1
configure: failed program was:
| /* confdefs.h */
| #define PACKAGE_NAME ""
| #define PACKAGE_TARNAME ""
| #define PACKAGE_VERSION ""
| #define PACKAGE_STRING ""
| #define PACKAGE_BUGREPORT ""
| #define PACKAGE_URL ""
| #define STDC_HEADERS 1
| #define HAVE_SYS_TYPES_H 1
| #define HAVE_SYS_STAT_H 1
| #define HAVE_STDLIB_H 1
| #define HAVE_STRING_H 1
| #define HAVE_MEMORY_H 1
| #define HAVE_STRINGS_H 1
| #define HAVE_INTTYPES_H 1
| #define HAVE_STDINT_H 1
| #define HAVE_UNISTD_H 1
| #define HAVE_SYS_FILE_H 1
| #define HAVE_SYS_PARAM_H 1
| #define HAVE_LIMITS_H 1
| #define HAVE_STDLIB_H 1
| #define HAVE_MALLOC_H 1
| #define HAVE_STRING_H 1
| #define HAVE_UNISTD_H 1
| #define HAVE_STRINGS_H 1
| #define HAVE_SYS_TIME_H 1
| #define HAVE_TIME_H 1
| #define HAVE_SYS_RESOURCE_H 1
| #define HAVE_SYS_STAT_H 1
| #define HAVE_SYS_MMAN_H 1
| #define HAVE_FCNTL_H 1
| #define HAVE_ALLOCA_H 1
| #define HAVE_SYS_SYSINFO_H 1
| #define HAVE_STDINT_H 1
| #define HAVE_STDIO_EXT_H 1
| #define HAVE_SYS_WAIT_H 1
| #define TIME_WITH_SYS_TIME 1
| #define SIZEOF_INT 4
| #define UNSIGNED_64BIT_TYPE uint64_t
| #define HAVE_INTPTR_T 1
| #define HAVE_UINTPTR_T 1
| #define HAVE_UINTPTR_T 1
| #define HAVE_PRCTL_SET_NAME 1
| #define HAVE_ASPRINTF 1
| #define HAVE_ATEXIT 1
| #define HAVE_BASENAME 1
| #define HAVE_BCMP 1
| #define HAVE_BCOPY 1
| #define HAVE_BSEARCH 1
| #define HAVE_BZERO 1
| #define HAVE_CALLOC 1
| #define HAVE_CLOCK 1
| #define HAVE_FFS 1
| #define HAVE_GETCWD 1
| #define HAVE_GETPAGESIZE 1
| #define HAVE_GETTIMEOFDAY 1
| #define HAVE_INDEX 1
| #define HAVE_INSQUE 1
| #define HAVE_MEMCHR 1
| #define HAVE_MEMCMP 1
| #define HAVE_MEMCPY 1
| #define HAVE_MEMMEM 1
| #define HAVE_MEMMOVE 1
| #define HAVE_MEMPCPY 1
| #define HAVE_MEMSET 1
| #define HAVE_MKSTEMPS 1
| #define HAVE_PUTENV 1
| #define HAVE_RANDOM 1
| #define HAVE_RENAME 1
| #define HAVE_RINDEX 1
| #define HAVE_SETENV 1
| #define HAVE_SNPRINTF 1
| #define HAVE_SIGSETMASK 1
| #define HAVE_STPCPY 1
| #define HAVE_STPNCPY 1
| #define HAVE_STRCASECMP 1
| #define HAVE_STRCHR 1
| #define HAVE_STRDUP 1
| #define HAVE_STRNCASECMP 1
| #define HAVE_STRNDUP 1
| #define HAVE_STRRCHR 1
| #define HAVE_STRSTR 1
| #define HAVE_STRTOD 1
| #define HAVE_STRTOL 1
| #define HAVE_STRTOUL 1
| #define HAVE_STRVERSCMP 1
| #define HAVE_TMPNAM 1
| #define HAVE_VASPRINTF 1
| #define HAVE_VFPRINTF 1
| #define HAVE_VPRINTF 1
| #define HAVE_VSNPRINTF 1
| #define HAVE_VSPRINTF 1
| #define HAVE_WAITPID 1
| #define STACK_DIRECTION -1
| #define HAVE_FORK 1
| #define HAVE_VFORK 1
| #define HAVE_WORKING_VFORK 1
| #define HAVE_WORKING_FORK 1
| /* end confdefs.h.  */
| /* Define _doprnt to an innocuous variant, in case <limits.h> declares _doprnt.
|    For example, HP-UX 11i <limits.h> declares gettimeofday.  */
| #define _doprnt innocuous__doprnt
| 
| /* System header to define __stub macros and hopefully few prototypes,
|     which can conflict with char _doprnt (); below.
|     Prefer <limits.h> to <assert.h> if __STDC__ is defined, since
|     <limits.h> exists even on freestanding compilers.  */
| 
| #ifdef __STDC__
| # include <limits.h>
| #else
| # include <assert.h>
| #endif
| 
| #undef _doprnt
| 
| /* Override any GCC internal prototype to avoid an error.
|    Use char because int might match the return type of a GCC
|    builtin and then its argument prototype would still apply.  */
| #ifdef __cplusplus
| extern "C"
| #endif
| char _doprnt ();
| /* The GNU C library defines this for functions which it implements
|     to always fail with ENOSYS.  Some functions are actually named
|     something starting with __ and the normal name is an alias.  */
| #if defined __stub__doprnt || defined __stub____doprnt
| choke me
| #endif
| 
| int
| main ()
| {
| return _doprnt ();
|   ;
|   return 0;
| }
configure:6301: result: no
configure:6313: checking for sys_errlist
configure:6332: gcc -o conftest -O1 -w -std=gnu89    conftest.c  >&5
/usr/bin/ld: /tmp/ccOLj2jB.o: warning: relocation against `sys_errlist' in read-only section `.text'
/usr/bin/ld: /tmp/ccOLj2jB.o: in function `main':
conftest.c:(.text+0x7): undefined reference to `sys_errlist'
/usr/bin/ld: warning: creating DT_TEXTREL in a PIE
collect2: error: ld returned 1 exit status
configure:6332: $? = 1
configure: failed program was:
| /* confdefs.h */
| #define PACKAGE_NAME ""
| #define PACKAGE_TARNAME ""
| #define PACKAGE_VERSION ""
| #define PACKAGE_STRING ""
| #define PACKAGE_BUGREPORT ""
| #define PACKAGE_URL ""
| #define STDC_HEADERS 1
| #define HAVE_SYS_TYPES_H 1
| #define HAVE_SYS_STAT_H 1
| #define HAVE_STDLIB_H 1
| #define HAVE_STRING_H 1
| #define HAVE_MEMORY_H 1
| #define HAVE_STRINGS_H 1
| #define HAVE_INTTYPES_H 1
| #define HAVE_STDINT_H 1
| #define HAVE_UNISTD_H 1
| #define HAVE_SYS_FILE_H 1
| #define HAVE_SYS_PARAM_H 1
| #define HAVE_LIMITS_H 1
| #define HAVE_STDLIB_H 1
| #define HAVE_MALLOC_H 1
| #define HAVE_STRING_H 1
| #define HAVE_UNISTD_H 1
| #define HAVE_STRINGS_H 1
| #define HAVE_SYS_TIME_H 1
| #define HAVE_TIME_H 1
| #define HAVE_SYS_RESOURCE_H 1
| #define HAVE_SYS_STAT_H 1
| #define HAVE_SYS_MMAN_H 1
| #define HAVE_FCNTL_H 1
| #define HAVE_ALLOCA_H 1
| #define HAVE_SYS_SYSINFO_H 1
| #define HAVE_STDINT_H 1
| #define HAVE_STDIO_EXT_H 1
| #define HAVE_SYS_WAIT_H 1
| #define TIME_WITH_SYS_TIME 1
| #define SIZEOF_INT 4
| #define UNSIGNED_64BIT_TYPE uint64_t
| #define HAVE_INTPTR_T 1
| #define HAVE_UINTPTR_T 1
| #define HAVE_UINTPTR_T 1
| #define HAVE_PRCTL_SET_NAME 1
| #define HAVE_ASPRINTF 1
| #define HAVE_ATEXIT 1
| #define HAVE_BASENAME 1
| #define HAVE_BCMP 1
| #define HAVE_BCOPY 1
| #define HAVE_BSEARCH 1
| #define HAVE_BZERO 1
| #define HAVE_CALLOC 1
| #define HAVE_CLOCK 1
| #define HAVE_FFS 1
| #define HAVE_GETCWD 1
| #define HAVE_GETPAGESIZE 1
| #define HAVE_GETTIMEOFDAY 1
| #define HAVE_INDEX 1
| #define HAVE_INSQUE 1
| #define HAVE_MEMCHR 1
| #define HAVE_MEMCMP 1
| #define HAVE_MEMCPY 1
| #define HAVE_MEMMEM 1
| #define HAVE_MEMMOVE 1
| #define HAVE_MEMPCPY 1
| #define HAVE_MEMSET 1
| #define HAVE_MKSTEMPS 1
| #define HAVE_PUTENV 1
| #define HAVE_RANDOM 1
| #define HAVE_RENAME 1
| #define HAVE_RINDEX 1
| #define HAVE_SETENV 1
| #define HAVE_SNPRINTF 1
| #define HAVE_SIGSETMASK 1
| #define HAVE_STPCPY 1
| #define HAVE_STPNCPY 1
| #define HAVE_STRCASECMP 1
| #define HAVE_STRCHR 1
| #define HAVE_STRDUP 1
| #define HAVE_STRNCASECMP 1
| #define HAVE_STRNDUP 1
| #define HAVE_STRRCHR 1
| #define HAVE_STRSTR 1
| #define HAVE_STRTOD 1
| #define HAVE_STRTOL 1
| #define HAVE_STRTOUL 1
| #define HAVE_STRVERSCMP 1
| #define HAVE_TMPNAM 1
| #define HAVE_VASPRINTF 1
| #define HAVE_VFPRINTF 1
| #define HAVE_VPRINTF 1
| #define HAVE_VSNPRINTF 1
| #define HAVE_VSPRINTF 1
| #define HAVE_WAITPID 1
| #define STACK_DIRECTION -1
| #define HAVE_FORK 1
| #define HAVE_VFORK 1
| #define HAVE_WORKING_VFORK 1
| #define HAVE_WORKING_FORK 1
| /* end confdefs.h.  */
| int *p;
| int
| main ()
| {
| extern int sys_errlist []; p = sys_errlist;
|   ;
|   return 0;
| }
configure:6350: result: no
configure:6313: checking for sys_nerr
configure:6332: gcc -o conftest -O1 -w -std=gnu89    conftest.c  >&5
/usr/bin/ld: /tmp/ccHNK8ah.o: warning: relocation against `sys_nerr' in read-only section `.text'
/usr/bin/ld: /tmp/ccHNK8ah.o: in function `main':
conftest.c:(.text+0x7): undefined reference to `sys_nerr'
/usr/bin/ld: warning: creating DT_TEXTREL in a PIE
collect2: error: ld returned 1 exit status
configure:6332: $? = 1
configure: failed program was:
| /* confdefs.h */
| #define PACKAGE_NAME ""
| #define PACKAGE_TARNAME ""
| #define PACKAGE_VERSION ""
| #define PACKAGE_STRING ""
| #define PACKAGE_BUGREPORT ""
| #define PACKAGE_URL ""
| #define STDC_HEADERS 1
| #define HAVE_SYS_TYPES_H 1
| #define HAVE_SYS_STAT_H 1
| #define HAVE_STDLIB_H 1
| #define HAVE_STRING_H 1
| #define HAVE_MEMORY_H 1
| #define HAVE_STRINGS_H 1
| #define HAVE_INTTYPES_H 1
| #define HAVE_STDINT_H 1
| #define HAVE_UNISTD_H 1
| #define HAVE_SYS_FILE_H 1
| #define HAVE_SYS_PARAM_H 1
| #define HAVE_LIMITS_H 1
| #define HAVE_STDLIB_H 1
| #define HAVE_MALLOC_H 1
| #define HAVE_STRING_H 1
| #define HAVE_UNISTD_H 1
| #define HAVE_STRINGS_H 1
| #define HAVE_SYS_TIME_H 1
| #define HAVE_TIME_H 1
| #define HAVE_SYS_RESOURCE_H 1
| #define HAVE_SYS_STAT_H 1
| #define HAVE_SYS_MMAN_H 1
| #define HAVE_FCNTL_H 1
| #define HAVE_ALLOCA_H 1
| #define HAVE_SYS_SYSINFO_H 1
| #define HAVE_STDINT_H 1
| #define HAVE_STDIO_EXT_H 1
| #define HAVE_SYS_WAIT_H 1
| #define TIME_WITH_SYS_TIME 1
| #define SIZEOF_INT 4
| #define UNSIGNED_64BIT_TYPE uint64_t
| #define HAVE_INTPTR_T 1
| #define HAVE_UINTPTR_T 1
| #define HAVE_UINTPTR_T 1
| #define HAVE_PRCTL_SET_NAME 1
| #define HAVE_ASPRINTF 1
| #define HAVE_ATEXIT 1
| #define HAVE_BASENAME 1
| #define HAVE_BCMP 1
| #define HAVE_BCOPY 1
| #define HAVE_BSEARCH 1
| #define HAVE_BZERO 1
| #define HAVE_CALLOC 1
| #define HAVE_CLOCK 1
| #define HAVE_FFS 1
| #define HAVE_GETCWD 1
| #define HAVE_GETPAGESIZE 1
| #define HAVE_GETTIMEOFDAY 1
| #define HAVE_INDEX 1
| #define HAVE_INSQUE 1
| #define HAVE_MEMCHR 1
| #define HAVE_MEMCMP 1
| #define HAVE_MEMCPY 1
| #define HAVE_MEMMEM 1
| #define HAVE_MEMMOVE 1
| #define HAVE_MEMPCPY 1
| #define HAVE_MEMSET 1
| #define HAVE_MKSTEMPS 1
| #define HAVE_PUTENV 1
| #define HAVE_RANDOM 1
| #define HAVE_RENAME 1
| #define HAVE_RINDEX 1
| #define HAVE_SETENV 1
| #define HAVE_SNPRINTF 1
| #define HAVE_SIGSETMASK 1
| #define HAVE_STPCPY 1
| #define HAVE_STPNCPY 1
| #define HAVE_STRCASECMP 1
| #define HAVE_STRCHR 1
| #define HAVE_STRDUP 1
| #define HAVE_STRNCASECMP 1
| #define HAVE_STRNDUP 1
| #define HAVE_STRRCHR 1
| #define HAVE_STRSTR 1
| #define HAVE_STRTOD 1
| #define HAVE_STRTOL 1
| #define HAVE_STRTOUL 1
| #define HAVE_STRVERSCMP 1
| #define HAVE_TMPNAM 1
| #define HAVE_VASPRINTF 1
| #define HAVE_VFPRINTF 1
| #define HAVE_VPRINTF 1
| #define HAVE_VSNPRINTF 1
| #define HAVE_VSPRINTF 1
| #define HAVE_WAITPID 1
| #define STACK_DIRECTION -1
| #define HAVE_FORK 1
| #define HAVE_VFORK 1
| #define HAVE_WORKING_VFORK 1
| #define HAVE_WORKING_FORK 1
| /* end confdefs.h.  */
| int *p;
| int
| main ()
| {
| extern int sys_nerr []; p = sys_nerr;
|   ;
|   return 0;
| }
configure:6350: result: no
configure:6313: checking for sys_siglist
configure:6332: gcc -o conftest -O1 -w -std=gnu89    conftest.c  >&5
/usr/bin/ld: /tmp/ccLrfGL4.o: warning: relocation against `sys_siglist' in read-only section `.text'
/usr/bin/ld: /tmp/ccLrfGL4.o: in function `main':
conftest.c:(.text+0x7): undefined reference to `sys_siglist'
/usr/bin/ld: warning: creating DT_TEXTREL in a PIE
collect2: error: ld returned 1 exit status
configure:6332: $? = 1
configure: failed program was:
| /* confdefs.h */
| #define PACKAGE_NAME ""
| #define PACKAGE_TARNAME ""
| #define PACKAGE_VERSION ""
| #define PACKAGE_STRING ""
| #define PACKAGE_BUGREPORT ""
| #define PACKAGE_URL ""
| #define STDC_HEADERS 1
| #define HAVE_SYS_TYPES_H 1
| #define HAVE_SYS_STAT_H 1
| #define HAVE_STDLIB_H 1
| #define HAVE_STRING_H 1
| #define HAVE_MEMORY_H 1
| #define HAVE_STRINGS_H 1
| #define HAVE_INTTYPES_H 1
| #define HAVE_STDINT_H 1
| #define HAVE_UNISTD_H 1
| #define HAVE_SYS_FILE_H 1
| #define HAVE_SYS_PARAM_H 1
| #define HAVE_LIMITS_H 1
| #define HAVE_STDLIB_H 1
| #define HAVE_MALLOC_H 1
| #define HAVE_STRING_H 1
| #define HAVE_UNISTD_H 1
| #define HAVE_STRINGS_H 1
| #define HAVE_SYS_TIME_H 1
| #define HAVE_TIME_H 1
| #define HAVE_SYS_RESOURCE_H 1
| #define HAVE_SYS_STAT_H 1
| #define HAVE_SYS_MMAN_H 1
| #define HAVE_FCNTL_H 1
| #define HAVE_ALLOCA_H 1
| #define HAVE_SYS_SYSINFO_H 1
| #define HAVE_STDINT_H 1
| #define HAVE_STDIO_EXT_H 1
| #define HAVE_SYS_WAIT_H 1
| #define TIME_WITH_SYS_TIME 1
| #define SIZEOF_INT 4
| #define UNSIGNED_64BIT_TYPE uint64_t
| #define HAVE_INTPTR_T 1
| #define HAVE_UINTPTR_T 1
| #define HAVE_UINTPTR_T 1
| #define HAVE_PRCTL_SET_NAME 1
| #define HAVE_ASPRINTF 1
| #define HAVE_ATEXIT 1
| #define HAVE_BASENAME 1
| #define HAVE_BCMP 1
| #define HAVE_BCOPY 1
| #define HAVE_BSEARCH 1
| #define HAVE_BZERO 1
| #define HAVE_CALLOC 1
| #define HAVE_CLOCK 1
| #define HAVE_FFS 1
| #define HAVE_GETCWD 1
| #define HAVE_GETPAGESIZE 1
| #define HAVE_GETTIMEOFDAY 1
| #define HAVE_INDEX 1
| #define HAVE_INSQUE 1
| #define HAVE_MEMCHR 1
| #define HAVE_MEMCMP 1
| #define HAVE_MEMCPY 1
| #define HAVE_MEMMEM 1
| #define HAVE_MEMMOVE 1
| #define HAVE_MEMPCPY 1
| #define HAVE_MEMSET 1
| #define HAVE_MKSTEMPS 1
| #define HAVE_PUTENV 1
| #define HAVE_RANDOM 1
| #define HAVE_RENAME 1
| #define HAVE_RINDEX 1
| #define HAVE_SETENV 1
| #define HAVE_SNPRINTF 1
| #define HAVE_SIGSETMASK 1
| #define HAVE_STPCPY 1
| #define HAVE_STPNCPY 1
| #define HAVE_STRCASECMP 1
| #define HAVE_STRCHR 1
| #define HAVE_STRDUP 1
| #define HAVE_STRNCASECMP 1
| #define HAVE_STRNDUP 1
| #define HAVE_STRRCHR 1
| #define HAVE_STRSTR 1
| #define HAVE_STRTOD 1
| #define HAVE_STRTOL 1
| #define HAVE_STRTOUL 1
| #define HAVE_STRVERSCMP 1
| #define HAVE_TMPNAM 1
| #define HAVE_VASPRINTF 1
| #define HAVE_VFPRINTF 1
| #define HAVE_VPRINTF 1
| #define HAVE_VSNPRINTF 1
| #define HAVE_VSPRINTF 1
| #define HAVE_WAITPID 1
| #define STACK_DIRECTION -1
| #define HAVE_FORK 1
| #define HAVE_VFORK 1
| #define HAVE_WORKING_VFORK 1
| #define HAVE_WORKING_FORK 1
| /* end confdefs.h.  */
| int *p;
| int
| main ()
| {
| extern int sys_siglist []; p = sys_siglist;
|   ;
|   return 0;
| }
configure:6350: result: no
configure:6357: checking for external symbol _system_configuration
configure:6370: gcc -c -O1 -w -std=gnu89  conftest.c >&5
conftest.c:100:10: fatal error: sys/systemcfg.h: No such file or directory
  100 | #include <sys/systemcfg.h>
      |          ^~~~~~~~~~~~~~~~~
compilation terminated.
configure:6370: $? = 1
configure: failed program was:
| /* confdefs.h */
| #define PACKAGE_NAME ""
| #define PACKAGE_TARNAME ""
| #define PACKAGE_VERSION ""
| #define PACKAGE_STRING ""
| #define PACKAGE_BUGREPORT ""
| #define PACKAGE_URL ""
| #define STDC_HEADERS 1
| #define HAVE_SYS_TYPES_H 1
| #define HAVE_SYS_STAT_H 1
| #define HAVE_STDLIB_H 1
| #define HAVE_STRING_H 1
| #define HAVE_MEMORY_H 1
| #define HAVE_STRINGS_H 1
| #define HAVE_INTTYPES_H 1
| #define HAVE_STDINT_H 1
| #define HAVE_UNISTD_H 1
| #define HAVE_SYS_FILE_H 1
| #define HAVE_SYS_PARAM_H 1
| #define HAVE_LIMITS_H 1
| #define HAVE_STDLIB_H 1
| #define HAVE_MALLOC_H 1
| #define HAVE_STRING_H 1
| #define HAVE_UNISTD_H 1
| #define HAVE_STRINGS_H 1
| #define HAVE_SYS_TIME_H 1
| #define HAVE_TIME_H 1
| #define HAVE_SYS_RESOURCE_H 1
| #define HAVE_SYS_STAT_H 1
| #define HAVE_SYS_MMAN_H 1
| #define HAVE_FCNTL_H 1
| #define HAVE_ALLOCA_H 1
| #define HAVE_SYS_SYSINFO_H 1
| #define HAVE_STDINT_H 1
| #define HAVE_STDIO_EXT_H 1
| #define HAVE_SYS_WAIT_H 1
| #define TIME_WITH_SYS_TIME 1
| #define SIZEOF_INT 4
| #define UNSIGNED_64BIT_TYPE uint64_t
| #define HAVE_INTPTR_T 1
| #define HAVE_UINTPTR_T 1
| #define HAVE_UINTPTR_T 1
| #define HAVE_PRCTL_SET_NAME 1
| #define HAVE_ASPRINTF 1
| #define HAVE_ATEXIT 1
| #define HAVE_BASENAME 1
| #define HAVE_BCMP 1
| #define HAVE_BCOPY 1
| #define HAVE_BSEARCH 1
| #define HAVE_BZERO 1
| #define HAVE_CALLOC 1
| #define HAVE_CLOCK 1
| #define HAVE_FFS 1
| #define HAVE_GETCWD 1
| #define HAVE_GETPAGESIZE 1
| #define HAVE_GETTIMEOFDAY 1
| #define HAVE_INDEX 1
| #define HAVE_INSQUE 1
| #define HAVE_MEMCHR 1
| #define HAVE_MEMCMP 1
| #define HAVE_MEMCPY 1
| #define HAVE_MEMMEM 1
| #define HAVE_MEMMOVE 1
| #define HAVE_MEMPCPY 1
| #define HAVE_MEMSET 1
| #define HAVE_MKSTEMPS 1
| #define HAVE_PUTENV 1
| #define HAVE_RANDOM 1
| #define HAVE_RENAME 1
| #define HAVE_RINDEX 1
| #define HAVE_SETENV 1
| #define HAVE_SNPRINTF 1
| #define HAVE_SIGSETMASK 1
| #define HAVE_STPCPY 1
| #define HAVE_STPNCPY 1
| #define HAVE_STRCASECMP 1
| #define HAVE_STRCHR 1
| #define HAVE_STRDUP 1
| #define HAVE_STRNCASECMP 1
| #define HAVE_STRNDUP 1
| #define HAVE_STRRCHR 1
| #define HAVE_STRSTR 1
| #define HAVE_STRTOD 1
| #define HAVE_STRTOL 1
| #define HAVE_STRTOUL 1
| #define HAVE_STRVERSCMP 1
| #define HAVE_TMPNAM 1
| #define HAVE_VASPRINTF 1
| #define HAVE_VFPRINTF 1
| #define HAVE_VPRINTF 1
| #define HAVE_VSNPRINTF 1
| #define HAVE_VSPRINTF 1
| #define HAVE_WAITPID 1
| #define STACK_DIRECTION -1
| #define HAVE_FORK 1
| #define HAVE_VFORK 1
| #define HAVE_WORKING_VFORK 1
| #define HAVE_WORKING_FORK 1
| /* end confdefs.h.  */
| #include <sys/systemcfg.h>
| int
| main ()
| {
| double x = _system_configuration.physmem;
|   ;
|   return 0;
| }
configure:6377: result: no
configure:6385: checking for __fsetlocking
configure:6385: gcc -o conftest -O1 -w -std=gnu89    conftest.c  >&5
configure:6385: $? = 0
configure:6385: result: yes
configure:6385: checking for canonicalize_file_name
configure:6385: gcc -o conftest -O1 -w -std=gnu89    conftest.c  >&5
configure:6385: $? = 0
configure:6385: result: yes
configure:6385: checking for dup3
configure:6385: gcc -o conftest -O1 -w -std=gnu89    conftest.c  >&5
configure:6385: $? = 0
configure:6385: result: yes
configure:6385: checking for getrusage
configure:6385: gcc -o conftest -O1 -w -std=gnu89    conftest.c  >&5
configure:6385: $? = 0
configure:6385: result: yes
configure:6385: checking for getsysinfo
configure:6385: gcc -o conftest -O1 -w -std=gnu89    conftest.c  >&5
/usr/bin/ld: /tmp/ccQ4Etgx.o: in function `main':
conftest.c:(.text+0xe): undefined reference to `getsysinfo'
collect2: error: ld returned 1 exit status
configure:6385: $? = 1
configure: failed program was:
| /* confdefs.h */
| #define PACKAGE_NAME ""
| #define PACKAGE_TARNAME ""
| #define PACKAGE_VERSION ""
| #define PACKAGE_STRING ""
| #define PACKAGE_BUGREPORT ""
| #define PACKAGE_URL ""
| #define STDC_HEADERS 1
| #define HAVE_SYS_TYPES_H 1
| #define HAVE_SYS_STAT_H 1
| #define HAVE_STDLIB_H 1
| #define HAVE_STRING_H 1
| #define HAVE_MEMORY_H 1
| #define HAVE_STRINGS_H 1
| #define HAVE_INTTYPES_H 1
| #define HAVE_STDINT_H 1
| #define HAVE_UNISTD_H 1
| #define HAVE_SYS_FILE_H 1
| #define HAVE_SYS_PARAM_H 1
| #define HAVE_LIMITS_H 1
| #define HAVE_STDLIB_H 1
| #define HAVE_MALLOC_H 1
| #define HAVE_STRING_H 1
| #define HAVE_UNISTD_H 1
| #define HAVE_STRINGS_H 1
| #define HAVE_SYS_TIME_H 1
| #define HAVE_TIME_H 1
| #define HAVE_SYS_RESOURCE_H 1
| #define HAVE_SYS_STAT_H 1
| #define HAVE_SYS_MMAN_H 1
| #define HAVE_FCNTL_H 1
| #define HAVE_ALLOCA_H 1
| #define HAVE_SYS_SYSINFO_H 1
| #define HAVE_STDINT_H 1
| #define HAVE_STDIO_EXT_H 1
| #define HAVE_SYS_WAIT_H 1
| #define TIME_WITH_SYS_TIME 1
| #define SIZEOF_INT 4
| #define UNSIGNED_64BIT_TYPE uint64_t
| #define HAVE_INTPTR_T 1
| #define HAVE_UINTPTR_T 1
| #define HAVE_UINTPTR_T 1
| #define HAVE_PRCTL_SET_NAME 1
| #define HAVE_ASPRINTF 1
| #define HAVE_ATEXIT 1
| #define HAVE_BASENAME 1
| #define HAVE_BCMP 1
| #define HAVE_BCOPY 1
| #define HAVE_BSEARCH 1
| #define HAVE_BZERO 1
| #define HAVE_CALLOC 1
| #define HAVE_CLOCK 1
| #define HAVE_FFS 1
| #define HAVE_GETCWD 1
| #define HAVE_GETPAGESIZE 1
| #define HAVE_GETTIMEOFDAY 1
| #define HAVE_INDEX 1
| #define HAVE_INSQUE 1
| #define HAVE_MEMCHR 1
| #define HAVE_MEMCMP 1
| #define HAVE_MEMCPY 1
| #define HAVE_MEMMEM 1
| #define HAVE_MEMMOVE 1
| #define HAVE_MEMPCPY 1
| #define HAVE_MEMSET 1
| #define HAVE_MKSTEMPS 1
| #define HAVE_PUTENV 1
| #define HAVE_RANDOM 1
| #define HAVE_RENAME 1
| #define HAVE_RINDEX 1
| #define HAVE_SETENV 1
| #define HAVE_SNPRINTF 1
| #define HAVE_SIGSETMASK 1
| #define HAVE_STPCPY 1
| #define HAVE_STPNCPY 1
| #define HAVE_STRCASECMP 1
| #define HAVE_STRCHR 1
| #define HAVE_STRDUP 1
| #define HAVE_STRNCASECMP 1
| #define HAVE_STRNDUP 1
| #define HAVE_STRRCHR 1
| #define HAVE_STRSTR 1
| #define HAVE_STRTOD 1
| #define HAVE_STRTOL 1
| #define HAVE_STRTOUL 1
| #define HAVE_STRVERSCMP 1
| #define HAVE_TMPNAM 1
| #define HAVE_VASPRINTF 1
| #define HAVE_VFPRINTF 1
| #define HAVE_VPRINTF 1
| #define HAVE_VSNPRINTF 1
| #define HAVE_VSPRINTF 1
| #define HAVE_WAITPID 1
| #define STACK_DIRECTION -1
| #define HAVE_FORK 1
| #define HAVE_VFORK 1
| #define HAVE_WORKING_VFORK 1
| #define HAVE_WORKING_FORK 1
| #define HAVE___FSETLOCKING 1
| #define HAVE_CANONICALIZE_FILE_NAME 1
| #define HAVE_DUP3 1
| #define HAVE_GETRUSAGE 1
| /* end confdefs.h.  */
| /* Define getsysinfo to an innocuous variant, in case <limits.h> declares getsysinfo.
|    For example, HP-UX 11i <limits.h> declares gettimeofday.  */
| #define getsysinfo innocuous_getsysinfo
| 
| /* System header to define __stub macros and hopefully few prototypes,
|     which can conflict with char getsysinfo (); below.
|     Prefer <limits.h> to <assert.h> if __STDC__ is defined, since
|     <limits.h> exists even on freestanding compilers.  */
| 
| #ifdef __STDC__
| # include <limits.h>
| #else
| # include <assert.h>
| #endif
| 
| #undef getsysinfo
| 
| /* Override any GCC internal prototype to avoid an error.
|    Use char because int might match the return type of a GCC
|    builtin and then its argument prototype would still apply.  */
| #ifdef __cplusplus
| extern "C"
| #endif
| char getsysinfo ();
| /* The GNU C library defines this for functions which it implements
|     to always fail with ENOSYS.  Some functions are actually named
|     something starting with __ and the normal name is an alias.  */
| #if defined __stub_getsysinfo || defined __stub___getsysinfo
| choke me
| #endif
| 
| int
| main ()
| {
| return getsysinfo ();
|   ;
|   return 0;
| }
configure:6385: result: no
configure:6385: checking for gettimeofday
configure:6385: result: yes
configure:6385: checking for on_exit
configure:6385: gcc -o conftest -O1 -w -std=gnu89    conftest.c  >&5
configure:6385: $? = 0
configure:6385: result: yes
configure:6385: checking for psignal
configure:6385: gcc -o conftest -O1 -w -std=gnu89    conftest.c  >&5
configure:6385: $? = 0
configure:6385: result: yes
configure:6385: checking for pstat_getdynamic
configure:6385: gcc -o conftest -O1 -w -std=gnu89    conftest.c  >&5
/usr/bin/ld: /tmp/ccn23YLK.o: in function `main':
conftest.c:(.text+0xe): undefined reference to `pstat_getdynamic'
collect2: error: ld returned 1 exit status
configure:6385: $? = 1
configure: failed program was:
| /* confdefs.h */
| #define PACKAGE_NAME ""
| #define PACKAGE_TARNAME ""
| #define PACKAGE_VERSION ""
| #define PACKAGE_STRING ""
| #define PACKAGE_BUGREPORT ""
| #define PACKAGE_URL ""
| #define STDC_HEADERS 1
| #define HAVE_SYS_TYPES_H 1
| #define HAVE_SYS_STAT_H 1
| #define HAVE_STDLIB_H 1
| #define HAVE_STRING_H 1
| #define HAVE_MEMORY_H 1
| #define HAVE_STRINGS_H 1
| #define HAVE_INTTYPES_H 1
| #define HAVE_STDINT_H 1
| #define HAVE_UNISTD_H 1
| #define HAVE_SYS_FILE_H 1
| #define HAVE_SYS_PARAM_H 1
| #define HAVE_LIMITS_H 1
| #define HAVE_STDLIB_H 1
| #define HAVE_MALLOC_H 1
| #define HAVE_STRING_H 1
| #define HAVE_UNISTD_H 1
| #define HAVE_STRINGS_H 1
| #define HAVE_SYS_TIME_H 1
| #define HAVE_TIME_H 1
| #define HAVE_SYS_RESOURCE_H 1
| #define HAVE_SYS_STAT_H 1
| #define HAVE_SYS_MMAN_H 1
| #define HAVE_FCNTL_H 1
| #define HAVE_ALLOCA_H 1
| #define HAVE_SYS_SYSINFO_H 1
| #define HAVE_STDINT_H 1
| #define HAVE_STDIO_EXT_H 1
| #define HAVE_SYS_WAIT_H 1
| #define TIME_WITH_SYS_TIME 1
| #define SIZEOF_INT 4
| #define UNSIGNED_64BIT_TYPE uint64_t
| #define HAVE_INTPTR_T 1
| #define HAVE_UINTPTR_T 1
| #define HAVE_UINTPTR_T 1
| #define HAVE_PRCTL_SET_NAME 1
| #define HAVE_ASPRINTF 1
| #define HAVE_ATEXIT 1
| #define HAVE_BASENAME 1
| #define HAVE_BCMP 1
| #define HAVE_BCOPY 1
| #define HAVE_BSEARCH 1
| #define HAVE_BZERO 1
| #define HAVE_CALLOC 1
| #define HAVE_CLOCK 1
| #define HAVE_FFS 1
| #define HAVE_GETCWD 1
| #define HAVE_GETPAGESIZE 1
| #define HAVE_GETTIMEOFDAY 1
| #define HAVE_INDEX 1
| #define HAVE_INSQUE 1
| #define HAVE_MEMCHR 1
| #define HAVE_MEMCMP 1
| #define HAVE_MEMCPY 1
| #define HAVE_MEMMEM 1
| #define HAVE_MEMMOVE 1
| #define HAVE_MEMPCPY 1
| #define HAVE_MEMSET 1
| #define HAVE_MKSTEMPS 1
| #define HAVE_PUTENV 1
| #define HAVE_RANDOM 1
| #define HAVE_RENAME 1
| #define HAVE_RINDEX 1
| #define HAVE_SETENV 1
| #define HAVE_SNPRINTF 1
| #define HAVE_SIGSETMASK 1
| #define HAVE_STPCPY 1
| #define HAVE_STPNCPY 1
| #define HAVE_STRCASECMP 1
| #define HAVE_STRCHR 1
| #define HAVE_STRDUP 1
| #define HAVE_STRNCASECMP 1
| #define HAVE_STRNDUP 1
| #define HAVE_STRRCHR 1
| #define HAVE_STRSTR 1
| #define HAVE_STRTOD 1
| #define HAVE_STRTOL 1
| #define HAVE_STRTOUL 1
| #define HAVE_STRVERSCMP 1
| #define HAVE_TMPNAM 1
| #define HAVE_VASPRINTF 1
| #define HAVE_VFPRINTF 1
| #define HAVE_VPRINTF 1
| #define HAVE_VSNPRINTF 1
| #define HAVE_VSPRINTF 1
| #define HAVE_WAITPID 1
| #define STACK_DIRECTION -1
| #define HAVE_FORK 1
| #define HAVE_VFORK 1
| #define HAVE_WORKING_VFORK 1
| #define HAVE_WORKING_FORK 1
| #define HAVE___FSETLOCKING 1
| #define HAVE_CANONICALIZE_FILE_NAME 1
| #define HAVE_DUP3 1
| #define HAVE_GETRUSAGE 1
| #define HAVE_GETTIMEOFDAY 1
| #define HAVE_ON_EXIT 1
| #define HAVE_PSIGNAL 1
| /* end confdefs.h.  */
| /* Define pstat_getdynamic to an innocuous variant, in case <limits.h> declares pstat_getdynamic.
|    For example, HP-UX 11i <limits.h> declares gettimeofday.  */
| #define pstat_getdynamic innocuous_pstat_getdynamic
| 
| /* System header to define __stub macros and hopefully few prototypes,
|     which can conflict with char pstat_getdynamic (); below.
|     Prefer <limits.h> to <assert.h> if __STDC__ is defined, since
|     <limits.h> exists even on freestanding compilers.  */
| 
| #ifdef __STDC__
| # include <limits.h>
| #else
| # include <assert.h>
| #endif
| 
| #undef pstat_getdynamic
| 
| /* Override any GCC internal prototype to avoid an error.
|    Use char because int might match the return type of a GCC
|    builtin and then its argument prototype would still apply.  */
| #ifdef __cplusplus
| extern "C"
| #endif
| char pstat_getdynamic ();
| /* The GNU C library defines this for functions which it implements
|     to always fail with ENOSYS.  Some functions are actually named
|     something starting with __ and the normal name is an alias.  */
| #if defined __stub_pstat_getdynamic || defined __stub___pstat_getdynamic
| choke me
| #endif
| 
| int
| main ()
| {
| return pstat_getdynamic ();
|   ;
|   return 0;
| }
configure:6385: result: no
configure:6385: checking for pstat_getstatic
configure:6385: gcc -o conftest -O1 -w -std=gnu89    conftest.c  >&5
/usr/bin/ld: /tmp/ccQpSdMS.o: in function `main':
conftest.c:(.text+0xe): undefined reference to `pstat_getstatic'
collect2: error: ld returned 1 exit status
configure:6385: $? = 1
configure: failed program was:
| /* confdefs.h */
| #define PACKAGE_NAME ""
| #define PACKAGE_TARNAME ""
| #define PACKAGE_VERSION ""
| #define PACKAGE_STRING ""
| #define PACKAGE_BUGREPORT ""
| #define PACKAGE_URL ""
| #define STDC_HEADERS 1
| #define HAVE_SYS_TYPES_H 1
| #define HAVE_SYS_STAT_H 1
| #define HAVE_STDLIB_H 1
| #define HAVE_STRING_H 1
| #define HAVE_MEMORY_H 1
| #define HAVE_STRINGS_H 1
| #define HAVE_INTTYPES_H 1
| #define HAVE_STDINT_H 1
| #define HAVE_UNISTD_H 1
| #define HAVE_SYS_FILE_H 1
| #define HAVE_SYS_PARAM_H 1
| #define HAVE_LIMITS_H 1
| #define HAVE_STDLIB_H 1
| #define HAVE_MALLOC_H 1
| #define HAVE_STRING_H 1
| #define HAVE_UNISTD_H 1
| #define HAVE_STRINGS_H 1
| #define HAVE_SYS_TIME_H 1
| #define HAVE_TIME_H 1
| #define HAVE_SYS_RESOURCE_H 1
| #define HAVE_SYS_STAT_H 1
| #define HAVE_SYS_MMAN_H 1
| #define HAVE_FCNTL_H 1
| #define HAVE_ALLOCA_H 1
| #define HAVE_SYS_SYSINFO_H 1
| #define HAVE_STDINT_H 1
| #define HAVE_STDIO_EXT_H 1
| #define HAVE_SYS_WAIT_H 1
| #define TIME_WITH_SYS_TIME 1
| #define SIZEOF_INT 4
| #define UNSIGNED_64BIT_TYPE uint64_t
| #define HAVE_INTPTR_T 1
| #define HAVE_UINTPTR_T 1
| #define HAVE_UINTPTR_T 1
| #define HAVE_PRCTL_SET_NAME 1
| #define HAVE_ASPRINTF 1
| #define HAVE_ATEXIT 1
| #define HAVE_BASENAME 1
| #define HAVE_BCMP 1
| #define HAVE_BCOPY 1
| #define HAVE_BSEARCH 1
| #define HAVE_BZERO 1
| #define HAVE_CALLOC 1
| #define HAVE_CLOCK 1
| #define HAVE_FFS 1
| #define HAVE_GETCWD 1
| #define HAVE_GETPAGESIZE 1
| #define HAVE_GETTIMEOFDAY 1
| #define HAVE_INDEX 1
| #define HAVE_INSQUE 1
| #define HAVE_MEMCHR 1
| #define HAVE_MEMCMP 1
| #define HAVE_MEMCPY 1
| #define HAVE_MEMMEM 1
| #define HAVE_MEMMOVE 1
| #define HAVE_MEMPCPY 1
| #define HAVE_MEMSET 1
| #define HAVE_MKSTEMPS 1
| #define HAVE_PUTENV 1
| #define HAVE_RANDOM 1
| #define HAVE_RENAME 1
| #define HAVE_RINDEX 1
| #define HAVE_SETENV 1
| #define HAVE_SNPRINTF 1
| #define HAVE_SIGSETMASK 1
| #define HAVE_STPCPY 1
| #define HAVE_STPNCPY 1
| #define HAVE_STRCASECMP 1
| #define HAVE_STRCHR 1
| #define HAVE_STRDUP 1
| #define HAVE_STRNCASECMP 1
| #define HAVE_STRNDUP 1
| #define HAVE_STRRCHR 1
| #define HAVE_STRSTR 1
| #define HAVE_STRTOD 1
| #define HAVE_STRTOL 1
| #define HAVE_STRTOUL 1
| #define HAVE_STRVERSCMP 1
| #define HAVE_TMPNAM 1
| #define HAVE_VASPRINTF 1
| #define HAVE_VFPRINTF 1
| #define HAVE_VPRINTF 1
| #define HAVE_VSNPRINTF 1
| #define HAVE_VSPRINTF 1
| #define HAVE_WAITPID 1
| #define STACK_DIRECTION -1
| #define HAVE_FORK 1
| #define HAVE_VFORK 1
| #define HAVE_WORKING_VFORK 1
| #define HAVE_WORKING_FORK 1
| #define HAVE___FSETLOCKING 1
| #define HAVE_CANONICALIZE_FILE_NAME 1
| #define HAVE_DUP3 1
| #define HAVE_GETRUSAGE 1
| #define HAVE_GETTIMEOFDAY 1
| #define HAVE_ON_EXIT 1
| #define HAVE_PSIGNAL 1
| /* end confdefs.h.  */
| /* Define pstat_getstatic to an innocuous variant, in case <limits.h> declares pstat_getstatic.
|    For example, HP-UX 11i <limits.h> declares gettimeofday.  */
| #define pstat_getstatic innocuous_pstat_getstatic
| 
| /* System header to define __stub macros and hopefully few prototypes,
|     which can conflict with char pstat_getstatic (); below.
|     Prefer <limits.h> to <assert.h> if __STDC__ is defined, since
|     <limits.h> exists even on freestanding compilers.  */
| 
| #ifdef __STDC__
| # include <limits.h>
| #else
| # include <assert.h>
| #endif
| 
| #undef pstat_getstatic
| 
| /* Override any GCC internal prototype to avoid an error.
|    Use char because int might match the return type of a GCC
|    builtin and then its argument prototype would still apply.  */
| #ifdef __cplusplus
| extern "C"
| #endif
| char pstat_getstatic ();
| /* The GNU C library defines this for functions which it implements
|     to always fail with ENOSYS.  Some functions are actually named
|     something starting with __ and the normal name is an alias.  */
| #if defined __stub_pstat_getstatic || defined __stub___pstat_getstatic
| choke me
| #endif
| 
| int
| main ()
| {
| return pstat_getstatic ();
|   ;
|   return 0;
| }
configure:6385: result: no
configure:6385: checking for realpath
configure:6385: gcc -o conftest -O1 -w -std=gnu89    conftest.c  >&5
configure:6385: $? = 0
configure:6385: result: yes
configure:6385: checking for sbrk
configure:6385: gcc -o conftest -O1 -w -std=gnu89    conftest.c  >&5
configure:6385: $? = 0
configure:6385: result: yes
configure:6385: checking for spawnve
configure:6385: gcc -o conftest -O1 -w -std=gnu89    conftest.c  >&5
/usr/bin/ld: /tmp/ccVczvJJ.o: in function `main':
conftest.c:(.text+0xe): undefined reference to `spawnve'
collect2: error: ld returned 1 exit status
configure:6385: $? = 1
configure: failed program was:
| /* confdefs.h */
| #define PACKAGE_NAME ""
| #define PACKAGE_TARNAME ""
| #define PACKAGE_VERSION ""
| #define PACKAGE_STRING ""
| #define PACKAGE_BUGREPORT ""
| #define PACKAGE_URL ""
| #define STDC_HEADERS 1
| #define HAVE_SYS_TYPES_H 1
| #define HAVE_SYS_STAT_H 1
| #define HAVE_STDLIB_H 1
| #define HAVE_STRING_H 1
| #define HAVE_MEMORY_H 1
| #define HAVE_STRINGS_H 1
| #define HAVE_INTTYPES_H 1
| #define HAVE_STDINT_H 1
| #define HAVE_UNISTD_H 1
| #define HAVE_SYS_FILE_H 1
| #define HAVE_SYS_PARAM_H 1
| #define HAVE_LIMITS_H 1
| #define HAVE_STDLIB_H 1
| #define HAVE_MALLOC_H 1
| #define HAVE_STRING_H 1
| #define HAVE_UNISTD_H 1
| #define HAVE_STRINGS_H 1
| #define HAVE_SYS_TIME_H 1
| #define HAVE_TIME_H 1
| #define HAVE_SYS_RESOURCE_H 1
| #define HAVE_SYS_STAT_H 1
| #define HAVE_SYS_MMAN_H 1
| #define HAVE_FCNTL_H 1
| #define HAVE_ALLOCA_H 1
| #define HAVE_SYS_SYSINFO_H 1
| #define HAVE_STDINT_H 1
| #define HAVE_STDIO_EXT_H 1
| #define HAVE_SYS_WAIT_H 1
| #define TIME_WITH_SYS_TIME 1
| #define SIZEOF_INT 4
| #define UNSIGNED_64BIT_TYPE uint64_t
| #define HAVE_INTPTR_T 1
| #define HAVE_UINTPTR_T 1
| #define HAVE_UINTPTR_T 1
| #define HAVE_PRCTL_SET_NAME 1
| #define HAVE_ASPRINTF 1
| #define HAVE_ATEXIT 1
| #define HAVE_BASENAME 1
| #define HAVE_BCMP 1
| #define HAVE_BCOPY 1
| #define HAVE_BSEARCH 1
| #define HAVE_BZERO 1
| #define HAVE_CALLOC 1
| #define HAVE_CLOCK 1
| #define HAVE_FFS 1
| #define HAVE_GETCWD 1
| #define HAVE_GETPAGESIZE 1
| #define HAVE_GETTIMEOFDAY 1
| #define HAVE_INDEX 1
| #define HAVE_INSQUE 1
| #define HAVE_MEMCHR 1
| #define HAVE_MEMCMP 1
| #define HAVE_MEMCPY 1
| #define HAVE_MEMMEM 1
| #define HAVE_MEMMOVE 1
| #define HAVE_MEMPCPY 1
| #define HAVE_MEMSET 1
| #define HAVE_MKSTEMPS 1
| #define HAVE_PUTENV 1
| #define HAVE_RANDOM 1
| #define HAVE_RENAME 1
| #define HAVE_RINDEX 1
| #define HAVE_SETENV 1
| #define HAVE_SNPRINTF 1
| #define HAVE_SIGSETMASK 1
| #define HAVE_STPCPY 1
| #define HAVE_STPNCPY 1
| #define HAVE_STRCASECMP 1
| #define HAVE_STRCHR 1
| #define HAVE_STRDUP 1
| #define HAVE_STRNCASECMP 1
| #define HAVE_STRNDUP 1
| #define HAVE_STRRCHR 1
| #define HAVE_STRSTR 1
| #define HAVE_STRTOD 1
| #define HAVE_STRTOL 1
| #define HAVE_STRTOUL 1
| #define HAVE_STRVERSCMP 1
| #define HAVE_TMPNAM 1
| #define HAVE_VASPRINTF 1
| #define HAVE_VFPRINTF 1
| #define HAVE_VPRINTF 1
| #define HAVE_VSNPRINTF 1
| #define HAVE_VSPRINTF 1
| #define HAVE_WAITPID 1
| #define STACK_DIRECTION -1
| #define HAVE_FORK 1
| #define HAVE_VFORK 1
| #define HAVE_WORKING_VFORK 1
| #define HAVE_WORKING_FORK 1
| #define HAVE___FSETLOCKING 1
| #define HAVE_CANONICALIZE_FILE_NAME 1
| #define HAVE_DUP3 1
| #define HAVE_GETRUSAGE 1
| #define HAVE_GETTIMEOFDAY 1
| #define HAVE_ON_EXIT 1
| #define HAVE_PSIGNAL 1
| #define HAVE_REALPATH 1
| #define HAVE_SBRK 1
| /* end confdefs.h.  */
| /* Define spawnve to an innocuous variant, in case <limits.h> declares spawnve.
|    For example, HP-UX 11i <limits.h> declares gettimeofday.  */
| #define spawnve innocuous_spawnve
| 
| /* System header to define __stub macros and hopefully few prototypes,
|     which can conflict with char spawnve (); below.
|     Prefer <limits.h> to <assert.h> if __STDC__ is defined, since
|     <limits.h> exists even on freestanding compilers.  */
| 
| #ifdef __STDC__
| # include <limits.h>
| #else
| # include <assert.h>
| #endif
| 
| #undef spawnve
| 
| /* Override any GCC internal prototype to avoid an error.
|    Use char because int might match the return type of a GCC
|    builtin and then its argument prototype would still apply.  */
| #ifdef __cplusplus
| extern "C"
| #endif
| char spawnve ();
| /* The GNU C library defines this for functions which it implements
|     to always fail with ENOSYS.  Some functions are actually named
|     something starting with __ and the normal name is an alias.  */
| #if defined __stub_spawnve || defined __stub___spawnve
| choke me
| #endif
| 
| int
| main ()
| {
| return spawnve ();
|   ;
|   return 0;
| }
configure:6385: result: no
configure:6385: checking for spawnvpe
configure:6385: gcc -o conftest -O1 -w -std=gnu89    conftest.c  >&5
/usr/bin/ld: /tmp/ccWreRab.o: in function `main':
conftest.c:(.text+0xe): undefined reference to `spawnvpe'
collect2: error: ld returned 1 exit status
configure:6385: $? = 1
configure: failed program was:
| /* confdefs.h */
| #define PACKAGE_NAME ""
| #define PACKAGE_TARNAME ""
| #define PACKAGE_VERSION ""
| #define PACKAGE_STRING ""
| #define PACKAGE_BUGREPORT ""
| #define PACKAGE_URL ""
| #define STDC_HEADERS 1
| #define HAVE_SYS_TYPES_H 1
| #define HAVE_SYS_STAT_H 1
| #define HAVE_STDLIB_H 1
| #define HAVE_STRING_H 1
| #define HAVE_MEMORY_H 1
| #define HAVE_STRINGS_H 1
| #define HAVE_INTTYPES_H 1
| #define HAVE_STDINT_H 1
| #define HAVE_UNISTD_H 1
| #define HAVE_SYS_FILE_H 1
| #define HAVE_SYS_PARAM_H 1
| #define HAVE_LIMITS_H 1
| #define HAVE_STDLIB_H 1
| #define HAVE_MALLOC_H 1
| #define HAVE_STRING_H 1
| #define HAVE_UNISTD_H 1
| #define HAVE_STRINGS_H 1
| #define HAVE_SYS_TIME_H 1
| #define HAVE_TIME_H 1
| #define HAVE_SYS_RESOURCE_H 1
| #define HAVE_SYS_STAT_H 1
| #define HAVE_SYS_MMAN_H 1
| #define HAVE_FCNTL_H 1
| #define HAVE_ALLOCA_H 1
| #define HAVE_SYS_SYSINFO_H 1
| #define HAVE_STDINT_H 1
| #define HAVE_STDIO_EXT_H 1
| #define HAVE_SYS_WAIT_H 1
| #define TIME_WITH_SYS_TIME 1
| #define SIZEOF_INT 4
| #define UNSIGNED_64BIT_TYPE uint64_t
| #define HAVE_INTPTR_T 1
| #define HAVE_UINTPTR_T 1
| #define HAVE_UINTPTR_T 1
| #define HAVE_PRCTL_SET_NAME 1
| #define HAVE_ASPRINTF 1
| #define HAVE_ATEXIT 1
| #define HAVE_BASENAME 1
| #define HAVE_BCMP 1
| #define HAVE_BCOPY 1
| #define HAVE_BSEARCH 1
| #define HAVE_BZERO 1
| #define HAVE_CALLOC 1
| #define HAVE_CLOCK 1
| #define HAVE_FFS 1
| #define HAVE_GETCWD 1
| #define HAVE_GETPAGESIZE 1
| #define HAVE_GETTIMEOFDAY 1
| #define HAVE_INDEX 1
| #define HAVE_INSQUE 1
| #define HAVE_MEMCHR 1
| #define HAVE_MEMCMP 1
| #define HAVE_MEMCPY 1
| #define HAVE_MEMMEM 1
| #define HAVE_MEMMOVE 1
| #define HAVE_MEMPCPY 1
| #define HAVE_MEMSET 1
| #define HAVE_MKSTEMPS 1
| #define HAVE_PUTENV 1
| #define HAVE_RANDOM 1
| #define HAVE_RENAME 1
| #define HAVE_RINDEX 1
| #define HAVE_SETENV 1
| #define HAVE_SNPRINTF 1
| #define HAVE_SIGSETMASK 1
| #define HAVE_STPCPY 1
| #define HAVE_STPNCPY 1
| #define HAVE_STRCASECMP 1
| #define HAVE_STRCHR 1
| #define HAVE_STRDUP 1
| #define HAVE_STRNCASECMP 1
| #define HAVE_STRNDUP 1
| #define HAVE_STRRCHR 1
| #define HAVE_STRSTR 1
| #define HAVE_STRTOD 1
| #define HAVE_STRTOL 1
| #define HAVE_STRTOUL 1
| #define HAVE_STRVERSCMP 1
| #define HAVE_TMPNAM 1
| #define HAVE_VASPRINTF 1
| #define HAVE_VFPRINTF 1
| #define HAVE_VPRINTF 1
| #define HAVE_VSNPRINTF 1
| #define HAVE_VSPRINTF 1
| #define HAVE_WAITPID 1
| #define STACK_DIRECTION -1
| #define HAVE_FORK 1
| #define HAVE_VFORK 1
| #define HAVE_WORKING_VFORK 1
| #define HAVE_WORKING_FORK 1
| #define HAVE___FSETLOCKING 1
| #define HAVE_CANONICALIZE_FILE_NAME 1
| #define HAVE_DUP3 1
| #define HAVE_GETRUSAGE 1
| #define HAVE_GETTIMEOFDAY 1
| #define HAVE_ON_EXIT 1
| #define HAVE_PSIGNAL 1
| #define HAVE_REALPATH 1
| #define HAVE_SBRK 1
| /* end confdefs.h.  */
| /* Define spawnvpe to an innocuous variant, in case <limits.h> declares spawnvpe.
|    For example, HP-UX 11i <limits.h> declares gettimeofday.  */
| #define spawnvpe innocuous_spawnvpe
| 
| /* System header to define __stub macros and hopefully few prototypes,
|     which can conflict with char spawnvpe (); below.
|     Prefer <limits.h> to <assert.h> if __STDC__ is defined, since
|     <limits.h> exists even on freestanding compilers.  */
| 
| #ifdef __STDC__
| # include <limits.h>
| #else
| # include <assert.h>
| #endif
| 
| #undef spawnvpe
| 
| /* Override any GCC internal prototype to avoid an error.
|    Use char because int might match the return type of a GCC
|    builtin and then its argument prototype would still apply.  */
| #ifdef __cplusplus
| extern "C"
| #endif
| char spawnvpe ();
| /* The GNU C library defines this for functions which it implements
|     to always fail with ENOSYS.  Some functions are actually named
|     something starting with __ and the normal name is an alias.  */
| #if defined __stub_spawnvpe || defined __stub___spawnvpe
| choke me
| #endif
| 
| int
| main ()
| {
| return spawnvpe ();
|   ;
|   return 0;
| }
configure:6385: result: no
configure:6385: checking for strerror
configure:6385: gcc -o conftest -O1 -w -std=gnu89    conftest.c  >&5
configure:6385: $? = 0
configure:6385: result: yes
configure:6385: checking for strsignal
configure:6385: gcc -o conftest -O1 -w -std=gnu89    conftest.c  >&5
configure:6385: $? = 0
configure:6385: result: yes
configure:6385: checking for sysconf
configure:6385: gcc -o conftest -O1 -w -std=gnu89    conftest.c  >&5
configure:6385: $? = 0
configure:6385: result: yes
configure:6385: checking for sysctl
configure:6385: gcc -o conftest -O1 -w -std=gnu89    conftest.c  >&5
/usr/bin/ld: /tmp/ccAIGgcq.o: in function `main':
conftest.c:(.text+0xe): undefined reference to `sysctl'
collect2: error: ld returned 1 exit status
configure:6385: $? = 1
configure: failed program was:
| /* confdefs.h */
| #define PACKAGE_NAME ""
| #define PACKAGE_TARNAME ""
| #define PACKAGE_VERSION ""
| #define PACKAGE_STRING ""
| #define PACKAGE_BUGREPORT ""
| #define PACKAGE_URL ""
| #define STDC_HEADERS 1
| #define HAVE_SYS_TYPES_H 1
| #define HAVE_SYS_STAT_H 1
| #define HAVE_STDLIB_H 1
| #define HAVE_STRING_H 1
| #define HAVE_MEMORY_H 1
| #define HAVE_STRINGS_H 1
| #define HAVE_INTTYPES_H 1
| #define HAVE_STDINT_H 1
| #define HAVE_UNISTD_H 1
| #define HAVE_SYS_FILE_H 1
| #define HAVE_SYS_PARAM_H 1
| #define HAVE_LIMITS_H 1
| #define HAVE_STDLIB_H 1
| #define HAVE_MALLOC_H 1
| #define HAVE_STRING_H 1
| #define HAVE_UNISTD_H 1
| #define HAVE_STRINGS_H 1
| #define HAVE_SYS_TIME_H 1
| #define HAVE_TIME_H 1
| #define HAVE_SYS_RESOURCE_H 1
| #define HAVE_SYS_STAT_H 1
| #define HAVE_SYS_MMAN_H 1
| #define HAVE_FCNTL_H 1
| #define HAVE_ALLOCA_H 1
| #define HAVE_SYS_SYSINFO_H 1
| #define HAVE_STDINT_H 1
| #define HAVE_STDIO_EXT_H 1
| #define HAVE_SYS_WAIT_H 1
| #define TIME_WITH_SYS_TIME 1
| #define SIZEOF_INT 4
| #define UNSIGNED_64BIT_TYPE uint64_t
| #define HAVE_INTPTR_T 1
| #define HAVE_UINTPTR_T 1
| #define HAVE_UINTPTR_T 1
| #define HAVE_PRCTL_SET_NAME 1
| #define HAVE_ASPRINTF 1
| #define HAVE_ATEXIT 1
| #define HAVE_BASENAME 1
| #define HAVE_BCMP 1
| #define HAVE_BCOPY 1
| #define HAVE_BSEARCH 1
| #define HAVE_BZERO 1
| #define HAVE_CALLOC 1
| #define HAVE_CLOCK 1
| #define HAVE_FFS 1
| #define HAVE_GETCWD 1
| #define HAVE_GETPAGESIZE 1
| #define HAVE_GETTIMEOFDAY 1
| #define HAVE_INDEX 1
| #define HAVE_INSQUE 1
| #define HAVE_MEMCHR 1
| #define HAVE_MEMCMP 1
| #define HAVE_MEMCPY 1
| #define HAVE_MEMMEM 1
| #define HAVE_MEMMOVE 1
| #define HAVE_MEMPCPY 1
| #define HAVE_MEMSET 1
| #define HAVE_MKSTEMPS 1
| #define HAVE_PUTENV 1
| #define HAVE_RANDOM 1
| #define HAVE_RENAME 1
| #define HAVE_RINDEX 1
| #define HAVE_SETENV 1
| #define HAVE_SNPRINTF 1
| #define HAVE_SIGSETMASK 1
| #define HAVE_STPCPY 1
| #define HAVE_STPNCPY 1
| #define HAVE_STRCASECMP 1
| #define HAVE_STRCHR 1
| #define HAVE_STRDUP 1
| #define HAVE_STRNCASECMP 1
| #define HAVE_STRNDUP 1
| #define HAVE_STRRCHR 1
| #define HAVE_STRSTR 1
| #define HAVE_STRTOD 1
| #define HAVE_STRTOL 1
| #define HAVE_STRTOUL 1
| #define HAVE_STRVERSCMP 1
| #define HAVE_TMPNAM 1
| #define HAVE_VASPRINTF 1
| #define HAVE_VFPRINTF 1
| #define HAVE_VPRINTF 1
| #define HAVE_VSNPRINTF 1
| #define HAVE_VSPRINTF 1
| #define HAVE_WAITPID 1
| #define STACK_DIRECTION -1
| #define HAVE_FORK 1
| #define HAVE_VFORK 1
| #define HAVE_WORKING_VFORK 1
| #define HAVE_WORKING_FORK 1
| #define HAVE___FSETLOCKING 1
| #define HAVE_CANONICALIZE_FILE_NAME 1
| #define HAVE_DUP3 1
| #define HAVE_GETRUSAGE 1
| #define HAVE_GETTIMEOFDAY 1
| #define HAVE_ON_EXIT 1
| #define HAVE_PSIGNAL 1
| #define HAVE_REALPATH 1
| #define HAVE_SBRK 1
| #define HAVE_STRERROR 1
| #define HAVE_STRSIGNAL 1
| #define HAVE_SYSCONF 1
| /* end confdefs.h.  */
| /* Define sysctl to an innocuous variant, in case <limits.h> declares sysctl.
|    For example, HP-UX 11i <limits.h> declares gettimeofday.  */
| #define sysctl innocuous_sysctl
| 
| /* System header to define __stub macros and hopefully few prototypes,
|     which can conflict with char sysctl (); below.
|     Prefer <limits.h> to <assert.h> if __STDC__ is defined, since
|     <limits.h> exists even on freestanding compilers.  */
| 
| #ifdef __STDC__
| # include <limits.h>
| #else
| # include <assert.h>
| #endif
| 
| #undef sysctl
| 
| /* Override any GCC internal prototype to avoid an error.
|    Use char because int might match the return type of a GCC
|    builtin and then its argument prototype would still apply.  */
| #ifdef __cplusplus
| extern "C"
| #endif
| char sysctl ();
| /* The GNU C library defines this for functions which it implements
|     to always fail with ENOSYS.  Some functions are actually named
|     something starting with __ and the normal name is an alias.  */
| #if defined __stub_sysctl || defined __stub___sysctl
| choke me
| #endif
| 
| int
| main ()
| {
| return sysctl ();
|   ;
|   return 0;
| }
configure:6385: result: no
configure:6385: checking for sysmp
configure:6385: gcc -o conftest -O1 -w -std=gnu89    conftest.c  >&5
/usr/bin/ld: /tmp/ccbHGluy.o: in function `main':
conftest.c:(.text+0xe): undefined reference to `sysmp'
collect2: error: ld returned 1 exit status
configure:6385: $? = 1
configure: failed program was:
| /* confdefs.h */
| #define PACKAGE_NAME ""
| #define PACKAGE_TARNAME ""
| #define PACKAGE_VERSION ""
| #define PACKAGE_STRING ""
| #define PACKAGE_BUGREPORT ""
| #define PACKAGE_URL ""
| #define STDC_HEADERS 1
| #define HAVE_SYS_TYPES_H 1
| #define HAVE_SYS_STAT_H 1
| #define HAVE_STDLIB_H 1
| #define HAVE_STRING_H 1
| #define HAVE_MEMORY_H 1
| #define HAVE_STRINGS_H 1
| #define HAVE_INTTYPES_H 1
| #define HAVE_STDINT_H 1
| #define HAVE_UNISTD_H 1
| #define HAVE_SYS_FILE_H 1
| #define HAVE_SYS_PARAM_H 1
| #define HAVE_LIMITS_H 1
| #define HAVE_STDLIB_H 1
| #define HAVE_MALLOC_H 1
| #define HAVE_STRING_H 1
| #define HAVE_UNISTD_H 1
| #define HAVE_STRINGS_H 1
| #define HAVE_SYS_TIME_H 1
| #define HAVE_TIME_H 1
| #define HAVE_SYS_RESOURCE_H 1
| #define HAVE_SYS_STAT_H 1
| #define HAVE_SYS_MMAN_H 1
| #define HAVE_FCNTL_H 1
| #define HAVE_ALLOCA_H 1
| #define HAVE_SYS_SYSINFO_H 1
| #define HAVE_STDINT_H 1
| #define HAVE_STDIO_EXT_H 1
| #define HAVE_SYS_WAIT_H 1
| #define TIME_WITH_SYS_TIME 1
| #define SIZEOF_INT 4
| #define UNSIGNED_64BIT_TYPE uint64_t
| #define HAVE_INTPTR_T 1
| #define HAVE_UINTPTR_T 1
| #define HAVE_UINTPTR_T 1
| #define HAVE_PRCTL_SET_NAME 1
| #define HAVE_ASPRINTF 1
| #define HAVE_ATEXIT 1
| #define HAVE_BASENAME 1
| #define HAVE_BCMP 1
| #define HAVE_BCOPY 1
| #define HAVE_BSEARCH 1
| #define HAVE_BZERO 1
| #define HAVE_CALLOC 1
| #define HAVE_CLOCK 1
| #define HAVE_FFS 1
| #define HAVE_GETCWD 1
| #define HAVE_GETPAGESIZE 1
| #define HAVE_GETTIMEOFDAY 1
| #define HAVE_INDEX 1
| #define HAVE_INSQUE 1
| #define HAVE_MEMCHR 1
| #define HAVE_MEMCMP 1
| #define HAVE_MEMCPY 1
| #define HAVE_MEMMEM 1
| #define HAVE_MEMMOVE 1
| #define HAVE_MEMPCPY 1
| #define HAVE_MEMSET 1
| #define HAVE_MKSTEMPS 1
| #define HAVE_PUTENV 1
| #define HAVE_RANDOM 1
| #define HAVE_RENAME 1
| #define HAVE_RINDEX 1
| #define HAVE_SETENV 1
| #define HAVE_SNPRINTF 1
| #define HAVE_SIGSETMASK 1
| #define HAVE_STPCPY 1
| #define HAVE_STPNCPY 1
| #define HAVE_STRCASECMP 1
| #define HAVE_STRCHR 1
| #define HAVE_STRDUP 1
| #define HAVE_STRNCASECMP 1
| #define HAVE_STRNDUP 1
| #define HAVE_STRRCHR 1
| #define HAVE_STRSTR 1
| #define HAVE_STRTOD 1
| #define HAVE_STRTOL 1
| #define HAVE_STRTOUL 1
| #define HAVE_STRVERSCMP 1
| #define HAVE_TMPNAM 1
| #define HAVE_VASPRINTF 1
| #define HAVE_VFPRINTF 1
| #define HAVE_VPRINTF 1
| #define HAVE_VSNPRINTF 1
| #define HAVE_VSPRINTF 1
| #define HAVE_WAITPID 1
| #define STACK_DIRECTION -1
| #define HAVE_FORK 1
| #define HAVE_VFORK 1
| #define HAVE_WORKING_VFORK 1
| #define HAVE_WORKING_FORK 1
| #define HAVE___FSETLOCKING 1
| #define HAVE_CANONICALIZE_FILE_NAME 1
| #define HAVE_DUP3 1
| #define HAVE_GETRUSAGE 1
| #define HAVE_GETTIMEOFDAY 1
| #define HAVE_ON_EXIT 1
| #define HAVE_PSIGNAL 1
| #define HAVE_REALPATH 1
| #define HAVE_SBRK 1
| #define HAVE_STRERROR 1
| #define HAVE_STRSIGNAL 1
| #define HAVE_SYSCONF 1
| /* end confdefs.h.  */
| /* Define sysmp to an innocuous variant, in case <limits.h> declares sysmp.
|    For example, HP-UX 11i <limits.h> declares gettimeofday.  */
| #define sysmp innocuous_sysmp
| 
| /* System header to define __stub macros and hopefully few prototypes,
|     which can conflict with char sysmp (); below.
|     Prefer <limits.h> to <assert.h> if __STDC__ is defined, since
|     <limits.h> exists even on freestanding compilers.  */
| 
| #ifdef __STDC__
| # include <limits.h>
| #else
| # include <assert.h>
| #endif
| 
| #undef sysmp
| 
| /* Override any GCC internal prototype to avoid an error.
|    Use char because int might match the return type of a GCC
|    builtin and then its argument prototype would still apply.  */
| #ifdef __cplusplus
| extern "C"
| #endif
| char sysmp ();
| /* The GNU C library defines this for functions which it implements
|     to always fail with ENOSYS.  Some functions are actually named
|     something starting with __ and the normal name is an alias.  */
| #if defined __stub_sysmp || defined __stub___sysmp
| choke me
| #endif
| 
| int
| main ()
| {
| return sysmp ();
|   ;
|   return 0;
| }
configure:6385: result: no
configure:6385: checking for table
configure:6385: gcc -o conftest -O1 -w -std=gnu89    conftest.c  >&5
/usr/bin/ld: /tmp/ccBLq3XF.o: in function `main':
conftest.c:(.text+0xe): undefined reference to `table'
collect2: error: ld returned 1 exit status
configure:6385: $? = 1
configure: failed program was:
| /* confdefs.h */
| #define PACKAGE_NAME ""
| #define PACKAGE_TARNAME ""
| #define PACKAGE_VERSION ""
| #define PACKAGE_STRING ""
| #define PACKAGE_BUGREPORT ""
| #define PACKAGE_URL ""
| #define STDC_HEADERS 1
| #define HAVE_SYS_TYPES_H 1
| #define HAVE_SYS_STAT_H 1
| #define HAVE_STDLIB_H 1
| #define HAVE_STRING_H 1
| #define HAVE_MEMORY_H 1
| #define HAVE_STRINGS_H 1
| #define HAVE_INTTYPES_H 1
| #define HAVE_STDINT_H 1
| #define HAVE_UNISTD_H 1
| #define HAVE_SYS_FILE_H 1
| #define HAVE_SYS_PARAM_H 1
| #define HAVE_LIMITS_H 1
| #define HAVE_STDLIB_H 1
| #define HAVE_MALLOC_H 1
| #define HAVE_STRING_H 1
| #define HAVE_UNISTD_H 1
| #define HAVE_STRINGS_H 1
| #define HAVE_SYS_TIME_H 1
| #define HAVE_TIME_H 1
| #define HAVE_SYS_RESOURCE_H 1
| #define HAVE_SYS_STAT_H 1
| #define HAVE_SYS_MMAN_H 1
| #define HAVE_FCNTL_H 1
| #define HAVE_ALLOCA_H 1
| #define HAVE_SYS_SYSINFO_H 1
| #define HAVE_STDINT_H 1
| #define HAVE_STDIO_EXT_H 1
| #define HAVE_SYS_WAIT_H 1
| #define TIME_WITH_SYS_TIME 1
| #define SIZEOF_INT 4
| #define UNSIGNED_64BIT_TYPE uint64_t
| #define HAVE_INTPTR_T 1
| #define HAVE_UINTPTR_T 1
| #define HAVE_UINTPTR_T 1
| #define HAVE_PRCTL_SET_NAME 1
| #define HAVE_ASPRINTF 1
| #define HAVE_ATEXIT 1
| #define HAVE_BASENAME 1
| #define HAVE_BCMP 1
| #define HAVE_BCOPY 1
| #define HAVE_BSEARCH 1
| #define HAVE_BZERO 1
| #define HAVE_CALLOC 1
| #define HAVE_CLOCK 1
| #define HAVE_FFS 1
| #define HAVE_GETCWD 1
| #define HAVE_GETPAGESIZE 1
| #define HAVE_GETTIMEOFDAY 1
| #define HAVE_INDEX 1
| #define HAVE_INSQUE 1
| #define HAVE_MEMCHR 1
| #define HAVE_MEMCMP 1
| #define HAVE_MEMCPY 1
| #define HAVE_MEMMEM 1
| #define HAVE_MEMMOVE 1
| #define HAVE_MEMPCPY 1
| #define HAVE_MEMSET 1
| #define HAVE_MKSTEMPS 1
| #define HAVE_PUTENV 1
| #define HAVE_RANDOM 1
| #define HAVE_RENAME 1
| #define HAVE_RINDEX 1
| #define HAVE_SETENV 1
| #define HAVE_SNPRINTF 1
| #define HAVE_SIGSETMASK 1
| #define HAVE_STPCPY 1
| #define HAVE_STPNCPY 1
| #define HAVE_STRCASECMP 1
| #define HAVE_STRCHR 1
| #define HAVE_STRDUP 1
| #define HAVE_STRNCASECMP 1
| #define HAVE_STRNDUP 1
| #define HAVE_STRRCHR 1
| #define HAVE_STRSTR 1
| #define HAVE_STRTOD 1
| #define HAVE_STRTOL 1
| #define HAVE_STRTOUL 1
| #define HAVE_STRVERSCMP 1
| #define HAVE_TMPNAM 1
| #define HAVE_VASPRINTF 1
| #define HAVE_VFPRINTF 1
| #define HAVE_VPRINTF 1
| #define HAVE_VSNPRINTF 1
| #define HAVE_VSPRINTF 1
| #define HAVE_WAITPID 1
| #define STACK_DIRECTION -1
| #define HAVE_FORK 1
| #define HAVE_VFORK 1
| #define HAVE_WORKING_VFORK 1
| #define HAVE_WORKING_FORK 1
| #define HAVE___FSETLOCKING 1
| #define HAVE_CANONICALIZE_FILE_NAME 1
| #define HAVE_DUP3 1
| #define HAVE_GETRUSAGE 1
| #define HAVE_GETTIMEOFDAY 1
| #define HAVE_ON_EXIT 1
| #define HAVE_PSIGNAL 1
| #define HAVE_REALPATH 1
| #define HAVE_SBRK 1
| #define HAVE_STRERROR 1
| #define HAVE_STRSIGNAL 1
| #define HAVE_SYSCONF 1
| /* end confdefs.h.  */
| /* Define table to an innocuous variant, in case <limits.h> declares table.
|    For example, HP-UX 11i <limits.h> declares gettimeofday.  */
| #define table innocuous_table
| 
| /* System header to define __stub macros and hopefully few prototypes,
|     which can conflict with char table (); below.
|     Prefer <limits.h> to <assert.h> if __STDC__ is defined, since
|     <limits.h> exists even on freestanding compilers.  */
| 
| #ifdef __STDC__
| # include <limits.h>
| #else
| # include <assert.h>
| #endif
| 
| #undef table
| 
| /* Override any GCC internal prototype to avoid an error.
|    Use char because int might match the return type of a GCC
|    builtin and then its argument prototype would still apply.  */
| #ifdef __cplusplus
| extern "C"
| #endif
| char table ();
| /* The GNU C library defines this for functions which it implements
|     to always fail with ENOSYS.  Some functions are actually named
|     something starting with __ and the normal name is an alias.  */
| #if defined __stub_table || defined __stub___table
| choke me
| #endif
| 
| int
| main ()
| {
| return table ();
|   ;
|   return 0;
| }
configure:6385: result: no
configure:6385: checking for times
configure:6385: gcc -o conftest -O1 -w -std=gnu89    conftest.c  >&5
configure:6385: $? = 0
configure:6385: result: yes
configure:6385: checking for wait3
configure:6385: gcc -o conftest -O1 -w -std=gnu89    conftest.c  >&5
configure:6385: $? = 0
configure:6385: result: yes
configure:6385: checking for wait4
configure:6385: gcc -o conftest -O1 -w -std=gnu89    conftest.c  >&5
configure:6385: $? = 0
configure:6385: result: yes
configure:6395: checking whether basename is declared
configure:6395: gcc -c -O1 -w -std=gnu89  conftest.c >&5
conftest.c: In function 'main':
conftest.c:155:10: error: 'basename' undeclared (first use in this function); did you mean 'rename'?
  155 |   (void) basename;
      |          ^~~~~~~~
      |          rename
conftest.c:155:10: note: each undeclared identifier is reported only once for each function it appears in
configure:6395: $? = 1
configure: failed program was:
| /* confdefs.h */
| #define PACKAGE_NAME ""
| #define PACKAGE_TARNAME ""
| #define PACKAGE_VERSION ""
| #define PACKAGE_STRING ""
| #define PACKAGE_BUGREPORT ""
| #define PACKAGE_URL ""
| #define STDC_HEADERS 1
| #define HAVE_SYS_TYPES_H 1
| #define HAVE_SYS_STAT_H 1
| #define HAVE_STDLIB_H 1
| #define HAVE_STRING_H 1
| #define HAVE_MEMORY_H 1
| #define HAVE_STRINGS_H 1
| #define HAVE_INTTYPES_H 1
| #define HAVE_STDINT_H 1
| #define HAVE_UNISTD_H 1
| #define HAVE_SYS_FILE_H 1
| #define HAVE_SYS_PARAM_H 1
| #define HAVE_LIMITS_H 1
| #define HAVE_STDLIB_H 1
| #define HAVE_MALLOC_H 1
| #define HAVE_STRING_H 1
| #define HAVE_UNISTD_H 1
| #define HAVE_STRINGS_H 1
| #define HAVE_SYS_TIME_H 1
| #define HAVE_TIME_H 1
| #define HAVE_SYS_RESOURCE_H 1
| #define HAVE_SYS_STAT_H 1
| #define HAVE_SYS_MMAN_H 1
| #define HAVE_FCNTL_H 1
| #define HAVE_ALLOCA_H 1
| #define HAVE_SYS_SYSINFO_H 1
| #define HAVE_STDINT_H 1
| #define HAVE_STDIO_EXT_H 1
| #define HAVE_SYS_WAIT_H 1
| #define TIME_WITH_SYS_TIME 1
| #define SIZEOF_INT 4
| #define UNSIGNED_64BIT_TYPE uint64_t
| #define HAVE_INTPTR_T 1
| #define HAVE_UINTPTR_T 1
| #define HAVE_UINTPTR_T 1
| #define HAVE_PRCTL_SET_NAME 1
| #define HAVE_ASPRINTF 1
| #define HAVE_ATEXIT 1
| #define HAVE_BASENAME 1
| #define HAVE_BCMP 1
| #define HAVE_BCOPY 1
| #define HAVE_BSEARCH 1
| #define HAVE_BZERO 1
| #define HAVE_CALLOC 1
| #define HAVE_CLOCK 1
| #define HAVE_FFS 1
| #define HAVE_GETCWD 1
| #define HAVE_GETPAGESIZE 1
| #define HAVE_GETTIMEOFDAY 1
| #define HAVE_INDEX 1
| #define HAVE_INSQUE 1
| #define HAVE_MEMCHR 1
| #define HAVE_MEMCMP 1
| #define HAVE_MEMCPY 1
| #define HAVE_MEMMEM 1
| #define HAVE_MEMMOVE 1
| #define HAVE_MEMPCPY 1
| #define HAVE_MEMSET 1
| #define HAVE_MKSTEMPS 1
| #define HAVE_PUTENV 1
| #define HAVE_RANDOM 1
| #define HAVE_RENAME 1
| #define HAVE_RINDEX 1
| #define HAVE_SETENV 1
| #define HAVE_SNPRINTF 1
| #define HAVE_SIGSETMASK 1
| #define HAVE_STPCPY 1
| #define HAVE_STPNCPY 1
| #define HAVE_STRCASECMP 1
| #define HAVE_STRCHR 1
| #define HAVE_STRDUP 1
| #define HAVE_STRNCASECMP 1
| #define HAVE_STRNDUP 1
| #define HAVE_STRRCHR 1
| #define HAVE_STRSTR 1
| #define HAVE_STRTOD 1
| #define HAVE_STRTOL 1
| #define HAVE_STRTOUL 1
| #define HAVE_STRVERSCMP 1
| #define HAVE_TMPNAM 1
| #define HAVE_VASPRINTF 1
| #define HAVE_VFPRINTF 1
| #define HAVE_VPRINTF 1
| #define HAVE_VSNPRINTF 1
| #define HAVE_VSPRINTF 1
| #define HAVE_WAITPID 1
| #define STACK_DIRECTION -1
| #define HAVE_FORK 1
| #define HAVE_VFORK 1
| #define HAVE_WORKING_VFORK 1
| #define HAVE_WORKING_FORK 1
| #define HAVE___FSETLOCKING 1
| #define HAVE_CANONICALIZE_FILE_NAME 1
| #define HAVE_DUP3 1
| #define HAVE_GETRUSAGE 1
| #define HAVE_GETTIMEOFDAY 1
| #define HAVE_ON_EXIT 1
| #define HAVE_PSIGNAL 1
| #define HAVE_REALPATH 1
| #define HAVE_SBRK 1
| #define HAVE_STRERROR 1
| #define HAVE_STRSIGNAL 1
| #define HAVE_SYSCONF 1
| #define HAVE_TIMES 1
| #define HAVE_WAIT3 1
| #define HAVE_WAIT4 1
| /* end confdefs.h.  */
| #include <stdio.h>
| #ifdef HAVE_SYS_TYPES_H
| # include <sys/types.h>
| #endif
| #ifdef HAVE_SYS_STAT_H
| # include <sys/stat.h>
| #endif
| #ifdef STDC_HEADERS
| # include <stdlib.h>
| # include <stddef.h>
| #else
| # ifdef HAVE_STDLIB_H
| #  include <stdlib.h>
| # endif
| #endif
| #ifdef HAVE_STRING_H
| # if !defined STDC_HEADERS && defined HAVE_MEMORY_H
| #  include <memory.h>
| # endif
| # include <string.h>
| #endif
| #ifdef HAVE_STRINGS_H
| # include <strings.h>
| #endif
| #ifdef HAVE_INTTYPES_H
| # include <inttypes.h>
| #endif
| #ifdef HAVE_STDINT_H
| # include <stdint.h>
| #endif
| #ifdef HAVE_UNISTD_H
| # include <unistd.h>
| #endif
| int
| main ()
| {
| #ifndef basename
| #ifdef __cplusplus
|   (void) basename((char *) 0);
| #else
|   (void) basename;
| #endif
| #endif
| 
|   ;
|   return 0;
| }
configure:6395: result: no
configure:6405: checking whether ffs is declared
configure:6405: gcc -c -O1 -w -std=gnu89  conftest.c >&5
configure:6405: $? = 0
configure:6405: result: yes
configure:6415: checking whether asprintf is declared
configure:6415: gcc -c -O1 -w -std=gnu89  conftest.c >&5
configure:6415: $? = 0
configure:6415: result: yes
configure:6425: checking whether vasprintf is declared
configure:6425: gcc -c -O1 -w -std=gnu89  conftest.c >&5
configure:6425: $? = 0
configure:6425: result: yes
configure:6435: checking whether snprintf is declared
configure:6435: gcc -c -O1 -w -std=gnu89  conftest.c >&5
configure:6435: $? = 0
configure:6435: result: yes
configure:6445: checking whether vsnprintf is declared
configure:6445: gcc -c -O1 -w -std=gnu89  conftest.c >&5
configure:6445: $? = 0
configure:6445: result: yes
configure:6456: checking whether calloc is declared
configure:6456: gcc -c -O1 -w -std=gnu89  conftest.c >&5
configure:6456: $? = 0
configure:6456: result: yes
configure:6466: checking whether getenv is declared
configure:6466: gcc -c -O1 -w -std=gnu89  conftest.c >&5
configure:6466: $? = 0
configure:6466: result: yes
configure:6476: checking whether getopt is declared
configure:6476: gcc -c -O1 -w -std=gnu89  conftest.c >&5
configure:6476: $? = 0
configure:6476: result: yes
configure:6486: checking whether malloc is declared
configure:6486: gcc -c -O1 -w -std=gnu89  conftest.c >&5
configure:6486: $? = 0
configure:6486: result: yes
configure:6496: checking whether realloc is declared
configure:6496: gcc -c -O1 -w -std=gnu89  conftest.c >&5
configure:6496: $? = 0
configure:6496: result: yes
configure:6506: checking whether sbrk is declared
configure:6506: gcc -c -O1 -w -std=gnu89  conftest.c >&5
configure:6506: $? = 0
configure:6506: result: yes
configure:6517: checking whether strverscmp is declared
configure:6517: gcc -c -O1 -w -std=gnu89  conftest.c >&5
conftest.c: In function 'main':
conftest.c:167:10: error: 'strverscmp' undeclared (first use in this function)
  167 |   (void) strverscmp;
      |          ^~~~~~~~~~
conftest.c:167:10: note: each undeclared identifier is reported only once for each function it appears in
configure:6517: $? = 1
configure: failed program was:
| /* confdefs.h */
| #define PACKAGE_NAME ""
| #define PACKAGE_TARNAME ""
| #define PACKAGE_VERSION ""
| #define PACKAGE_STRING ""
| #define PACKAGE_BUGREPORT ""
| #define PACKAGE_URL ""
| #define STDC_HEADERS 1
| #define HAVE_SYS_TYPES_H 1
| #define HAVE_SYS_STAT_H 1
| #define HAVE_STDLIB_H 1
| #define HAVE_STRING_H 1
| #define HAVE_MEMORY_H 1
| #define HAVE_STRINGS_H 1
| #define HAVE_INTTYPES_H 1
| #define HAVE_STDINT_H 1
| #define HAVE_UNISTD_H 1
| #define HAVE_SYS_FILE_H 1
| #define HAVE_SYS_PARAM_H 1
| #define HAVE_LIMITS_H 1
| #define HAVE_STDLIB_H 1
| #define HAVE_MALLOC_H 1
| #define HAVE_STRING_H 1
| #define HAVE_UNISTD_H 1
| #define HAVE_STRINGS_H 1
| #define HAVE_SYS_TIME_H 1
| #define HAVE_TIME_H 1
| #define HAVE_SYS_RESOURCE_H 1
| #define HAVE_SYS_STAT_H 1
| #define HAVE_SYS_MMAN_H 1
| #define HAVE_FCNTL_H 1
| #define HAVE_ALLOCA_H 1
| #define HAVE_SYS_SYSINFO_H 1
| #define HAVE_STDINT_H 1
| #define HAVE_STDIO_EXT_H 1
| #define HAVE_SYS_WAIT_H 1
| #define TIME_WITH_SYS_TIME 1
| #define SIZEOF_INT 4
| #define UNSIGNED_64BIT_TYPE uint64_t
| #define HAVE_INTPTR_T 1
| #define HAVE_UINTPTR_T 1
| #define HAVE_UINTPTR_T 1
| #define HAVE_PRCTL_SET_NAME 1
| #define HAVE_ASPRINTF 1
| #define HAVE_ATEXIT 1
| #define HAVE_BASENAME 1
| #define HAVE_BCMP 1
| #define HAVE_BCOPY 1
| #define HAVE_BSEARCH 1
| #define HAVE_BZERO 1
| #define HAVE_CALLOC 1
| #define HAVE_CLOCK 1
| #define HAVE_FFS 1
| #define HAVE_GETCWD 1
| #define HAVE_GETPAGESIZE 1
| #define HAVE_GETTIMEOFDAY 1
| #define HAVE_INDEX 1
| #define HAVE_INSQUE 1
| #define HAVE_MEMCHR 1
| #define HAVE_MEMCMP 1
| #define HAVE_MEMCPY 1
| #define HAVE_MEMMEM 1
| #define HAVE_MEMMOVE 1
| #define HAVE_MEMPCPY 1
| #define HAVE_MEMSET 1
| #define HAVE_MKSTEMPS 1
| #define HAVE_PUTENV 1
| #define HAVE_RANDOM 1
| #define HAVE_RENAME 1
| #define HAVE_RINDEX 1
| #define HAVE_SETENV 1
| #define HAVE_SNPRINTF 1
| #define HAVE_SIGSETMASK 1
| #define HAVE_STPCPY 1
| #define HAVE_STPNCPY 1
| #define HAVE_STRCASECMP 1
| #define HAVE_STRCHR 1
| #define HAVE_STRDUP 1
| #define HAVE_STRNCASECMP 1
| #define HAVE_STRNDUP 1
| #define HAVE_STRRCHR 1
| #define HAVE_STRSTR 1
| #define HAVE_STRTOD 1
| #define HAVE_STRTOL 1
| #define HAVE_STRTOUL 1
| #define HAVE_STRVERSCMP 1
| #define HAVE_TMPNAM 1
| #define HAVE_VASPRINTF 1
| #define HAVE_VFPRINTF 1
| #define HAVE_VPRINTF 1
| #define HAVE_VSNPRINTF 1
| #define HAVE_VSPRINTF 1
| #define HAVE_WAITPID 1
| #define STACK_DIRECTION -1
| #define HAVE_FORK 1
| #define HAVE_VFORK 1
| #define HAVE_WORKING_VFORK 1
| #define HAVE_WORKING_FORK 1
| #define HAVE___FSETLOCKING 1
| #define HAVE_CANONICALIZE_FILE_NAME 1
| #define HAVE_DUP3 1
| #define HAVE_GETRUSAGE 1
| #define HAVE_GETTIMEOFDAY 1
| #define HAVE_ON_EXIT 1
| #define HAVE_PSIGNAL 1
| #define HAVE_REALPATH 1
| #define HAVE_SBRK 1
| #define HAVE_STRERROR 1
| #define HAVE_STRSIGNAL 1
| #define HAVE_SYSCONF 1
| #define HAVE_TIMES 1
| #define HAVE_WAIT3 1
| #define HAVE_WAIT4 1
| #define HAVE_DECL_BASENAME 0
| #define HAVE_DECL_FFS 1
| #define HAVE_DECL_ASPRINTF 1
| #define HAVE_DECL_VASPRINTF 1
| #define HAVE_DECL_SNPRINTF 1
| #define HAVE_DECL_VSNPRINTF 1
| #define HAVE_DECL_CALLOC 1
| #define HAVE_DECL_GETENV 1
| #define HAVE_DECL_GETOPT 1
| #define HAVE_DECL_MALLOC 1
| #define HAVE_DECL_REALLOC 1
| #define HAVE_DECL_SBRK 1
| /* end confdefs.h.  */
| #include <stdio.h>
| #ifdef HAVE_SYS_TYPES_H
| # include <sys/types.h>
| #endif
| #ifdef HAVE_SYS_STAT_H
| # include <sys/stat.h>
| #endif
| #ifdef STDC_HEADERS
| # include <stdlib.h>
| # include <stddef.h>
| #else
| # ifdef HAVE_STDLIB_H
| #  include <stdlib.h>
| # endif
| #endif
| #ifdef HAVE_STRING_H
| # if !defined STDC_HEADERS && defined HAVE_MEMORY_H
| #  include <memory.h>
| # endif
| # include <string.h>
| #endif
| #ifdef HAVE_STRINGS_H
| # include <strings.h>
| #endif
| #ifdef HAVE_INTTYPES_H
| # include <inttypes.h>
| #endif
| #ifdef HAVE_STDINT_H
| # include <stdint.h>
| #endif
| #ifdef HAVE_UNISTD_H
| # include <unistd.h>
| #endif
| int
| main ()
| {
| #ifndef strverscmp
| #ifdef __cplusplus
|   (void) strverscmp;
| #else
|   (void) strverscmp;
| #endif
| #endif
| 
|   ;
|   return 0;
| }
configure:6517: result: no
configure:6528: checking whether canonicalize_file_name must be declared
configure:6559: gcc -c -O1 -w -std=gnu89  conftest.c >&5
conftest.c: In function 'main':
conftest.c:147:28: error: 'canonicalize_file_name' undeclared (first use in this function)
  147 | char *(*pfn) = (char *(*)) canonicalize_file_name
      |                            ^~~~~~~~~~~~~~~~~~~~~~
conftest.c:147:28: note: each undeclared identifier is reported only once for each function it appears in
configure:6559: $? = 1
configure: failed program was:
| /* confdefs.h */
| #define PACKAGE_NAME ""
| #define PACKAGE_TARNAME ""
| #define PACKAGE_VERSION ""
| #define PACKAGE_STRING ""
| #define PACKAGE_BUGREPORT ""
| #define PACKAGE_URL ""
| #define STDC_HEADERS 1
| #define HAVE_SYS_TYPES_H 1
| #define HAVE_SYS_STAT_H 1
| #define HAVE_STDLIB_H 1
| #define HAVE_STRING_H 1
| #define HAVE_MEMORY_H 1
| #define HAVE_STRINGS_H 1
| #define HAVE_INTTYPES_H 1
| #define HAVE_STDINT_H 1
| #define HAVE_UNISTD_H 1
| #define HAVE_SYS_FILE_H 1
| #define HAVE_SYS_PARAM_H 1
| #define HAVE_LIMITS_H 1
| #define HAVE_STDLIB_H 1
| #define HAVE_MALLOC_H 1
| #define HAVE_STRING_H 1
| #define HAVE_UNISTD_H 1
| #define HAVE_STRINGS_H 1
| #define HAVE_SYS_TIME_H 1
| #define HAVE_TIME_H 1
| #define HAVE_SYS_RESOURCE_H 1
| #define HAVE_SYS_STAT_H 1
| #define HAVE_SYS_MMAN_H 1
| #define HAVE_FCNTL_H 1
| #define HAVE_ALLOCA_H 1
| #define HAVE_SYS_SYSINFO_H 1
| #define HAVE_STDINT_H 1
| #define HAVE_STDIO_EXT_H 1
| #define HAVE_SYS_WAIT_H 1
| #define TIME_WITH_SYS_TIME 1
| #define SIZEOF_INT 4
| #define UNSIGNED_64BIT_TYPE uint64_t
| #define HAVE_INTPTR_T 1
| #define HAVE_UINTPTR_T 1
| #define HAVE_UINTPTR_T 1
| #define HAVE_PRCTL_SET_NAME 1
| #define HAVE_ASPRINTF 1
| #define HAVE_ATEXIT 1
| #define HAVE_BASENAME 1
| #define HAVE_BCMP 1
| #define HAVE_BCOPY 1
| #define HAVE_BSEARCH 1
| #define HAVE_BZERO 1
| #define HAVE_CALLOC 1
| #define HAVE_CLOCK 1
| #define HAVE_FFS 1
| #define HAVE_GETCWD 1
| #define HAVE_GETPAGESIZE 1
| #define HAVE_GETTIMEOFDAY 1
| #define HAVE_INDEX 1
| #define HAVE_INSQUE 1
| #define HAVE_MEMCHR 1
| #define HAVE_MEMCMP 1
| #define HAVE_MEMCPY 1
| #define HAVE_MEMMEM 1
| #define HAVE_MEMMOVE 1
| #define HAVE_MEMPCPY 1
| #define HAVE_MEMSET 1
| #define HAVE_MKSTEMPS 1
| #define HAVE_PUTENV 1
| #define HAVE_RANDOM 1
| #define HAVE_RENAME 1
| #define HAVE_RINDEX 1
| #define HAVE_SETENV 1
| #define HAVE_SNPRINTF 1
| #define HAVE_SIGSETMASK 1
| #define HAVE_STPCPY 1
| #define HAVE_STPNCPY 1
| #define HAVE_STRCASECMP 1
| #define HAVE_STRCHR 1
| #define HAVE_STRDUP 1
| #define HAVE_STRNCASECMP 1
| #define HAVE_STRNDUP 1
| #define HAVE_STRRCHR 1
| #define HAVE_STRSTR 1
| #define HAVE_STRTOD 1
| #define HAVE_STRTOL 1
| #define HAVE_STRTOUL 1
| #define HAVE_STRVERSCMP 1
| #define HAVE_TMPNAM 1
| #define HAVE_VASPRINTF 1
| #define HAVE_VFPRINTF 1
| #define HAVE_VPRINTF 1
| #define HAVE_VSNPRINTF 1
| #define HAVE_VSPRINTF 1
| #define HAVE_WAITPID 1
| #define STACK_DIRECTION -1
| #define HAVE_FORK 1
| #define HAVE_VFORK 1
| #define HAVE_WORKING_VFORK 1
| #define HAVE_WORKING_FORK 1
| #define HAVE___FSETLOCKING 1
| #define HAVE_CANONICALIZE_FILE_NAME 1
| #define HAVE_DUP3 1
| #define HAVE_GETRUSAGE 1
| #define HAVE_GETTIMEOFDAY 1
| #define HAVE_ON_EXIT 1
| #define HAVE_PSIGNAL 1
| #define HAVE_REALPATH 1
| #define HAVE_SBRK 1
| #define HAVE_STRERROR 1
| #define HAVE_STRSIGNAL 1
| #define HAVE_SYSCONF 1
| #define HAVE_TIMES 1
| #define HAVE_WAIT3 1
| #define HAVE_WAIT4 1
| #define HAVE_DECL_BASENAME 0
| #define HAVE_DECL_FFS 1
| #define HAVE_DECL_ASPRINTF 1
| #define HAVE_DECL_VASPRINTF 1
| #define HAVE_DECL_SNPRINTF 1
| #define HAVE_DECL_VSNPRINTF 1
| #define HAVE_DECL_CALLOC 1
| #define HAVE_DECL_GETENV 1
| #define HAVE_DECL_GETOPT 1
| #define HAVE_DECL_MALLOC 1
| #define HAVE_DECL_REALLOC 1
| #define HAVE_DECL_SBRK 1
| #define HAVE_DECL_STRVERSCMP 0
| /* end confdefs.h.  */
| 
| #include "confdefs.h"
| #include <stdio.h>
| #ifdef HAVE_STRING_H
| #include <string.h>
| #else
| #ifdef HAVE_STRINGS_H
| #include <strings.h>
| #endif
| #endif
| #ifdef HAVE_STDLIB_H
| #include <stdlib.h>
| #endif
| #ifdef HAVE_UNISTD_H
| #include <unistd.h>
| #endif
| int
| main ()
| {
| char *(*pfn) = (char *(*)) canonicalize_file_name
|   ;
|   return 0;
| }
configure:6567: result: yes
configure:6595: checking for stdlib.h
configure:6595: result: yes
configure:6595: checking for unistd.h
configure:6595: result: yes
configure:6607: checking for getpagesize
configure:6607: result: yes
configure:6616: checking for working mmap
configure:6753: gcc -o conftest -O1 -w -std=gnu89    conftest.c  >&5
configure:6753: $? = 0
configure:6753: ./conftest
configure:6753: $? = 0
configure:6763: result: yes
configure:6774: checking for working strncmp
configure:6846: gcc -o conftest -O1 -w -std=gnu89    conftest.c  >&5
configure:6846: $? = 0
configure:6846: ./conftest
configure:6846: $? = 0
configure:6857: result: yes
configure:6954: updating cache ./config.cache
configure:6992: creating ./config.status

## ---------------------- ##
## Running config.status. ##
## ---------------------- ##

This file was extended by config.status, which was
generated by GNU Autoconf 2.64.  Invocation command line was

  CONFIG_FILES    = 
  CONFIG_HEADERS  = 
  CONFIG_LINKS    = 
  CONFIG_COMMANDS = 
  $ ./config.status 

on legion

config.status:986: creating Makefile
config.status:986: creating testsuite/Makefile
config.status:986: creating config.h
config.status:1164: executing default commands

## ---------------- ##
## Cache variables. ##
## ---------------- ##

ac_cv_build=x86_64-unknown-linux-gnu
ac_cv_c_bigendian=no
ac_cv_c_compiler_gnu=yes
ac_cv_c_const=yes
ac_cv_c_inline=inline
ac_cv_c_stack_direction=-1
ac_cv_env_CC_set=set
ac_cv_env_CC_value=gcc
ac_cv_env_CFLAGS_set=set
ac_cv_env_CFLAGS_value='-O1 -w -std=gnu89'
ac_cv_env_CPPFLAGS_set=
ac_cv_env_CPPFLAGS_value=
ac_cv_env_CPP_set=
ac_cv_env_CPP_value=
ac_cv_env_LDFLAGS_set=set
ac_cv_env_LDFLAGS_value=' '
ac_cv_env_LIBS_set=
ac_cv_env_LIBS_value=
ac_cv_env_build_alias_set=set
ac_cv_env_build_alias_value=x86_64-unknown-linux-gnu
ac_cv_env_host_alias_set=set
ac_cv_env_host_alias_value=x86_64-unknown-linux-gnu
ac_cv_env_target_alias_set=set
ac_cv_env_target_alias_value=tic54x-coff
ac_cv_func___fsetlocking=yes
ac_cv_func__doprnt=no
ac_cv_func_asprintf=yes
ac_cv_func_atexit=yes
ac_cv_func_basename=yes
ac_cv_func_bcmp=yes
ac_cv_func_bcopy=yes
ac_cv_func_bsearch=yes
ac_cv_func_bzero=yes
ac_cv_func_calloc=yes
ac_cv_func_canonicalize_file_name=yes
ac_cv_func_clock=yes
ac_cv_func_dup3=yes
ac_cv_func_ffs=yes
ac_cv_func_fork=yes
ac_cv_func_fork_works=yes
ac_cv_func_getcwd=yes
ac_cv_func_getpagesize=yes
ac_cv_func_getrusage=yes
ac_cv_func_getsysinfo=no
ac_cv_func_gettimeofday=yes
ac_cv_func_index=yes
ac_cv_func_insque=yes
ac_cv_func_memchr=yes
ac_cv_func_memcmp=yes
ac_cv_func_memcpy=yes
ac_cv_func_memmem=yes
ac_cv_func_memmove=yes
ac_cv_func_mempcpy=yes
ac_cv_func_memset=yes
ac_cv_func_mkstemps=yes
ac_cv_func_mmap_fixed_mapped=yes
ac_cv_func_on_exit=yes
ac_cv_func_psignal=yes
ac_cv_func_pstat_getdynamic=no
ac_cv_func_pstat_getstatic=no
ac_cv_func_putenv=yes
ac_cv_func_random=yes
ac_cv_func_realpath=yes
ac_cv_func_rename=yes
ac_cv_func_rindex=yes
ac_cv_func_sbrk=yes
ac_cv_func_setenv=yes
ac_cv_func_setproctitle=no
ac_cv_func_sigsetmask=yes
ac_cv_func_snprintf=yes
ac_cv_func_spawnve=no
ac_cv_func_spawnvpe=no
ac_cv_func_stpcpy=yes
ac_cv_func_stpncpy=yes
ac_cv_func_strcasecmp=yes
ac_cv_func_strchr=yes
ac_cv_func_strdup=yes
ac_cv_func_strerror=yes
ac_cv_func_strncasecmp=yes
ac_cv_func_strncmp_works=yes
ac_cv_func_strndup=yes
ac_cv_func_strrchr=yes
ac_cv_func_strsignal=yes
ac_cv_func_strstr=yes
ac_cv_func_strtod=yes
ac_cv_func_strtol=yes
ac_cv_func_strtoul=yes
ac_cv_func_strverscmp=yes
ac_cv_func_sysconf=yes
ac_cv_func_sysctl=no
ac_cv_func_sysmp=no
ac_cv_func_table=no
ac_cv_func_times=yes
ac_cv_func_tmpnam=yes
ac_cv_func_vasprintf=yes
ac_cv_func_vfork=yes
ac_cv_func_vfork_works=yes
ac_cv_func_vfprintf=yes
ac_cv_func_vprintf=yes
ac_cv_func_vsnprintf=yes
ac_cv_func_vsprintf=yes
ac_cv_func_wait3=yes
ac_cv_func_wait4=yes
ac_cv_func_waitpid=yes
ac_cv_have_decl_asprintf=yes
ac_cv_have_decl_basename_char_p_=no
ac_cv_have_decl_calloc=yes
ac_cv_have_decl_ffs=yes
ac_cv_have_decl_getenv=yes
ac_cv_have_decl_getopt=yes
ac_cv_have_decl_malloc=yes
ac_cv_have_decl_realloc=yes
ac_cv_have_decl_sbrk=yes
ac_cv_have_decl_snprintf=yes
ac_cv_have_decl_strverscmp=no
ac_cv_have_decl_vasprintf=yes
ac_cv_have_decl_vsnprintf=yes
ac_cv_header_alloca_h=yes
ac_cv_header_fcntl_h=yes
ac_cv_header_inttypes_h=yes
ac_cv_header_limits_h=yes
ac_cv_header_machine_hal_sysinfo_h=no
ac_cv_header_malloc_h=yes
ac_cv_header_memory_h=yes
ac_cv_header_process_h=no
ac_cv_header_stdc=yes
ac_cv_header_stdint_h=yes
ac_cv_header_stdio_ext_h=yes
ac_cv_header_stdlib_h=yes
ac_cv_header_string_h=yes
ac_cv_header_strings_h=yes
ac_cv_header_sys_file_h=yes
ac_cv_header_sys_mman_h=yes
ac_cv_header_sys_param_h=yes
ac_cv_header_sys_pstat_h=no
ac_cv_header_sys_resource_h=yes
ac_cv_header_sys_stat_h=yes
ac_cv_header_sys_sysctl_h=no
ac_cv_header_sys_sysinfo_h=yes
ac_cv_header_sys_sysmp_h=no
ac_cv_header_sys_systemcfg_h=no
ac_cv_header_sys_table_h=no
ac_cv_header_sys_time_h=yes
ac_cv_header_sys_types_h=yes
ac_cv_header_sys_wait_h=yes
ac_cv_header_time=yes
ac_cv_header_time_h=yes
ac_cv_header_unistd_h=yes
ac_cv_header_vfork_h=no
ac_cv_host=x86_64-unknown-linux-gnu
ac_cv_objext=o
ac_cv_os_cray=no
ac_cv_path_EGREP='/usr/bin/grep -E'
ac_cv_path_GREP=/usr/bin/grep
ac_cv_path_install='/usr/bin/install -c'
ac_cv_prog_AR=ar
ac_cv_prog_CC=gcc
ac_cv_prog_CPP='gcc -E'
ac_cv_prog_MAKEINFO=true
ac_cv_prog_PERL=perl
ac_cv_prog_RANLIB=ranlib
ac_cv_prog_cc_c89=
ac_cv_prog_cc_g=yes
ac_cv_prog_cc_gcc_c_o=yes
ac_cv_search_strerror='none required'
ac_cv_sizeof_int=4
ac_cv_sys_file_offset_bits=no
ac_cv_sys_largefile_CC=no
ac_cv_type_intptr_t=yes
ac_cv_type_pid_t=yes
ac_cv_type_ssize_t=yes
ac_cv_type_uintptr_t=yes
acx_cv_prog_cc_pedantic_=yes
acx_cv_prog_cc_warning__W=yes
acx_cv_prog_cc_warning__Wall=yes
acx_cv_prog_cc_warning__Wcpp_compat=yes
acx_cv_prog_cc_warning__Wstrict_prototypes=yes
acx_cv_prog_cc_warning__Wwrite_strings=yes
liberty_cv_uint64=uint64_t
libiberty_cv_decl_needed_canonicalize_file_name=yes
libiberty_cv_declare_errno=no
libiberty_cv_var_sys_errlist=no
libiberty_cv_var_sys_nerr=no
libiberty_cv_var_sys_siglist=no

## ----------------- ##
## Output variables. ##
## ----------------- ##

AR='ar'
BUILD_INFO='info'
CC='gcc'
CFLAGS='-O1 -w -std=gnu89'
CHECK='really-check'
CPP='gcc -E'
CPPFLAGS=''
DEFS='-DHAVE_CONFIG_H'
ECHO_C=''
ECHO_N='-n'
ECHO_T=''
EGREP='/usr/bin/grep -E'
EXEEXT=''
GREP='/usr/bin/grep'
HAVE_PERL=''
INSTALL_DATA='${INSTALL} -m 644'
INSTALL_DEST='libdir'
INSTALL_PROGRAM='${INSTALL}'
INSTALL_SCRIPT='${INSTALL}'
LDFLAGS=' '
LIBOBJS=' ${LIBOBJDIR}./setproctitle$U.o'
LIBS=''
LTLIBOBJS=' ${LIBOBJDIR}./setproctitle$U.lo'
MAINT='#'
MAKEINFO='true'
NOTMAINT=''
NO_MINUS_C_MINUS_O=''
OBJEXT='o'
OUTPUT_OPTION='-o $@'
PACKAGE_BUGREPORT=''
PACKAGE_NAME=''
PACKAGE_STRING=''
PACKAGE_TARNAME=''
PACKAGE_URL=''
PACKAGE_VERSION=''
PATH_SEPARATOR=':'
PERL='perl'
PICFLAG=''
RANLIB='ranlib'
SHELL='/bin/bash'
ac_ct_CC=''
ac_libiberty_warn_cflags='-W -Wall -Wwrite-strings -Wc++-compat -Wstrict-prototypes -pedantic '
bindir='${exec_prefix}/bin'
build='x86_64-unknown-linux-gnu'
build_alias='x86_64-unknown-linux-gnu'
build_cpu='x86_64'
build_os='linux-gnu'
build_vendor='unknown'
datadir='${datarootdir}'
datarootdir='${prefix}/share'
docdir='${datarootdir}/doc/${PACKAGE}'
dvidir='${docdir}'
exec_prefix='${prefix}'
host='x86_64-unknown-linux-gnu'
host_alias='x86_64-unknown-linux-gnu'
host_cpu='x86_64'
host_os='linux-gnu'
host_vendor='unknown'
htmldir='${docdir}'
includedir='${prefix}/include'
infodir='${datarootdir}/info'
libdir='${exec_prefix}/lib'
libexecdir='${exec_prefix}/libexec'
libiberty_topdir='../../binutils-2.21.1/libiberty/..'
localedir='${datarootdir}/locale'
localstatedir='${prefix}/var'
mandir='${datarootdir}/man'
oldincludedir='/usr/include'
pdfdir='${docdir}'
pexecute='pex-unix'
prefix='/usr/local'
program_transform_name='s&^&tic54x-coff-&'
psdir='${docdir}'
sbindir='${exec_prefix}/sbin'
sharedstatedir='${prefix}/com'
sysconfdir='${prefix}/etc'
target_alias='tic54x-coff'
target_header_dir=''

## ------------------- ##
## File substitutions. ##
## ------------------- ##

host_makefile_frag='xhost-mkfrag'

## ----------- ##
## confdefs.h. ##
## ----------- ##

/* confdefs.h */
#define PACKAGE_NAME ""
#define PACKAGE_TARNAME ""
#define PACKAGE_VERSION ""
#define PACKAGE_STRING ""
#define PACKAGE_BUGREPORT ""
#define PACKAGE_URL ""
#define STDC_HEADERS 1
#define HAVE_SYS_TYPES_H 1
#define HAVE_SYS_STAT_H 1
#define HAVE_STDLIB_H 1
#define HAVE_STRING_H 1
#define HAVE_MEMORY_H 1
#define HAVE_STRINGS_H 1
#define HAVE_INTTYPES_H 1
#define HAVE_STDINT_H 1
#define HAVE_UNISTD_H 1
#define HAVE_SYS_FILE_H 1
#define HAVE_SYS_PARAM_H 1
#define HAVE_LIMITS_H 1
#define HAVE_STDLIB_H 1
#define HAVE_MALLOC_H 1
#define HAVE_STRING_H 1
#define HAVE_UNISTD_H 1
#define HAVE_STRINGS_H 1
#define HAVE_SYS_TIME_H 1
#define HAVE_TIME_H 1
#define HAVE_SYS_RESOURCE_H 1
#define HAVE_SYS_STAT_H 1
#define HAVE_SYS_MMAN_H 1
#define HAVE_FCNTL_H 1
#define HAVE_ALLOCA_H 1
#define HAVE_SYS_SYSINFO_H 1
#define HAVE_STDINT_H 1
#define HAVE_STDIO_EXT_H 1
#define HAVE_SYS_WAIT_H 1
#define TIME_WITH_SYS_TIME 1
#define SIZEOF_INT 4
#define UNSIGNED_64BIT_TYPE uint64_t
#define HAVE_INTPTR_T 1
#define HAVE_UINTPTR_T 1
#define HAVE_UINTPTR_T 1
#define HAVE_PRCTL_SET_NAME 1
#define HAVE_ASPRINTF 1
#define HAVE_ATEXIT 1
#define HAVE_BASENAME 1
#define HAVE_BCMP 1
#define HAVE_BCOPY 1
#define HAVE_BSEARCH 1
#define HAVE_BZERO 1
#define HAVE_CALLOC 1
#define HAVE_CLOCK 1
#define HAVE_FFS 1
#define HAVE_GETCWD 1
#define HAVE_GETPAGESIZE 1
#define HAVE_GETTIMEOFDAY 1
#define HAVE_INDEX 1
#define HAVE_INSQUE 1
#define HAVE_MEMCHR 1
#define HAVE_MEMCMP 1
#define HAVE_MEMCPY 1
#define HAVE_MEMMEM 1
#define HAVE_MEMMOVE 1
#define HAVE_MEMPCPY 1
#define HAVE_MEMSET 1
#define HAVE_MKSTEMPS 1
#define HAVE_PUTENV 1
#define HAVE_RANDOM 1
#define HAVE_RENAME 1
#define HAVE_RINDEX 1
#define HAVE_SETENV 1
#define HAVE_SNPRINTF 1
#define HAVE_SIGSETMASK 1
#define HAVE_STPCPY 1
#define HAVE_STPNCPY 1
#define HAVE_STRCASECMP 1
#define HAVE_STRCHR 1
#define HAVE_STRDUP 1
#define HAVE_STRNCASECMP 1
#define HAVE_STRNDUP 1
#define HAVE_STRRCHR 1
#define HAVE_STRSTR 1
#define HAVE_STRTOD 1
#define HAVE_STRTOL 1
#define HAVE_STRTOUL 1
#define HAVE_STRVERSCMP 1
#define HAVE_TMPNAM 1
#define HAVE_VASPRINTF 1
#define HAVE_VFPRINTF 1
#define HAVE_VPRINTF 1
#define HAVE_VSNPRINTF 1
#define HAVE_VSPRINTF 1
#define HAVE_WAITPID 1
#define STACK_DIRECTION -1
#define HAVE_FORK 1
#define HAVE_VFORK 1
#define HAVE_WORKING_VFORK 1
#define HAVE_WORKING_FORK 1
#define HAVE___FSETLOCKING 1
#define HAVE_CANONICALIZE_FILE_NAME 1
#define HAVE_DUP3 1
#define HAVE_GETRUSAGE 1
#define HAVE_GETTIMEOFDAY 1
#define HAVE_ON_EXIT 1
#define HAVE_PSIGNAL 1
#define HAVE_REALPATH 1
#define HAVE_SBRK 1
#define HAVE_STRERROR 1
#define HAVE_STRSIGNAL 1
#define HAVE_SYSCONF 1
#define HAVE_TIMES 1
#define HAVE_WAIT3 1
#define HAVE_WAIT4 1
#define HAVE_DECL_BASENAME 0
#define HAVE_DECL_FFS 1
#define HAVE_DECL_ASPRINTF 1
#define HAVE_DECL_VASPRINTF 1
#define HAVE_DECL_SNPRINTF 1
#define HAVE_DECL_VSNPRINTF 1
#define HAVE_DECL_CALLOC 1
#define HAVE_DECL_GETENV 1
#define HAVE_DECL_GETOPT 1
#define HAVE_DECL_MALLOC 1
#define HAVE_DECL_REALLOC 1
#define HAVE_DECL_SBRK 1
#define HAVE_DECL_STRVERSCMP 0
#define NEED_DECLARATION_CANONICALIZE_FILE_NAME 1
#define HAVE_STDLIB_H 1
#define HAVE_UNISTD_H 1
#define HAVE_GETPAGESIZE 1
#define HAVE_MMAP 1

configure: exit 0
